file,bytes,sha256
.gitattributes,31,f0eeb89274c00e6f53156f7e4eea733f5db1c30ca8af22a09492273bb258152e
.gitignore,51,3ffd0f4e87f3d8341101332a2d669c14ae5f8548f05f4d50237aaeeceb149b44
DATA_AVAILABILITY.md,851,0e5bfca9e95c522801cef499d34209520e6dbb05dfd7250eb1855a77e08c4978
DATA_LICENSE.md,445,73bacc784958adf696dcce872c0ac9d50990e47522ba413c76247fb21ebcc591
ENVIRONMENT.md,3754,487cbc67893a98dd8825d46b59999253d9c867a304fd9e287ec8cf163140a7ee
LICENSE,1068,9f1abe28a25b5f6f95c58a81a647de3fa72ff6388d228c59bddd079255709989
OUTPUT_INDEX.md,8407,1aeb75253f2b05a64ef6f60d03f0ce030a615b68d6a7f6ce3622eb80be078577
README.md,5464,0a5708714e63e6c9b1d5c5055b5d6c7f8f4e07493d2abfe7306aaa25766f7210
SOURCE_DATA.md,3624,348a794ba6761fb293eed72fd2083433f345917b58f14af8d4d05f5e3ad171a1
code/find_rscript.py,1976,5eb4218e7d66cfd740fd1f27a1181b6b6bf5bcd2cfb5becbc5dd25d3cf8873cb
code/main/Figure_1.R,9903,e0331e1e0bb265e5197e52d87f2941ce2faf8a54ca424bbae663ce21fd694010
code/main/Figure_2.R,6570,608bf2ad653fd0006ba1418e2e65c4bb70df6f4f93fdaf0a679673248a82b14b
code/main/Figure_3.py,7557,cac489c0388a338508c484265d2b72280a4c8c2fae94f5711a1a8b63924f7c5b
code/main/Figure_4.R,9833,4deeb9811a7830647402e94503791f4ba50adc4f088ad3b37c0890c003b973ff
code/main/Figure_5.py,25425,1e20cce905d37ea599c7afb3201e6ef32920e7af0668f42ffc29a6272e032bac
code/main/Figure_6.R,12499,1ceb03e0d829d6f53bf767ff25356462b60d9954d6e74286d75180439a9070a9
code/main_figure_manifest.csv,154,4cf136ea4938510d3652fceb12f5163c1df4d53e69e0017d943776aab83e26e8
code/release_info.json,522,ffc5af1f2b0c2c64808720a1971eb7838ec4a744861c1f334db52bfa3a8afc8b
code/requirements-tested.txt,287,1e4a3362be362f164c4f661520ef5e92d75e7a39dde0db3d1e1c91697152b331
code/requirements.txt,98,45f16e98b7bbbe4bf670afbfb033d71e557407c2c9ab1e3a311bcff2e5f9b466
code/run,905,e21164951db8e7b65112b38794e996c52a3a244391030711e24e43961e1ff029
code/run_public.py,8057,2d05838ab629a5845c9fa27e2b8c12b32c0eae6f6debd296164c11691c7aae1e
code/setup.R,1234,850d402ba27710c6297f2d83e038ac1ca549a2ae9a8e070aacaaa6c6b0a7e1e4
code/supplementary/Supp_Fig_01.py,4984,bceecd9c72a11549a110a3288aceb8895f2e97eacb58e5678fff9bad877be9fd
code/supplementary/Supp_Fig_02.py,7209,a45f760706875ac4a947fdec1a6bac795517992d808d219618aef8913496b981
code/supplementary/Supp_Fig_03.py,6991,fc38c3a426a05a280c025fa5c1a7fb105feaf4deb80644b086b9b361d967814e
code/supplementary/Supp_Fig_04.py,1661,ad1ba657a3cf8c2186d38db5bdb22ab77b359d33a4fcd1fa79bad044e31e1971
code/supplementary/Supp_Fig_05.py,5676,31a76ce441fa86b8381eec26a7e4cecaef37130c211a78f83c27e046e49be30e
code/supplementary/Supp_Fig_06.py,4053,c0455e457f070264a6da809142d0c836d5e55d3e8e3b80548e918fdd79ff6a57
code/supplementary/Supp_Fig_07.R,13625,0cc3a4000b6e23668ff93d9a44975ea00d1b81582a2ee0fe4fae5eee8eefd546
code/supplementary/Supp_Fig_08.py,6844,d46b50b3a0e514a5b53e5f564c92395ed443ea957378b40809604cb86778eefd
code/supplementary/Supp_Fig_09.R,4684,3c3a6979c8ea7e25f083f7c0cc5266cb57b94403bc62e435715f51b19d450d98
code/supplementary/Supp_Fig_10.R,6662,0c710c3c6f9eb55d88aec05ea1e1f4a48fd95799227c3b847929d652fb585aed
code/supplementary/Supp_Fig_11.R,7662,c97630f30fa0c1e74cdc67cbcb5aec8311b875cdea3119c9327f12c12a5391f4
code/supplementary/Supp_Fig_12.R,7036,fbe0b8459a1b7e5c6c69acd8eac734b1402d5999fa31b44f7c8cc340b89e8c79
code/supplementary/Supp_Fig_13.R,7027,c26813603333918bf8f3930bf1846d35417a093621c620213a78286191447dcd
code/supplementary/Supp_Fig_14.R,6742,d0ba7b9475e122ea933621d75986fe7b9fdc5786cf80fe0540a74a396dbcfa06
code/supplementary/Supp_Fig_15.py,3496,5d5f25f7c4ce782a2d84ad7713d4f574643ed34b2c98ad96f62f21da4ca4655d
code/supplementary/Supp_Fig_16.py,6462,190a643846434cf5710350fd445cceb485f9de52f9b9607db027930ccc3f798c
code/supplementary/Supp_Fig_17.R,6990,3a63d620bd0c6c2a646859e73ac99cae999d37ff11b51048283dbae5524d135a
code/supplementary/Supp_Fig_18.R,8632,824dedfdf550a03ae35dc31c43a83ee169a5f098eb019754e4a2113fc5103ee0
code/supplementary/Supp_Fig_19.py,9118,7e48d37773fdcde52ba7eb837d97abe434a447817bae373c7962cd1ccfc7d9ab
code/supplementary/Supp_Fig_20.py,2174,af747f7588dcee73ac59cb939e54f8c5374592637a18721b82b36403ecae8d7d
code/supplementary/Supp_Fig_21.py,6826,aa220cd18fa51f06df230c24bc51990a7d342d99878f5f1c1ceb99dbd47aefca
code/supplementary/Supp_Fig_22.py,8612,637c515d4509211f4db9c8b885fbd6e4070bf454b4f41b28e7ba73ceff7025f4
code/supplementary/Supp_Fig_23.py,6472,ad9472100a1da177091e8ae53610cf6e73ed5d40702d9fec1a71c10406b69d78
code/supplementary/Supp_Fig_24.R,4091,c82f7bf03a14e9e8ce0ba38c2baa9128260230415670f5fece21867d273863ee
code/supplementary/Supp_Fig_25.R,3400,dfce4fa1ea88a950a5f4590c2054b5603e4ce1fcc14c7cad4c56365f91f31699
code/supplementary/Supp_Fig_26.R,3802,af6378e6820be2b1edbf9fbf4d736616bae52b036878777eac11e16f485df9a2
code/supplementary/Supp_Fig_27.R,4600,bce960ad63e260ec0855f415ccead907dbb160c163e035f3fc7637b27703750d
code/supplementary/Supplementary_Tables.py,3081,093b274cd3798a17f277f767ce193f05ec4896eed8dfc5ffe7b840ce1632efb4
code/supplementary_figure_manifest.csv,706,db5328573bae75f5de621085460e2b2a3952daaf6e18d07768b20303a476794d
code/supplementary_table_index.csv,3858,219c989b0d56575d0df99815650cb6c8c856f9e9e53668010c6b950ba4ff120a
code/validate_public_inputs.py,12594,9f6c1ad409744fec787378cf7f9e81a456707a4bc227fdbcf72b8c502813b133
data/README.md,357,0db3aa6ebd7d85a73dd876fec7175886507588ed1440deec51e438708e6d36f9
data/non-confidential/aggregate_main/Figure5_panel_f_source_data.csv,714,d2bf870231b4c14dba7c655dabafea236f74577fe5fd6da5f107949f8c360a0c
data/non-confidential/aggregate_main/figure1_plot_data.csv,1658,d4758a9ea450f7b55e5c7119c328fe02a97169a7871e4200d67e9559fdf13acf
data/non-confidential/aggregate_main/figure2_pairwise_tests.csv,320,e3967b230d6cba7ae2d26cc1d4fd635dc24a33121ec442c56c4c2be2b73bafef
data/non-confidential/aggregate_main/figure2_plot_data.csv,764,be85d3b791a55973e140a77eb57d87e81f61910eee7f07d34d56141ac8d081d0
data/non-confidential/aggregate_main/figure3_plot_data.csv,5322,0e043d05860116d17f892bce26a5d54a59ef55a55a7677715076993e5fd8d2c9
data/non-confidential/aggregate_main/figure4_plot_data.csv,1008,f17d5063978452dc393f782167014d7b23eba42e56293445139ed308619c63ef
data/non-confidential/aggregate_main/figure5_panel_e_slopes.csv,450,c2b0910c8ae7c34df68c0c5714b293a5b95ddb7114021a01abc4805294072589
data/non-confidential/aggregate_main/figure5_panel_g.csv,1370,e6efcf1c3a21d1ff9f345e111a5b49abce2ed4cfa11a37f06691138571a0cc11
data/non-confidential/aggregate_main/figure5_plot_data.csv,32288,84abdbf7082d271948926c67d6ea8828e4a0564d19ff33a89191ecae4469a0b1
data/non-confidential/aggregate_main/figure6_plot_data.csv,1437,101a797b0efc6499e42e2576768121e4fe2e59f10fb2bb1cd0bb289fefcbdde6
data/non-confidential/aggregate_supplementary/financing_current_income_counts.csv,925,db05edfdcb1d63830d0d022d0ee25bb8bd70fe6f0858f03c20ba341d34ab3701
data/non-confidential/aggregate_supplementary/supp_fig01_map_plot_data.csv,5208131,3680dfe0bc739a3b81aac3f806ad0b1ea24a3e09910655e8fbcd4c9b71c224e0
data/non-confidential/aggregate_supplementary/supp_fig02_distribution_data.csv,233212,2ef214d4c33c9aa6530ec9a776a46e567822babce8b74b87dd560c76ec11b9c6
data/non-confidential/aggregate_supplementary/supp_fig03_daily_flows.csv,74163,4cdb145ae40a37827d4eeb40ce22ea65bad75578203330446003e55241a9dfdc
data/non-confidential/aggregate_supplementary/supp_fig04_battery_capacity_distribution.csv,332,00753f3ce52ea19fd79864afa3a09f5203c7a3cc3d3cfa479fccda86a84c6673
data/non-confidential/aggregate_supplementary/supp_fig05_monthly_flows.csv,3644,6ffeb1ec80b05990fadb41b9f83b8f6d9653e444e2fbe91fc963dd5950f4d155
data/non-confidential/aggregate_supplementary/supp_fig06_regional_cross_section.csv,595,2aa421f306059a56ea3c55e1b8f3b1bbbf4017e29c44ddebe74869b00670a083
data/non-confidential/aggregate_supplementary/supp_fig06_survey_rounds.csv,536,1c8b168964b39bde6b550ad2a4de069fa1f6f570371083e6f8c16a0e41c7f8bf
data/non-confidential/aggregate_supplementary/supp_fig07_policy_estimates.csv,3953,90708f2ed3258ae7449d66181ab1c648b0e9ae843d53fc5ec576f050c1aa2592
data/non-confidential/aggregate_supplementary/supp_fig07_search_temperature.csv,9600,76e1a87d59d6d33753a62427982b9c2a27819a93bd36c2271c7814c514e7b37c
data/non-confidential/aggregate_supplementary/supp_fig07_temperature_bin_estimates.csv,347,e4ca361f4a796607775046df7a08a30b7a1eb6f607ebee828a5b2ed0edfd44d5
data/non-confidential/aggregate_supplementary/supp_fig08_income_benchmark_shares.csv,346,07492ca692aba0732eca541663f37cedcbc7a7cc4df906b353363ab421837cc1
data/non-confidential/aggregate_supplementary/supp_fig08_income_density.csv,52819,d4f9c51c42e47da65c01e7deb5c41c8f2ade6e3ed141715ea98fdd3ed9abe178
data/non-confidential/aggregate_supplementary/supp_fig09_timing_placebo.csv,1072,c72c74b56d2f6f721caa20cef3d6c4b42cd165342e743e378abdbd0d5e0b7668
data/non-confidential/aggregate_supplementary/supp_fig10_cross_province_placebo.csv,1535,861c4074b19fdb5e6ebb9212144ba0a9467257a35c839e74c30be523e3c0a661
data/non-confidential/aggregate_supplementary/supp_fig11_oos_monthly.csv,732,5aab9f8966d5d2efa36cf910b8af272718008262d437b2123e3bbd1cc2f2a259
data/non-confidential/aggregate_supplementary/supp_fig12_annual_heat_effects.csv,1272,c2bc8cb64b3112ae878be8a9cc70851861f4729e0acbcd061d8088d82ad583bf
data/non-confidential/aggregate_supplementary/supp_fig13_marginal_effect_curve.csv,80722,a63055fbf2d55ebc084ee1002e33ae1d6493a0910720982a119488f961985a68
data/non-confidential/aggregate_supplementary/supp_fig13_observed_penetration.csv,379,78401a7fe9311bb25639641e993c85258b00ac748564f61ea980174544a9a19a
data/non-confidential/aggregate_supplementary/supp_fig14_projection.csv,235,4efbc3599a2454af8e23e0a30ca1222093609467948371aa94ebb3e9e77cf3b6
data/non-confidential/aggregate_supplementary/supp_fig15_plot_coordinates.csv,96972,3c8e51077e6328073977eadd09d2b09c0ffafd7bd3cbd2bf093d89e1de6e863f
data/non-confidential/aggregate_supplementary/supp_fig16_propensity_density.csv,134793,80554c3dee444b66e7de3c4e582e4ead7b19493b2707c4533f5b79a404f1e456
data/non-confidential/aggregate_supplementary/supp_fig17_comparability_density.csv,3289057,f7988fa256766b9f0cf0316c68e8e8ad3f694bed21224c4a2d81fcac00226f98
data/non-confidential/aggregate_supplementary/supp_fig17_overlap_audit.csv,165,4a04be6e9126e3817e299e5475e26a03526c384543cddbf66da7859c6a07a3c3
data/non-confidential/aggregate_supplementary/supp_fig19_hourly_profile_2020.csv,2280,30202de3fade55718a67e2f7e8b269b6eb4198ace56e287aa76be02796198abb
data/non-confidential/aggregate_supplementary/supp_fig19_survey_frequencies.csv,845,d09bc7cfa4d9e9e920b28a355254f13a41cdec425b53b81abe169af18525651b
data/non-confidential/aggregate_supplementary/supp_fig20_complete_event_time.csv,27088,fbc951b58c70395e23701589bbb76ebbd870c9940377021126ca85883cc2ac70
data/non-confidential/aggregate_supplementary/supp_fig21_source.csv,2683,34e89d82eb2fa58ab3118b06630da12da828b5c9ed5f3cc43fcb812b0e933aac
data/non-confidential/aggregate_supplementary/supp_fig22_source.csv,17601,7a126c12d9e9cff48812e6d3bab21ffc0e90aada6da64166a714f9f7cbeba954
data/non-confidential/aggregate_supplementary/supp_fig23_source.csv,3610,d81a292b8d295da424ba7efdb40e29602d7f65ff7c2b440dc52a501180fe81da
data/non-confidential/aggregate_supplementary/supp_fig24_daily_rrpv_bs_plot.csv,3506615,c93738237daaca20626fe847ffca0f49232e12a9684bd34c6db1bf979e945d09
data/non-confidential/aggregate_supplementary/supp_fig24_daily_rrpv_only_plot.csv,3354769,65bdc58ed3d5810f7ced7d55b8cf1ccbc3aac89882591b9ef0bd8d142dae51aa
data/non-confidential/aggregate_supplementary/supp_fig24_hourly_plot.csv,2319068,6617ad78705b46e526392f7d3c110bf77ce326c9a048eaca593962158031a6b2
data/non-confidential/aggregate_supplementary/supp_fig24_validation_metrics.csv,625,e5e376ad03ddc709a858e095a6f039403386ce77d40f6ac80eb7cc2c0cb874d4
data/non-confidential/aggregate_supplementary/supp_fig25_hourly_load_metrics.csv,299,742627560714fa521097c2ad1bd0f866d5aaf001ba7fc19a8142b8ce5b096499
data/non-confidential/aggregate_supplementary/supp_fig25_hourly_load_plot.csv,3271368,4c91dd6dd331b29cddd7262bbf931fb60e6836b6e4853f3b61c360fb1ed0c83d
data/non-confidential/aggregate_supplementary/supp_fig26_hourly_flow_composition.csv,5076,30a3aac5fd071381477501144e8bd3f60dc03fd70e708e84b5d816efdabe50fa
data/non-confidential/aggregate_supplementary/supp_fig27_battery_dispatch_metrics.csv,1098,b2c866d1a4fba3e6d6e07b981c45d066925fd511ff5bfabe154820ca69ede167
data/non-confidential/aggregate_supplementary/supp_fig27_battery_dispatch_plot.csv,6551923,f8f5e6c1bd34fb10c7997e181ab37367ad3147872c5beb8fd814544a93d4ab80
data/non-confidential/aggregate_supplementary/supp_table01.csv,289,e7f341effa196405aaf74b3902647721d1a49acda90fcc089276baf2da76b1b4
data/non-confidential/aggregate_supplementary/supp_table02.csv,393,e5f50fca5877cb96035534b7f656174652486a88c5527d8e2bcb061dfcdc09de
data/non-confidential/aggregate_supplementary/supp_table03_panelA.csv,197,ebf2dc3b2cbdbe4cda701e59a36edd06e57038f754248978394cfa9c0c6c4350
data/non-confidential/aggregate_supplementary/supp_table03_panelB.csv,471,0fab36f19c9564161ad61861615cc308a1f2f3d6ebc572b50c6657b23aedb1c4
data/non-confidential/aggregate_supplementary/supp_table04.csv,536,1c8b168964b39bde6b550ad2a4de069fa1f6f570371083e6f8c16a0e41c7f8bf
data/non-confidential/aggregate_supplementary/supp_table05.csv,2173,5007b31f8c87ed28dd0aaa073a2a1db019f9f22ee814f082359a65d2b87912f0
data/non-confidential/aggregate_supplementary/supp_table06.csv,2013,073cc58ef862d1dc0270ae220676c630a35b7a756d539390b96af0c23583f1ce
data/non-confidential/aggregate_supplementary/supp_table07.csv,1932,fbc57a4d23f8d7c0bed76aaa9db82033a513ab39f0cc96dab0c3c7a56406453f
data/non-confidential/aggregate_supplementary/supp_table08.csv,31167,499c7b36edea2576b6182eae5391888b419d868c8f5b520ef57830416180187c
data/non-confidential/aggregate_supplementary/supp_table09.csv,171,14fc7f79784cff12ba0e5ce893f25fc78dbb89a9bb6342114049b8fdf6af44fc
data/non-confidential/aggregate_supplementary/supp_table10.csv,803,e4baf51c37c2cd14efa01d92651842e0ac866437f846ee1f389399aab8dc9429
data/non-confidential/aggregate_supplementary/supp_table11.csv,4288,bdc24e14569e4a4ecf3044831cdeda5091c2faa026627c8e9bdce64b4ad705c7
data/non-confidential/aggregate_supplementary/supp_table12.csv,1692,9963195f64380cc3dcee13175eae9485a6826ebc4a464d6f927f18a54006e46e
data/non-confidential/aggregate_supplementary/supp_table13.csv,8346,c4b8ef881f98fb7e2c451a467b7b897d2fe17cef8088af1dc2c39de98c4556c9
data/non-confidential/aggregate_supplementary/supp_table14.csv,3817,8e5db5bf2f4daf224c6970f2afd8819c44eaed8cb670dd1ab846c8b1fa17e471
data/non-confidential/aggregate_supplementary/supp_table15.csv,792,f44e6b3f772504a6b2475e51c9c941d4fb11f7e75dfc481debd7dc3a2bcf6063
data/non-confidential/aggregate_supplementary/supp_table16.csv,2426,b93af1c22a23e5902c16e83fa21c01d19356ca9a29f5c9a0f2e79b971d9c097b
data/non-confidential/aggregate_supplementary/supp_table17.csv,7178,27785f7b0f2386ff64b15ce81e2ee9561473b1c27fa0588117765408dd7029f6
data/non-confidential/aggregate_supplementary/supp_table18.csv,540,69b34675cc2a7cabf2c50c2d9440caaf540a425a934ce4839c9d136dd8ca1ddc
data/non-confidential/aggregate_supplementary/supp_table19.csv,30979,047d1622f79975c7957d2b6a49c6d7d8406514a04b4789935a50a76f4de9f996
data/non-confidential/aggregate_supplementary/supp_table20.csv,2826,e0a4cae6d4ce1c8343c4f83c642f2b849ce0b434d27696f201257852a3d91ed3
data/non-confidential/aggregate_supplementary/supp_table21.csv,366,5181334059ee6cc4b6398c57db3032d4b7896cedfe64c183a0b3bd74c8acd37d
data/non-confidential/aggregate_supplementary/supp_table22.csv,341,8865ea4f91ff738fb1f44c6c90a9c74aa934918efd80d88a8b1ce1cbe8443896
data/non-confidential/aggregate_supplementary/supp_table23.csv,170,9fefd90a9bae7988120dbbb08e381557cc6aab53d9d7d39d083cb1b6720e5089
data/non-confidential/aggregate_supplementary/supp_table24.csv,328,5cb69cae894428b1699b616199615be782268bdc01603dc3166389b4ec6233a0
data/non-confidential/aggregate_supplementary/supp_table25.csv,692,7f09c53e6074a5d83a2f3625f35550485a8f2b72922db7c13998aa8223cd8815
data/non-confidential/aggregate_supplementary/supp_table26.csv,8132,03f3c3d3db4477b08e9f1ceb83dd73ac9836fd01db7536d4a9b26ff54a7c386f
data/non-confidential/aggregate_supplementary/supp_table27.csv,733,7c9fcd96f8a984ec01c5c17f005ff6de53084cac22a0c3bf6d5ad5d070cb5036
data/non-confidential/aggregate_supplementary/supp_table28.csv,10730,5f38ac6bb79e627d1c1868dcf0222411b02d178bc12989e166a37b4d51b55c7b
data/non-confidential/aggregate_supplementary/supp_table29.csv,8331,07d29d3d54cb1e7772071295218baa990af155f524e13ccbbc98c2d80a4a446a
data/non-confidential/aggregate_supplementary/supp_table30.csv,216,b14e271a7a0fdabcceacf735222e6640547144ba2b13528d825705f99cfa0d2e
data/non-confidential/aggregate_supplementary/supp_table31.csv,4556,4c7065827f673cf2f1c76ffef3fb67736cbcf470e247f337cbd3976f71891c9f
data/non-confidential/aggregate_supplementary/supp_table32.csv,41553,6490f2a0a197ad0b61492e0109aacbd8cb9f30fba8286a56dfe230b8b0152ec9
data/non-confidential/aggregate_supplementary/supp_table33.csv,7215,5fb48dd7adf5d5cac3c0c086146b3f7dc14267cdc81e537b8a0c9dcdfa6d3dd0
data/non-confidential/aggregate_supplementary/supp_table34.csv,1529,74e3b618499eb18e9b14b6c8e31b51b7a67c15ef66cda80ba615769ac15cc21e
data/non-confidential/aggregate_supplementary/supp_table35.csv,464,177f964998e748a161bcc69bab5422bae720e00487c3c5d9612a90e5f069ffac
data/non-confidential/aggregate_supplementary/supplementary_table_notes.json,42710,1f674f434989a01fc2b7d5038497883558bebd5c9ed67ffc7c4ac0a14a8bfd7e
requirements-tested.txt,287,1e4a3362be362f164c4f661520ef5e92d75e7a39dde0db3d1e1c91697152b331
requirements.txt,98,45f16e98b7bbbe4bf670afbfb033d71e557407c2c9ab1e3a311bcff2e5f9b466
run.ps1,2155,72625760dd130580d7bcf60af0a84c740b4ed3c9ede7d09597f4583bd3a12673
run.sh,145,6bc6ab4b83da7b0d9b2c9cb82ca32d9ca07e776a2667720a4f8406b7329ae63e
