figure,script,interpreter
1,Supp_Fig_01.py,python3
2,Supp_Fig_02.py,python3
3,Supp_Fig_03.py,python3
4,Supp_Fig_04.py,python3
5,Supp_Fig_05.py,python3
6,Supp_Fig_06.py,python3
7,Supp_Fig_07.R,Rscript
8,Supp_Fig_08.py,python3
9,Supp_Fig_09.R,Rscript
10,Supp_Fig_10.R,Rscript
11,Supp_Fig_11.R,Rscript
12,Supp_Fig_12.R,Rscript
13,Supp_Fig_13.R,Rscript
14,Supp_Fig_14.R,Rscript
15,Supp_Fig_15.py,python3
16,Supp_Fig_16.py,python3
17,Supp_Fig_17.R,Rscript
18,Supp_Fig_18.R,Rscript
19,Supp_Fig_19.py,python3
20,Supp_Fig_20.py,python3
21,Supp_Fig_21.py,python3
22,Supp_Fig_22.py,python3
23,Supp_Fig_23.py,python3
24,Supp_Fig_24.R,Rscript
25,Supp_Fig_25.R,Rscript
26,Supp_Fig_26.R,Rscript
27,Supp_Fig_27.R,Rscript
