system,setting,window_definition,outcome,coefficient,standard_error,confidence_low,confidence_high,p_value,observations,households,counties,cluster_level
RRPV-only,Main_std,Primary: 06:00-18:59,pv_period_load_kwh,0.0480438306128436,0.0019828925118638,0.0441573612895906,0.0519302999360967,1.21034163302672e-102,844532,1013,126,Household
RRPV-only,Main_std,Primary: 06:00-18:59,nonpv_period_load_kwh,0.0243438301803712,0.0008974257336478,0.0225848757424213,0.0261027846183211,3.18099956602175e-122,844532,1013,126,Household
RRPV-only,Main_std,Sensitivity: 06:00-17:59,pv_period_load_kwh,0.0436896371717497,0.0018346002527425,0.0400938206763742,0.0472854536671251,6.98735024369424e-100,844532,1013,126,Household
RRPV-only,Main_std,Sensitivity: 06:00-17:59,nonpv_period_load_kwh,0.0286980236214681,0.0010462696641686,0.0266473350796976,0.0307487121632385,2.71584666243228e-124,844532,1013,126,Household
RRPV-only,Main_std,Sensitivity: 07:00-17:59,pv_period_load_kwh,0.0414729593227671,0.0017355532971798,0.0380712748602945,0.0448746437852397,1.99805916185493e-100,844532,1013,126,Household
RRPV-only,Main_std,Sensitivity: 07:00-17:59,nonpv_period_load_kwh,0.0309147014704443,0.0011450334016762,0.0286704360031588,0.0331589669377298,2.3550595871023004e-121,844532,1013,126,Household
RRPV-BS,Main_std,Primary: 06:00-18:59,pv_period_load_kwh,0.0001936435496736,0.0070187036517984,-0.0135630156078513,0.0139503027071986,0.978046712322677,79832,97,41,Household
RRPV-BS,Main_std,Primary: 06:00-18:59,nonpv_period_load_kwh,0.0426901800936372,0.0054527620354381,0.0320027665041785,0.0533775936830958,6.52190017465405e-12,79832,97,41,Household
RRPV-BS,Main_std,Sensitivity: 06:00-17:59,pv_period_load_kwh,0.0039786930580675,0.0065825488045541,-0.0089231025988585,0.0168804887149937,0.546983360368803,79832,97,41,Household
RRPV-BS,Main_std,Sensitivity: 06:00-17:59,nonpv_period_load_kwh,0.0389051305852504,0.0054645073373414,0.0281946962040612,0.0496155649664396,1.9695034186227001e-10,79832,97,41,Household
RRPV-BS,Main_std,Sensitivity: 07:00-17:59,pv_period_load_kwh,0.0142577217128763,0.0064455226827035,0.0016244972547774,0.0268909461709752,0.0293359176574973,79832,97,41,Household
RRPV-BS,Main_std,Sensitivity: 07:00-17:59,nonpv_period_load_kwh,0.0286261019304375,0.0052442419343767,0.0183473877390591,0.0389048161218159,3.75100495328701e-07,79832,97,41,Household
