system,month,observed,m1,m2,m2_lower,m2_upper
RRPV-only,1,76,82,78,67,89
RRPV-only,2,84,85,83,72,94
RRPV-only,3,89,91,91,79,103
RRPV-only,4,101,96,99,86,112
RRPV-only,5,106,101,109,95,123
RRPV-only,6,121,109,117,102,132
RRPV-only,7,126,116,123,106,140
RRPV-only,8,118,114,121,105,137
RRPV-only,9,116,108,114,99,129
RRPV-only,10,102,99,105,91,119
RRPV-only,11,94,88,91,79,103
RRPV-only,12,67,79,70,59,81
RRPV-BS,1,63,71,66,49,83
RRPV-BS,2,77,74,75,56,94
RRPV-BS,3,81,86,84,64,104
RRPV-BS,4,99,91,96,74,118
RRPV-BS,5,109,101,107,82,132
RRPV-BS,6,121,111,119,91,147
RRPV-BS,7,144,120,136,104,168
RRPV-BS,8,126,115,130,99,161
RRPV-BS,9,120,107,116,88,144
RRPV-BS,10,97,90,101,76,126
RRPV-BS,11,88,79,83,61,105
RRPV-BS,12,55,69,60,43,77
