system,event_time,estimate,ci_lower,ci_upper
RRPV-BS,≤-8,0.0,-0.012,0.012
RRPV-BS,-7,0.002,-0.009,0.013
RRPV-BS,-6,-0.005,-0.014,0.004
RRPV-BS,-5,0.001,-0.011,0.013
RRPV-BS,-4,0.003,-0.009,0.015
RRPV-BS,-3,-0.001,-0.012,0.01
RRPV-BS,-2,0.004,-0.007,0.015
RRPV-BS,-1,0,0,0
RRPV-BS,0,0.005,-0.006,0.016
RRPV-BS,1,-0.006,-0.018,0.006
RRPV-BS,2,0.001,-0.013,0.015
RRPV-BS,3,0.002,-0.011,0.015
RRPV-BS,4,-0.002,-0.013,0.009
RRPV-BS,5,0.003,-0.011,0.017
RRPV-BS,6,0.0,-0.012,0.012
RRPV-BS,7,0.001,-0.01,0.012
RRPV-BS,≥8,-0.003,-0.019,0.013
RRPV-only,≤-8,-0.004,-0.019,0.011
RRPV-only,-7,-0.001,-0.015,0.013
RRPV-only,-6,-0.003,-0.017,0.011
RRPV-only,-5,-0.001,-0.014,0.012
RRPV-only,-4,0.002,-0.01,0.014
RRPV-only,-3,-0.001,-0.015,0.013
RRPV-only,-2,0.002,-0.012,0.016
RRPV-only,-1,0,0,0
RRPV-only,0,0.003,-0.011,0.017
RRPV-only,1,-0.001,-0.013,0.011
RRPV-only,2,0.006,-0.009,0.021
RRPV-only,3,-0.002,-0.016,0.012
RRPV-only,4,0.0,-0.011,0.011
RRPV-only,5,0.009,-0.003,0.021
RRPV-only,6,0.0,-0.015,0.015
RRPV-only,7,0.002,-0.012,0.016
RRPV-only,≥8,-0.001,-0.016,0.014
