system,year,hour,households,household_days,mean_total_load_kwh
RRPV-BS,2020,0,97,35502,0.0894808496657815
RRPV-BS,2020,1,97,35502,0.0835189450235231
RRPV-BS,2020,2,97,35502,0.0850080470593408
RRPV-BS,2020,3,97,35502,0.0935359110750209
RRPV-BS,2020,4,97,35502,0.11121197553134
RRPV-BS,2020,5,97,35502,0.125448304780685
RRPV-BS,2020,6,97,35502,0.13941469472083
RRPV-BS,2020,7,97,35502,0.182031639995826
RRPV-BS,2020,8,97,35502,0.230307746751772
RRPV-BS,2020,9,97,35502,0.354419714049197
RRPV-BS,2020,10,97,35502,0.457128166899345
RRPV-BS,2020,11,97,35502,0.442903683716413
RRPV-BS,2020,12,97,35502,0.342910541843794
RRPV-BS,2020,13,97,35502,0.300158687369108
RRPV-BS,2020,14,97,35502,0.248728970747282
RRPV-BS,2020,15,97,35502,0.207437081179181
RRPV-BS,2020,16,97,35502,0.186853549900736
RRPV-BS,2020,17,97,35502,0.227208620722657
RRPV-BS,2020,18,97,35502,0.264370476091546
RRPV-BS,2020,19,97,35502,0.355560848356371
RRPV-BS,2020,20,97,35502,0.355250928205906
RRPV-BS,2020,21,97,35502,0.311677258028692
RRPV-BS,2020,22,97,35502,0.315844434990459
RRPV-BS,2020,23,97,35502,0.255200822907886
RRPV-only,2020,0,1013,370758,0.10552049405949
RRPV-only,2020,1,1013,370758,0.0896352801448951
RRPV-only,2020,2,1013,370758,0.0810361513712397
RRPV-only,2020,3,1013,370758,0.0784764489304279
RRPV-only,2020,4,1013,370758,0.0880333473787013
RRPV-only,2020,5,1013,370758,0.128398029090742
RRPV-only,2020,6,1013,370758,0.198922608552769
RRPV-only,2020,7,1013,370758,0.240305418447535
RRPV-only,2020,8,1013,370758,0.198045075477334
RRPV-only,2020,9,1013,370758,0.30000747770159
RRPV-only,2020,10,1013,370758,0.283879582013691
RRPV-only,2020,11,1013,370758,0.294205513435817
RRPV-only,2020,12,1013,370758,0.351410758298697
RRPV-only,2020,13,1013,370758,0.336808245188375
RRPV-only,2020,14,1013,370758,0.318524070761732
RRPV-only,2020,15,1013,370758,0.319051135569003
RRPV-only,2020,16,1013,370758,0.350701529862939
RRPV-only,2020,17,1013,370758,0.420643272379225
RRPV-only,2020,18,1013,370758,0.290320109470415
RRPV-only,2020,19,1013,370758,0.327140228680842
RRPV-only,2020,20,1013,370758,0.306400910020056
RRPV-only,2020,21,1013,370758,0.239047498315684
RRPV-only,2020,22,1013,370758,0.183074155457083
RRPV-only,2020,23,1013,370758,0.133254676581281
