panel,x_order,category,series,estimate,conf_low,conf_high,size_group
a,-12,-12,BJS imputation,1.4420493221794826,-3.3072812723294933,6.191379916688458,
a,-11,-11,BJS imputation,1.63334835653042,-2.681492343901626,5.948189056962466,
a,-10,-10,BJS imputation,2.4074966232002577,0.2624439517357162,4.552549294664799,
a,-9,-9,BJS imputation,4.626835291995488,0.8114893766383187,8.442181207352657,
a,-8,-8,BJS imputation,4.368493573141153,-0.0723773600010098,8.809364506283316,
a,-7,-7,BJS imputation,4.687082093814508,-0.0631858951876322,9.437350082816646,
a,-6,-6,BJS imputation,0.6729901105436307,-3.2719325023834736,4.6179127234707344,
a,-5,-5,BJS imputation,-1.549305164259687,-3.637309005749565,0.538698677230192,
a,-4,-4,BJS imputation,-1.6690372179068214,-3.318505536027711,-0.0195688997859315,
a,-3,-3,BJS imputation,-1.766930838442931,-3.1884331621658517,-0.3454285147200104,
a,-2,-2,BJS imputation,-0.6325793033061928,-1.546027990917261,0.2808693843048753,
a,-1,-1,BJS imputation,0.0,0.0,0.0,
a,0,0,BJS imputation,-12.039188782775812,-13.463401203171433,-10.614976362380192,
a,1,1,BJS imputation,-21.70783098629857,-23.81049354710513,-19.60516842549201,
a,2,2,BJS imputation,-22.787563508633475,-24.88477771676027,-20.69034930050668,
a,3,3,BJS imputation,-22.062895222838385,-23.94631021931988,-20.17948022635689,
a,4,4,BJS imputation,-22.301819474767807,-24.321775436853358,-20.28186351268226,
a,5,5,BJS imputation,-20.87239426715944,-22.852497578569043,-18.89229095574983,
a,6,6,BJS imputation,-18.63785361795612,-20.503252016355525,-16.77245521955672,
a,7,7,BJS imputation,-18.182237891834724,-19.82463379083872,-16.53984199283073,
a,8,8,BJS imputation,-18.406215882680023,-20.165955984705928,-16.646475780654125,
a,9,9,BJS imputation,-18.189907254033034,-19.92347548116718,-16.45633902689889,
a,10,10,BJS imputation,-17.131247994086202,-18.713073482397032,-15.549422505775372,
a,11,11,BJS imputation,-16.34992838651899,-17.820653119925336,-14.879203653112643,
a,12,12,BJS imputation,-17.634322755129034,-19.50528869495492,-15.763356815303146,
a,13,13,BJS imputation,-20.8058294179416,-22.97728149764113,-18.634377338242068,
a,14,14,BJS imputation,-23.73385229818904,-26.107087094221477,-21.36061750215661,
a,15,15,BJS imputation,-24.278151174145208,-26.501620081218935,-22.05468226707148,
a,16,16,BJS imputation,-24.351966207542983,-26.669093670112147,-22.034838744973825,
a,17,17,BJS imputation,-23.32983091216233,-25.750121318581623,-20.909540505743028,
a,18,18,BJS imputation,-20.259808004416907,-22.310292304505044,-18.20932370432877,
a,19,19,BJS imputation,-18.064184949868547,-19.85150820084105,-16.276861698896045,
a,20,20,BJS imputation,-18.26326006447409,-20.14447796504623,-16.382042163901946,
a,21,21,BJS imputation,-18.004672261481304,-19.93659472860006,-16.072749794362547,
a,22,22,BJS imputation,-16.77325544592841,-18.516418590475435,-15.030092301381384,
a,23,23,BJS imputation,-15.648829085247735,-17.355734743271608,-13.941923427223864,
a,24,24,BJS imputation,-16.34759735304547,-18.206538050637526,-14.488656655453411,
a,-12,-12,Callaway–Sant'Anna,-0.520457192384519,-5.14667009331342,4.10575570854438,
a,-11,-11,Callaway–Sant'Anna,-0.299716318947215,-2.18535819398818,1.58592555609375,
a,-10,-10,Callaway–Sant'Anna,0.229838714435772,-4.12553508555907,4.58521251443062,
a,-9,-9,Callaway–Sant'Anna,2.05305730240289,-1.81065581787189,5.91677042267767,
a,-8,-8,Callaway–Sant'Anna,-0.297593080225014,-1.98237225577457,1.38718609532454,
a,-7,-7,Callaway–Sant'Anna,0.24346889457795,-0.888890949197276,1.37582873835317,
a,-6,-6,Callaway–Sant'Anna,-3.29870613185202,-5.90794163552023,-0.689470628183813,
a,-5,-5,Callaway–Sant'Anna,-4.56528465406764,-11.9219358852429,2.79136657710765,
a,-4,-4,Callaway–Sant'Anna,-1.19270390609573,-4.35647066449941,1.97106285230795,
a,-3,-3,Callaway–Sant'Anna,-0.75063004671761,-2.22325785642337,0.72199776298815,
a,-2,-2,Callaway–Sant'Anna,-0.832914920389393,-2.31270036059619,0.646870519817405,
a,-1,-1,Callaway–Sant'Anna,-1.39067436953517,-2.69558906265346,-0.0857596764168775,
a,0,0,Callaway–Sant'Anna,-10.5719440270114,-11.9355547340939,-9.20833331992882,
a,1,1,Callaway–Sant'Anna,-20.4761264763619,-22.4176397526761,-18.5346132000476,
a,2,2,Callaway–Sant'Anna,-22.2678802002021,-24.3005979411273,-20.235162459277,
a,3,3,Callaway–Sant'Anna,-21.5468085180682,-23.2100955389904,-19.883521497146,
a,4,4,Callaway–Sant'Anna,-22.0124867021636,-23.6713519292643,-20.3536214750629,
a,5,5,Callaway–Sant'Anna,-20.6827654221873,-22.5650520586874,-18.8004787856872,
a,6,6,Callaway–Sant'Anna,-18.1821008916989,-20.1223339483709,-16.241867835027,
a,7,7,Callaway–Sant'Anna,-17.0777815926772,-18.5189355971598,-15.6366275881946,
a,8,8,Callaway–Sant'Anna,-17.0147306890291,-18.44471286888,-15.5847485091782,
a,9,9,Callaway–Sant'Anna,-17.0857532527897,-18.6540610285358,-15.5174454770437,
a,10,10,Callaway–Sant'Anna,-15.915589611327,-17.4099449704879,-14.4212342521662,
a,11,11,Callaway–Sant'Anna,-15.2512670457653,-16.5783041440359,-13.9242299474947,
a,12,12,Callaway–Sant'Anna,-16.3910107736711,-18.166181019418,-14.6158405279242,
a,13,13,Callaway–Sant'Anna,-19.7269367643922,-21.9123558902254,-17.541517638559,
a,14,14,Callaway–Sant'Anna,-22.9700513961614,-25.542879631999,-20.3972231603238,
a,15,15,Callaway–Sant'Anna,-23.6661325705323,-26.1458718870519,-21.1863932540126,
a,16,16,Callaway–Sant'Anna,-23.4969078924649,-25.9177521520325,-21.0760636328972,
a,17,17,Callaway–Sant'Anna,-22.9466092801757,-25.371419308014,-20.5217992523373,
a,18,18,Callaway–Sant'Anna,-19.4610591824462,-22.1737907480104,-16.7483276168819,
a,19,19,Callaway–Sant'Anna,-17.0298202540209,-18.9022975419216,-15.1573429661202,
a,20,20,Callaway–Sant'Anna,-16.9773073199227,-18.8982038814233,-15.0564107584221,
a,21,21,Callaway–Sant'Anna,-16.7452432917721,-18.7111224452721,-14.779364138272,
a,22,22,Callaway–Sant'Anna,-15.6644507440929,-17.4930535013302,-13.8358479868557,
a,23,23,Callaway–Sant'Anna,-14.723597116242,-16.399360414682,-13.047833817802,
a,24,24,Callaway–Sant'Anna,-15.1740314853345,-17.1709999395448,-13.1770630311242,
b,-12,-12,BJS imputation,0.0195799120424942,-0.2693920412273344,0.3085518653123229,
b,-11,-11,BJS imputation,0.1570308024581849,-0.1885493861521718,0.5026109910685417,
b,-10,-10,BJS imputation,0.4266687920567236,0.1135913055031306,0.7397462786103166,
b,-9,-9,BJS imputation,0.4855841197821982,0.1042310047555944,0.8669372348088018,
b,-8,-8,BJS imputation,0.2893100960396844,0.0654840248931618,0.513136167186207,
b,-7,-7,BJS imputation,0.0891591554832007,-0.155378758553552,0.3336970695199535,
b,-6,-6,BJS imputation,-0.194099580328306,-0.392197628027856,0.003998467371244,
b,-5,-5,BJS imputation,-0.1950196138139419,-0.3490995885793054,-0.0409396390485784,
b,-4,-4,BJS imputation,-0.0728680738507469,-0.1741058649213305,0.0283697172198367,
b,-3,-3,BJS imputation,-0.0789522649039281,-0.1773624363312686,0.0194579065234123,
b,-2,-2,BJS imputation,-0.0145699873529186,-0.0928211191165404,0.0636811444107031,
b,-1,-1,BJS imputation,0.0,0.0,0.0,
b,0,0,BJS imputation,-0.6527004865923952,-0.7587195292710832,-0.5466814439137072,
b,1,1,BJS imputation,-1.2240538277584827,-1.3742514082891302,-1.0738562472278352,
b,2,2,BJS imputation,-1.3474570590100403,-1.504086316589585,-1.1908278014304956,
b,3,3,BJS imputation,-1.3668233380100667,-1.5221111421420863,-1.2115355338780471,
b,4,4,BJS imputation,-1.421034906324118,-1.5814836412008269,-1.2605861714474094,
b,5,5,BJS imputation,-1.3664615366668569,-1.5242015183901223,-1.2087215549435908,
b,6,6,BJS imputation,-1.1934193524445331,-1.328841731839885,-1.0579969730491816,
b,7,7,BJS imputation,-1.100513261165994,-1.2408914208302997,-0.9601351015016886,
b,8,8,BJS imputation,-1.1143605791321352,-1.276015153961348,-0.9527060043029224,
b,9,9,BJS imputation,-1.0802071203937509,-1.239399640174594,-0.9210146006129072,
b,10,10,BJS imputation,-1.0044774665926632,-1.1514406036942193,-0.8575143294911072,
b,11,11,BJS imputation,-0.9625944003731248,-1.1056283581358413,-0.8195604426104082,
b,12,12,BJS imputation,-1.0631054956140753,-1.233267993419736,-0.8929429978084146,
b,13,13,BJS imputation,-1.235684128253583,-1.4196412093934367,-1.05172704711373,
b,14,14,BJS imputation,-1.4302050151584504,-1.6316624074903612,-1.2287476228265397,
b,15,15,BJS imputation,-1.4714365287525086,-1.6643252786358962,-1.278547778869121,
b,16,16,BJS imputation,-1.5434170878534916,-1.7340110270813438,-1.3528231486256397,
b,17,17,BJS imputation,-1.4807114515660156,-1.6814860337959825,-1.2799368693360489,
b,18,18,BJS imputation,-1.293292836472225,-1.457259335651719,-1.129326337292731,
b,19,19,BJS imputation,-1.080628956463619,-1.2418078042212275,-0.91945010870601,
b,20,20,BJS imputation,-1.0815814323267787,-1.2357290718758305,-0.927433792777727,
b,21,21,BJS imputation,-1.0390401411209165,-1.1859597719924562,-0.8921205102493767,
b,22,22,BJS imputation,-0.9928693714517788,-1.1438916166279989,-0.841847126275559,
b,23,23,BJS imputation,-0.892868675822335,-1.035053074999708,-0.750684276644962,
b,24,24,BJS imputation,-0.9654541900007284,-1.12211576756951,-0.8087926124319467,
b,-12,-12,Callaway–Sant'Anna,0.149508707167644,-0.105226684425287,0.404244098760576,
b,-11,-11,Callaway–Sant'Anna,0.121078665418325,-0.152826312015302,0.394983642851952,
b,-10,-10,Callaway–Sant'Anna,0.374625427302309,0.118312555014558,0.630938299590059,
b,-9,-9,Callaway–Sant'Anna,0.111425914891446,-0.115730883377455,0.338582713160348,
b,-8,-8,Callaway–Sant'Anna,-0.234181494349497,-0.520685374579097,0.0523223858801042,
b,-7,-7,Callaway–Sant'Anna,-0.20799956939287,-0.325113261617364,-0.090885877168376,
b,-6,-6,Callaway–Sant'Anna,-0.244883970778456,-0.37134249418009,-0.118425447376821,
b,-5,-5,Callaway–Sant'Anna,-0.0225724229198703,-0.221187257876048,0.176042412036307,
b,-4,-4,Callaway–Sant'Anna,-0.206153703714021,-0.518773681350753,0.10646627392271,
b,-3,-3,Callaway–Sant'Anna,-0.145541441238097,-0.308912087429695,0.0178292049535017,
b,-2,-2,Callaway–Sant'Anna,0.0156253319494519,-0.0951496317888816,0.126400295687785,
b,-1,-1,Callaway–Sant'Anna,-0.0163297424507241,-0.10005737360205,0.0673978887006015,
b,0,0,Callaway–Sant'Anna,-0.597223199045265,-0.678789164789548,-0.515657233300981,
b,1,1,Callaway–Sant'Anna,-1.19502312663094,-1.3370597334943,-1.05298651976758,
b,2,2,Callaway–Sant'Anna,-1.32295878859581,-1.47612600695023,-1.16979157024139,
b,3,3,Callaway–Sant'Anna,-1.31583748018247,-1.46991250191118,-1.16176245845375,
b,4,4,Callaway–Sant'Anna,-1.37724060298153,-1.52172703242468,-1.23275417353838,
b,5,5,Callaway–Sant'Anna,-1.33319415310945,-1.49202265284345,-1.17436565337544,
b,6,6,Callaway–Sant'Anna,-1.14612960264203,-1.29410891187023,-0.99815029341384,
b,7,7,Callaway–Sant'Anna,-1.00796953273833,-1.14884738065399,-0.867091684822679,
b,8,8,Callaway–Sant'Anna,-0.999405284197912,-1.14639231651988,-0.852418251875949,
b,9,9,Callaway–Sant'Anna,-0.981227279962702,-1.13881565718627,-0.823638902739138,
b,10,10,Callaway–Sant'Anna,-0.912577155653817,-1.05405001174076,-0.771104299566878,
b,11,11,Callaway–Sant'Anna,-0.891366921139875,-1.0279873455774,-0.754746496702347,
b,12,12,Callaway–Sant'Anna,-0.984812623395445,-1.1373447859716,-0.832280460819294,
b,13,13,Callaway–Sant'Anna,-1.17950555636441,-1.34262228178296,-1.01638883094586,
b,14,14,Callaway–Sant'Anna,-1.37947284865278,-1.5657589494707,-1.19318674783486,
b,15,15,Callaway–Sant'Anna,-1.40297321916522,-1.59820074109089,-1.20774569723955,
b,16,16,Callaway–Sant'Anna,-1.47390018881083,-1.64611909666717,-1.30168128095449,
b,17,17,Callaway–Sant'Anna,-1.41299046833281,-1.60233108781647,-1.22364984884914,
b,18,18,Callaway–Sant'Anna,-1.20677987987717,-1.38075367835104,-1.0328060814033,
b,19,19,Callaway–Sant'Anna,-0.982799356337183,-1.13694160572061,-0.828657106953753,
b,20,20,Callaway–Sant'Anna,-0.983473268238267,-1.1551556652095,-0.811790871267034,
b,21,21,Callaway–Sant'Anna,-0.941403847472076,-1.09396788348943,-0.78883981145472,
b,22,22,Callaway–Sant'Anna,-0.898939529536975,-1.06586535195367,-0.732013707120274,
b,23,23,Callaway–Sant'Anna,-0.838727068727673,-0.981018477715248,-0.696435659740099,
b,24,24,Callaway–Sant'Anna,-0.905994215785757,-1.0494783198325,-0.762510111739019,
c,0,Bill,BJS,100.0,,,
c,0,Bill,Callaway–Sant'Anna,95.4589244671603,,,
c,0,Bill,Sun–Abraham,89.43537713252381,,,
c,1,Burden,BJS,100.0,,,
c,1,Burden,Callaway–Sant'Anna,94.38684231634608,,,
c,1,Burden,Sun–Abraham,91.30036100999513,,,
c,2,Total use,BJS,100.0,,,
c,2,Total use,Callaway–Sant'Anna,125.94118588382555,,,
c,2,Total use,Sun–Abraham,95.11327842965618,,,
c,3,Grid purchases,BJS,100.0,,,
c,3,Grid purchases,Callaway–Sant'Anna,96.00487769823742,,,
c,3,Grid purchases,Sun–Abraham,88.74555692220892,,,
d,0,2021-02,,-20.238943761642304,-23.94100159260103,-16.536885930683578,≥10 treated households
d,0,2021-03,,-20.82547916073572,-24.204056634217675,-17.44690168725376,≥10 treated households
d,0,2021-04,,-18.217122621695864,-21.84328536186012,-14.590959881531608,≥10 treated households
d,0,2021-05,,-17.445940617437675,-20.52001622141524,-14.371865013460113,≥10 treated households
d,0,2021-06,,-21.130844377749884,-26.386063863702,-15.87562489179777,≥10 treated households
d,0,2021-08,,-14.71721658144392,-60.5119602991422,31.07752713625436,<10 treated households
d,0,2021-09,,-3.3647104027168435,-28.88091763160108,22.1514968261674,<10 treated households
d,0,2021-10,,3.0685209717488493,-51.9526601793906,58.08970212288829,<10 treated households
d,0,2021-11,,-6.329892986605842,-15.180300352840296,2.520514379628609,<10 treated households
d,0,2021-12,,-13.293902231953838,-29.34767558620624,2.759871122298561,<10 treated households
d,0,2022-01,,-20.172579336776977,,,<10 treated households
d,0,2022-02,,-22.06882580516425,-45.08405678716177,0.9464051768332632,<10 treated households
d,0,2022-03,,-13.2857059588729,-50.20441542527668,23.633003507530876,<10 treated households
d,0,2022-04,,-15.37906852464702,-21.915063122919427,-8.84307392637461,<10 treated households
d,0,2022-05,,-17.243317488948566,-18.418572902341243,-16.06806207555589,<10 treated households
d,0,2022-06,,-41.59674765457832,-84.52857068181883,1.335075372662203,<10 treated households
d,0,2022-08,,-25.473820465085627,-110.46765546168044,59.5200145315092,<10 treated households
d,0,2022-09,,-20.26180396282552,-36.39581639791584,-4.127791527735205,<10 treated households
d,0,2022-10,,-9.904331795444294,-24.04700023232541,4.238336641436822,<10 treated households
d,0,2022-11,,-29.363609460542445,-50.54069607533792,-8.186522845746975,≥10 treated households
d,0,2022-12,,-16.595449327875006,-73.05747124322004,39.86657258747002,<10 treated households
d,0,2023-01,,-16.00729534821609,-52.062878077447465,20.048287381015285,<10 treated households
d,0,2023-02,,-27.418272534906848,-55.99131439337387,1.1547693235601706,<10 treated households
d,0,2023-03,,-39.8707306138283,-62.28574452826474,-17.45571669939186,<10 treated households
d,0,2023-04,,-14.010102002352328,-19.504760303570425,-8.515443701134231,<10 treated households
d,0,2023-05,,-18.62041405184216,-28.565798254684847,-8.675029848999468,<10 treated households
d,0,2023-06,,-21.900747092882195,-29.980188796095856,-13.821305389668536,<10 treated households
d,0,2023-07,,-17.280734875744,-32.27043797934529,-2.2910317721427127,<10 treated households
d,0,2023-08,,-37.471586947256434,-233.63850458371712,158.69533068920424,<10 treated households
d,0,2023-09,,-14.954626120808904,-31.72320915076388,1.813956909146075,<10 treated households
d,0,2023-10,,-21.253623693224775,-46.62113361605088,4.113886229601327,<10 treated households
d,0,2023-11,,-9.401022448795349,-25.597955264118998,6.7959103665282985,<10 treated households
d,0,2023-12,,-16.17077246981865,-30.273428848892472,-2.06811609074483,<10 treated households
d,0,2024-01,,-16.25139522407246,-117.91124897948616,85.40845853134127,<10 treated households
d,0,2024-02,,-17.704234731366423,-26.938254973073384,-8.470214489659464,<10 treated households
d,0,2024-03,,-18.240565474076423,-31.584825865491283,-4.896305082661561,<10 treated households
d,0,2024-04,,-15.082079886062177,-22.01950347987677,-8.144656292247578,<10 treated households
d,0,2024-05,,-24.61243125440615,-39.66226353894957,-9.562598969862725,<10 treated households
d,0,2024-06,,-19.131470025153167,-36.22790018314838,-2.0350398671579555,<10 treated households
d,0,2024-07,,-53.24846752442877,-96.38570864859032,-10.11122640026722,<10 treated households
d,0,2024-08,,-29.907586528075893,-52.25412805346379,-7.561045002687994,<10 treated households
d,0,2024-09,,-17.73379646579942,-37.17421956285531,1.7066266312564764,<10 treated households
d,0,2024-10,,-17.071175426709107,-30.494684340733063,-3.647666512685147,<10 treated households
d,0,2024-11,,-17.32826687660653,-31.793588764921488,-2.862944988291572,<10 treated households
d,0,2024-12,,-8.28280084958807,-46.220145094432674,29.65454339525653,<10 treated households
d,0,2025-02,,-18.498105448718544,,,<10 treated households
d,0,2025-03,,-4.334895833321736,,,<10 treated households
d,0,2025-06,,-37.02301469590776,-99.42069826278082,25.37466887096529,<10 treated households
d,0,2025-08,,11.066214285633752,,,<10 treated households
d,0,2025-09,,-19.678739575610777,-133.82456612530075,94.4670869740792,<10 treated households
d,0,2025-11,,-9.207678053869618,-36.088864766180976,17.673508658441737,<10 treated households
d,0,2026-02,,-6.971897499218546,-57.97940155585593,44.03560655741883,<10 treated households
d,0,2026-03,,0.4446236558207926,,,<10 treated households
d,0,2026-06,,,,,<10 treated households
