month,pv_to_grid_kwh,pv_to_battery_kwh,grid_to_consumption_kwh,direct_consumption_kwh,battery_to_consumption_kwh,battery_remaining_kwh
2018-06-01,13.047561667419,5.16255919444248,0.135113527355721,2.71296177076958,4.73043391474465,1.93367087568995
2018-07-01,9.19268578028099,5.15946784799172,1.38278011901713,4.01087699601296,5.1874133361844,0.777994933578559
2018-08-01,9.49293597302762,4.41096267411048,2.05972027265341,3.85128498423337,4.35001387142276,0.715634516233703
2018-09-01,12.874415204689,2.82873169539302,0.862443552252097,1.9192865180734,2.79146621524351,1.40336862229668
2018-10-01,14.3032431609205,2.40299459448901,0.312792447905958,1.36528434251736,2.39526916027542,1.72091143152144
2018-11-01,10.4787147543967,2.52599929820564,0.64838595482375,1.60986401509087,2.53318610607139,1.40007704791304
2018-12-01,8.23725958488403,2.77975582732005,1.01652110979898,1.93805064396248,2.79179559639256,0.877225628093651
2019-01-01,8.8151484128751,2.8779278094419,0.941161285173872,1.94332864138474,2.87675494326116,0.870570660705096
2019-02-01,8.21541231450207,2.76611369293767,0.935065163574075,1.86657831896632,2.74353066046142,0.977643364861024
2019-03-01,13.4497091365147,2.5482524495376,0.323137606039407,1.45048459107358,2.544791835878,1.60138576824784
2019-04-01,13.140957374649,2.42516180807596,0.297502146895279,1.37196747661169,2.41563925175745,1.67814285020798
2019-05-01,15.4511058990105,2.74767869288064,0.533368111085463,1.70333878226576,2.75977165131571,1.35136245615895
2019-06-01,12.5941817371222,3.2679058467815,1.11662909701759,2.31455897447724,3.28533874204806,0.768991803110283
2019-07-01,10.5317184840584,3.58668684192205,2.08672903730836,3.33557929926189,3.61510716780889,0.43947490704744
2019-08-01,10.7006481776673,3.53663628033543,2.00567119855633,3.21061669670308,3.50619306325764,0.532061240981467
2019-09-01,13.1041868772054,3.02411611181518,0.723661370445568,1.91612351396118,3.02253615392263,1.11359592443136
2019-10-01,11.6559560469626,2.53084673964665,0.361589082281474,1.44961197231748,2.50324173344311,1.58507950564036
2019-11-01,11.2814892078674,2.54616067727601,0.480605548051306,1.55090085240052,2.57988352121056,1.50712706498357
2019-12-01,10.8984493876995,2.79337728669043,0.657607269635213,1.76112535647284,2.794315006237,1.20090342199078
2020-01-01,8.27697057844173,2.72853920528292,0.967338320964919,1.86591746001549,2.71291341886643,0.957809937156051
2020-02-01,11.2913464067057,2.64169999510183,0.588618589223219,1.6436376923071,2.64856175779533,1.41601717454919
2020-03-01,13.8239421299692,2.41733484720102,0.359277419821234,1.39342344922536,2.39937641654724,1.71861326850455
2020-04-01,17.4355281908481,2.2584322272229,0.203548987835576,1.2647758793489,2.28792204485752,1.94416461608091
2020-05-01,14.1540388524417,2.85131221680478,0.585276818913809,1.74796578164185,2.83978821345729,1.27183604834482
2020-06-01,11.3451014737185,3.2456725507836,1.55010221532902,2.5551097079901,3.2546892382401,0.61896361709791
2020-07-01,9.6950894651863,3.22060370702987,1.7309184685351,2.66827010585855,3.23844752059971,0.608034240122005
2020-08-01,10.9245850003235,3.74518982303993,2.98326933491313,4.06951109431673,3.75010319182472,0.269014865752088
2020-09-01,12.6528488401103,2.96052989402497,0.79784024089554,1.89357337454893,2.90171246970697,1.16269871479345
2020-10-01,12.5762478413005,2.25137852332459,0.251888000212687,1.26035688158086,2.24821353419717,1.83626845706488
2020-11-01,11.8728537067239,2.36705324708422,0.53344684283823,1.47951904946277,2.3854869221776,1.5478091357863
2020-12-01,11.6616613695602,2.97049256193105,0.755635657365518,1.92284394433874,2.99883150395782,1.11049540080937
