system,penetration_pct,marginal_effect,se,ci_lower,ci_upper,fitted_intercept,fitted_slope,interaction_se,interaction_p
RRPV-BS,0.52,0.04348,0.00940781717509434,0.0250406783368151,0.0619193216631849,0.044,-0.001,9e-04,0.267
RRPV-BS,0.552842809364549,0.0434471571906355,0.009395186945099,0.0250325907782414,0.0618617236030295,0.044,-0.001,9e-04,0.267
RRPV-BS,0.585685618729097,0.0434143143812709,0.00938263283305507,0.025024354028483,0.0618042747340589,0.044,-0.001,9e-04,0.267
RRPV-BS,0.618528428093646,0.0433814715719064,0.00937015514491052,0.0250159674878818,0.061746975655931,0.044,-0.001,9e-04,0.267
RRPV-BS,0.651371237458194,0.0433486287625418,0.00935775418637767,0.0250074305572416,0.061689826967842,0.044,-0.001,9e-04,0.267
RRPV-BS,0.684214046822742,0.0433157859531773,0.00934543026290658,0.0249987426378804,0.0616328292684742,0.044,-0.001,9e-04,0.267
RRPV-BS,0.717056856187291,0.0432829431438127,0.00933318367965815,0.0249899031316828,0.0615759831559427,0.044,-0.001,9e-04,0.267
RRPV-BS,0.74989966555184,0.0432501003344482,0.00932101474147691,0.0249809114411534,0.0615192892277429,0.044,-0.001,9e-04,0.267
RRPV-BS,0.782742474916388,0.0432172575250836,0.00930892375286361,0.024971766969471,0.0614627480806963,0.044,-0.001,9e-04,0.267
RRPV-BS,0.815585284280937,0.0431844147157191,0.00929691101794743,0.0249624691205421,0.061406360310896,0.044,-0.001,9e-04,0.267
RRPV-BS,0.848428093645485,0.0431515719063545,0.00928497684045803,0.0249530172990568,0.0613501265136523,0.044,-0.001,9e-04,0.267
RRPV-BS,0.881270903010034,0.04311872909699,0.00927312152369726,0.0249434109105434,0.0612940472834366,0.044,-0.001,9e-04,0.267
RRPV-BS,0.914113712374582,0.0430858862876254,0.00926134537051062,0.0249336493614246,0.0612381232138262,0.044,-0.001,9e-04,0.267
RRPV-BS,0.94695652173913,0.0430530434782609,0.00924964868325847,0.0249237320590743,0.0611823548974475,0.044,-0.001,9e-04,0.267
RRPV-BS,0.979799331103679,0.0430202006688963,0.009238031763787,0.0249136584118738,0.0611267429259189,0.044,-0.001,9e-04,0.267
RRPV-BS,1.01264214046823,0.0429873578595318,0.00922649491339889,0.02490342782927,0.0610712878897936,0.044,-0.001,9e-04,0.267
RRPV-BS,1.04548494983278,0.0429545150501672,0.00921503843282378,0.0248930397218326,0.0610159903785018,0.044,-0.001,9e-04,0.267
RRPV-BS,1.07832775919732,0.0429216722408027,0.00920366262218844,0.0248824935013133,0.060960850980292,0.044,-0.001,9e-04,0.267
RRPV-BS,1.11117056856187,0.0428888294314381,0.00919236778098677,0.0248717885807041,0.0609058702821722,0.044,-0.001,9e-04,0.267
RRPV-BS,1.14401337792642,0.0428559866220736,0.00918115420804947,0.0248609243742966,0.0608510488698506,0.044,-0.001,9e-04,0.267
RRPV-BS,1.17685618729097,0.0428231438127091,0.00917002220151352,0.0248499002977426,0.0607963873276755,0.044,-0.001,9e-04,0.267
RRPV-BS,1.20969899665552,0.0427903010033445,0.00915897205879147,0.0248387157681132,0.0607418862385758,0.044,-0.001,9e-04,0.267
RRPV-BS,1.24254180602007,0.0427574581939799,0.00914800407654045,0.0248273702039607,0.0606875461839992,0.044,-0.001,9e-04,0.267
RRPV-BS,1.27538461538462,0.0427246153846154,0.00913711855063094,0.0248158630253788,0.060633367743852,0.044,-0.001,9e-04,0.267
RRPV-BS,1.30822742474916,0.0426917725752509,0.00912631577611542,0.0248041936540646,0.0605793514964371,0.044,-0.001,9e-04,0.267
RRPV-BS,1.34107023411371,0.0426589297658863,0.00911559604719669,0.0247923615133808,0.0605254980183918,0.044,-0.001,9e-04,0.267
RRPV-BS,1.37391304347826,0.0426260869565218,0.00910495965719609,0.0247803660284174,0.0604718078846261,0.044,-0.001,9e-04,0.267
RRPV-BS,1.40675585284281,0.0425932441471572,0.00909440689852144,0.0247682066260552,0.0604182816682592,0.044,-0.001,9e-04,0.267
RRPV-BS,1.43959866220736,0.0425604013377927,0.00908393806263484,0.0247558827350284,0.060364919940557,0.044,-0.001,9e-04,0.267
RRPV-BS,1.47244147157191,0.0425275585284281,0.00907355344002026,0.0247433937859884,0.0603117232708678,0.044,-0.001,9e-04,0.267
RRPV-BS,1.50528428093646,0.0424947157190636,0.00906325332015092,0.0247307392115678,0.0602586922265594,0.044,-0.001,9e-04,0.267
RRPV-BS,1.538127090301,0.042461872909699,0.00905303799145653,0.0247179184464442,0.0602058273729538,0.044,-0.001,9e-04,0.267
RRPV-BS,1.57096989966555,0.0424290301003345,0.0090429077412904,0.0247049309274053,0.0601531292732636,0.044,-0.001,9e-04,0.267
RRPV-BS,1.6038127090301,0.0423961872909699,0.00903286285589623,0.0246917760934133,0.0601005984885265,0.044,-0.001,9e-04,0.267
RRPV-BS,1.63665551839465,0.0423633444816054,0.00902290362037496,0.0246784533856704,0.0600482355775403,0.044,-0.001,9e-04,0.267
RRPV-BS,1.6694983277592,0.0423305016722408,0.00901303031865127,0.0246649622476843,0.0599960410967973,0.044,-0.001,9e-04,0.267
RRPV-BS,1.70234113712375,0.0422976588628763,0.00900324323344005,0.0246513021253338,0.0599440156004188,0.044,-0.001,9e-04,0.267
RRPV-BS,1.73518394648829,0.0422648160535117,0.00899354264621272,0.0246374724669348,0.0598921596400887,0.044,-0.001,9e-04,0.267
RRPV-BS,1.76802675585284,0.0422319732441472,0.00898392883716336,0.024623472723307,0.0598404737649874,0.044,-0.001,9e-04,0.267
RRPV-BS,1.80086956521739,0.0421991304347826,0.00897440208517478,0.0246093023478401,0.0597889585217252,0.044,-0.001,9e-04,0.267
RRPV-BS,1.83371237458194,0.0421662876254181,0.00896496266778447,0.0245949607965605,0.0597376144542756,0.044,-0.001,9e-04,0.267
RRPV-BS,1.86655518394649,0.0421334448160535,0.00895561086115038,0.0245804475281988,0.0596864421039083,0.044,-0.001,9e-04,0.267
RRPV-BS,1.89939799331104,0.042100602006689,0.00894634694001668,0.0245657620042563,0.0596354420091217,0.044,-0.001,9e-04,0.267
RRPV-BS,1.93224080267559,0.0420677591973244,0.00893717117767935,0.0245509036890729,0.059584614705576,0.044,-0.001,9e-04,0.267
RRPV-BS,1.96508361204013,0.0420349163879599,0.00892808384595177,0.0245358720498944,0.0595339607260254,0.044,-0.001,9e-04,0.267
RRPV-BS,1.99792642140468,0.0420020735785953,0.00891908521513014,0.0245206665569403,0.0594834806002504,0.044,-0.001,9e-04,0.267
RRPV-BS,2.03076923076923,0.0419692307692308,0.00891017555395891,0.0245052866834713,0.0594331748549902,0.044,-0.001,9e-04,0.267
RRPV-BS,2.06361204013378,0.0419363879598662,0.00890135512959608,0.0244897319058579,0.0593830440138745,0.044,-0.001,9e-04,0.267
RRPV-BS,2.09645484949833,0.0419035451505017,0.00889262420757852,0.0244740017036478,0.0593330885973556,0.044,-0.001,9e-04,0.267
RRPV-BS,2.12929765886288,0.0418707023411371,0.0088839830517872,0.0244580955596342,0.0592833091226401,0.044,-0.001,9e-04,0.267
RRPV-BS,2.16214046822742,0.0418378595317726,0.00887543192441239,0.0244420129599243,0.0592337061036209,0.044,-0.001,9e-04,0.267
RRPV-BS,2.19498327759197,0.041805016722408,0.00886697108591885,0.0244257533940071,0.059184280050809,0.044,-0.001,9e-04,0.267
RRPV-BS,2.22782608695652,0.0417721739130435,0.00885860079501095,0.024409316354822,0.059135031471265,0.044,-0.001,9e-04,0.267
RRPV-BS,2.26066889632107,0.0417393311036789,0.0088503213085979,0.0243927013388271,0.0590859608685308,0.044,-0.001,9e-04,0.267
RRPV-BS,2.29351170568562,0.0417064882943144,0.00884213288175886,0.024375907846067,0.0590370687425618,0.044,-0.001,9e-04,0.267
RRPV-BS,2.32635451505017,0.0416736454849498,0.0088340357677081,0.024358935380242,0.0589883555896577,0.044,-0.001,9e-04,0.267
RRPV-BS,2.35919732441472,0.0416408026755853,0.00882603021776022,0.0243417834487753,0.0589398219023953,0.044,-0.001,9e-04,0.267
RRPV-BS,2.39204013377926,0.0416079598662208,0.00881811648129535,0.0243244515628819,0.0588914681695596,0.044,-0.001,9e-04,0.267
RRPV-BS,2.42488294314381,0.0415751170568562,0.00881029480572441,0.0243069392376364,0.058843294876076,0.044,-0.001,9e-04,0.267
RRPV-BS,2.45772575250836,0.0415422742474917,0.00880256543645442,0.024289245992041,0.0587953025029423,0.044,-0.001,9e-04,0.267
RRPV-BS,2.49056856187291,0.0415094314381271,0.00879492861685387,0.0242713713490935,0.0587474915271607,0.044,-0.001,9e-04,0.267
RRPV-BS,2.52341137123746,0.0414765886287626,0.00878738458821815,0.024253314835855,0.0586998624216701,0.044,-0.001,9e-04,0.267
RRPV-BS,2.55625418060201,0.041443745819398,0.00877993358973509,0.0242350759835172,0.0586524156552788,0.044,-0.001,9e-04,0.267
RRPV-BS,2.58909698996656,0.0414109030100335,0.0087725758584505,0.0242166543274705,0.0586051516925965,0.044,-0.001,9e-04,0.267
RRPV-BS,2.6219397993311,0.0413780602006689,0.00876531162923398,0.0241980494073703,0.0585580709939675,0.044,-0.001,9e-04,0.267
RRPV-BS,2.65478260869565,0.0413452173913044,0.00875814113474463,0.0241792607672049,0.0585111740154038,0.044,-0.001,9e-04,0.267
RRPV-BS,2.6876254180602,0.0413123745819398,0.00875106460539705,0.0241602879553616,0.058464461208518,0.044,-0.001,9e-04,0.267
RRPV-BS,2.72046822742475,0.0412795317725753,0.0087440822693274,0.0241411305246936,0.058417933020457,0.044,-0.001,9e-04,0.267
RRPV-BS,2.7533110367893,0.0412466889632107,0.0087371943523596,0.0241217880325859,0.0583715898938355,0.044,-0.001,9e-04,0.267
RRPV-BS,2.78615384615385,0.0412138461538462,0.00873040107797165,0.0241022600410217,0.0583254322666706,0.044,-0.001,9e-04,0.267
RRPV-BS,2.8189966555184,0.0411810033444816,0.00872370266726224,0.0240825461166476,0.0582794605723156,0.044,-0.001,9e-04,0.267
RRPV-BS,2.85183946488294,0.0411481605351171,0.00871709933891738,0.024062645830839,0.0582336752393951,0.044,-0.001,9e-04,0.267
RRPV-BS,2.88468227424749,0.0411153177257525,0.0087105913091773,0.024042558759765,0.05818807669174,0.044,-0.001,9e-04,0.267
RRPV-BS,2.91752508361204,0.041082474916388,0.00870417879180351,0.0240222844844531,0.0581426653483228,0.044,-0.001,9e-04,0.267
RRPV-BS,2.95036789297659,0.0410496321070234,0.0086978619980461,0.0240018225908531,0.0580974416231938,0.044,-0.001,9e-04,0.267
RRPV-BS,2.98321070234114,0.0410167892976589,0.00869164113661123,0.0239811726699009,0.0580524059254169,0.044,-0.001,9e-04,0.267
RRPV-BS,3.01605351170569,0.0409839464882943,0.00868551641362887,0.0239603343175818,0.0580075586590069,0.044,-0.001,9e-04,0.267
RRPV-BS,3.04889632107023,0.0409511036789298,0.0086794880326207,0.0239393071349932,0.0579629002228664,0.044,-0.001,9e-04,0.267
RRPV-BS,3.08173913043478,0.0409182608695652,0.0086735561944684,0.0239180907284072,0.0579184310107233,0.044,-0.001,9e-04,0.267
RRPV-BS,3.11458193979933,0.0408854180602007,0.00866772109738206,0.0238966847093319,0.0578741514110695,0.044,-0.001,9e-04,0.267
RRPV-BS,3.14742474916388,0.0408525752508361,0.00866198293686893,0.023875088694573,0.0578300618070992,0.044,-0.001,9e-04,0.267
RRPV-BS,3.18026755852843,0.0408197324414716,0.00865634190570247,0.0238533023062947,0.0577861625766484,0.044,-0.001,9e-04,0.267
RRPV-BS,3.21311036789298,0.040786889632107,0.00865079819389163,0.0238313251720794,0.0577424540921346,0.044,-0.001,9e-04,0.267
RRPV-BS,3.24595317725753,0.0407540468227425,0.00864535198865044,0.0238091569249876,0.0576989367204974,0.044,-0.001,9e-04,0.267
RRPV-BS,3.27879598662207,0.0407212040133779,0.00864000347436801,0.0237867972036166,0.0576556108231393,0.044,-0.001,9e-04,0.267
RRPV-BS,3.31163879598662,0.0406883612040134,0.00863475283257872,0.0237642456521591,0.0576124767558677,0.044,-0.001,9e-04,0.267
RRPV-BS,3.34448160535117,0.0406555183946488,0.00862960024193281,0.0237415019204605,0.0575695348688372,0.044,-0.001,9e-04,0.267
RRPV-BS,3.37732441471572,0.0406226755852843,0.00862454587816732,0.0237185656640763,0.0575267855064922,0.044,-0.001,9e-04,0.267
RRPV-BS,3.41016722408027,0.0405898327759197,0.0086195899140774,0.023695436544328,0.0574842290075114,0.044,-0.001,9e-04,0.267
RRPV-BS,3.44301003344482,0.0405569899665552,0.0086147325194879,0.0236721142283589,0.0574418657047515,0.044,-0.001,9e-04,0.267
RRPV-BS,3.47585284280936,0.0405241471571906,0.00860997386122546,0.0236485983891888,0.0573996959251925,0.044,-0.001,9e-04,0.267
RRPV-BS,3.50869565217391,0.0404913043478261,0.00860531410309086,0.023624888705768,0.0573577199898842,0.044,-0.001,9e-04,0.267
RRPV-BS,3.54153846153846,0.0404584615384615,0.0086007534058319,0.023600984863031,0.0573159382138921,0.044,-0.001,9e-04,0.267
RRPV-BS,3.57438127090301,0.040425618729097,0.00859629192711656,0.0235768865519486,0.0572743509062455,0.044,-0.001,9e-04,0.267
RRPV-BS,3.60722408026756,0.0403927759197325,0.00859192982150664,0.0235525934695794,0.0572329583698855,0.044,-0.001,9e-04,0.267
RRPV-BS,3.64006688963211,0.0403599331103679,0.00858766724043187,0.0235281053191214,0.0571917609016144,0.044,-0.001,9e-04,0.267
RRPV-BS,3.67290969899666,0.0403270903010034,0.00858350433216434,0.0235034218099613,0.0571507587920455,0.044,-0.001,9e-04,0.267
RRPV-BS,3.7057525083612,0.0402942474916388,0.00857944124179348,0.0234785426577236,0.057109952325554,0.044,-0.001,9e-04,0.267
RRPV-BS,3.73859531772575,0.0402614046822743,0.00857547811120146,0.0234534675843194,0.0570693417802291,0.044,-0.001,9e-04,0.267
RRPV-BS,3.7714381270903,0.0402285618729097,0.00857161507903905,0.0234281963179932,0.0570289274278263,0.044,-0.001,9e-04,0.267
RRPV-BS,3.80428093645485,0.0401957190635452,0.00856785228070195,0.0234027285933693,0.056988709533721,0.044,-0.001,9e-04,0.267
RRPV-BS,3.8371237458194,0.0401628762541806,0.00856418984830761,0.0233770641514977,0.0569486883568635,0.044,-0.001,9e-04,0.267
RRPV-BS,3.86996655518395,0.0401300334448161,0.00856062791067258,0.0233512027398978,0.0569088641497343,0.044,-0.001,9e-04,0.267
RRPV-BS,3.9028093645485,0.0400971906354515,0.00855716659329029,0.0233251441126026,0.0568692371583005,0.044,-0.001,9e-04,0.267
RRPV-BS,3.93565217391304,0.040064347826087,0.00855380601830938,0.0232988880302006,0.0568298076219734,0.044,-0.001,9e-04,0.267
RRPV-BS,3.96849498327759,0.0400315050167224,0.0085505463045126,0.0232724342598777,0.0567905757735671,0.044,-0.001,9e-04,0.267
RRPV-BS,4.00133779264214,0.0399986622073579,0.0085473875672961,0.0232457825754575,0.0567515418392582,0.044,-0.001,9e-04,0.267
RRPV-BS,4.03418060200669,0.0399658193979933,0.00854432991864942,0.0232189327574405,0.0567127060385462,0.044,-0.001,9e-04,0.267
RRPV-BS,4.06702341137124,0.0399329765886288,0.00854137346713588,0.0231918845930425,0.0566740685842151,0.044,-0.001,9e-04,0.267
RRPV-BS,4.09986622073579,0.0399001337792642,0.00853851831787364,0.0231646378762319,0.0566356296822966,0.044,-0.001,9e-04,0.267
RRPV-BS,4.13270903010034,0.0398672909698997,0.00853576457251723,0.0231371924077659,0.0565973895320335,0.044,-0.001,9e-04,0.267
RRPV-BS,4.16555183946488,0.0398344481605351,0.0085331123292397,0.0231095479952253,0.0565593483258449,0.044,-0.001,9e-04,0.267
RRPV-BS,4.19839464882943,0.0398016053511706,0.0085305616827153,0.0230817044530486,0.0565215062492926,0.044,-0.001,9e-04,0.267
RRPV-BS,4.23123745819398,0.039768762541806,0.0085281127241028,0.0230536616025645,0.0564838634810475,0.044,-0.001,9e-04,0.267
RRPV-BS,4.26408026755853,0.0397359197324415,0.00852576554102934,0.023025419272024,0.056446420192859,0.044,-0.001,9e-04,0.267
RRPV-BS,4.29692307692308,0.0397030769230769,0.00852352021757491,0.0229969772966301,0.0564091765495238,0.044,-0.001,9e-04,0.267
RRPV-BS,4.32976588628763,0.0396702341137124,0.00852137683425742,0.0229683355185679,0.0563721327088569,0.044,-0.001,9e-04,0.267
RRPV-BS,4.36260869565217,0.0396373913043478,0.00851933546801834,0.0229394937870319,0.0563352888216638,0.044,-0.001,9e-04,0.267
RRPV-BS,4.39545150501672,0.0396045484949833,0.00851739619220905,0.0229104519582536,0.056298645031713,0.044,-0.001,9e-04,0.267
RRPV-BS,4.42829431438127,0.0395717056856187,0.0085155590765777,0.0228812098955265,0.056262201475711,0.044,-0.001,9e-04,0.267
RRPV-BS,4.46113712374582,0.0395388628762542,0.00851382418725675,0.022851767469231,0.0562259582832774,0.044,-0.001,9e-04,0.267
RRPV-BS,4.49397993311037,0.0395060200668896,0.00851219158675115,0.0228221245568574,0.0561899155769219,0.044,-0.001,9e-04,0.267
RRPV-BS,4.52682274247492,0.0394731772575251,0.00851066133392709,0.022792281043028,0.0561540734720222,0.044,-0.001,9e-04,0.267
RRPV-BS,4.55966555183947,0.0394403344481605,0.00850923348400148,0.0227622368195177,0.0561184320768034,0.044,-0.001,9e-04,0.267
RRPV-BS,4.59250836120401,0.039407491638796,0.00850790808853198,0.0227319917852733,0.0560829914923187,0.044,-0.001,9e-04,0.267
RRPV-BS,4.62535117056856,0.0393746488294314,0.00850668519540776,0.0227015458464322,0.0560477518124306,0.044,-0.001,9e-04,0.267
RRPV-BS,4.65819397993311,0.0393418060200669,0.00850556484884083,0.0226708989163389,0.0560127131237949,0.044,-0.001,9e-04,0.267
RRPV-BS,4.69103678929766,0.0393089632107023,0.00850454708935812,0.0226400509155604,0.0559778755058443,0.044,-0.001,9e-04,0.267
RRPV-BS,4.72387959866221,0.0392761204013378,0.00850363195379412,0.0226090017719013,0.0559432390307743,0.044,-0.001,9e-04,0.267
RRPV-BS,4.75672240802676,0.0392432775919733,0.00850281947528422,0.0225777514204162,0.0559088037635303,0.044,-0.001,9e-04,0.267
RRPV-BS,4.78956521739131,0.0392104347826087,0.00850210968325877,0.0225462998034215,0.0558745697617959,0.044,-0.001,9e-04,0.267
RRPV-BS,4.82240802675585,0.0391775919732442,0.00850150260343772,0.0225146468705062,0.0558405370759821,0.044,-0.001,9e-04,0.267
RRPV-BS,4.8552508361204,0.0391447491638796,0.00850099825782593,0.0224827925785408,0.0558067057492184,0.044,-0.001,9e-04,0.267
RRPV-BS,4.88809364548495,0.0391119063545151,0.00850059666470928,0.0224507368916849,0.0557730758173453,0.044,-0.001,9e-04,0.267
RRPV-BS,4.9209364548495,0.0390790635451505,0.00850029783865125,0.0224184797813941,0.055739647308907,0.044,-0.001,9e-04,0.267
RRPV-BS,4.95377926421405,0.039046220735786,0.00850010179049036,0.0223860212264248,0.0557064202451471,0.044,-0.001,9e-04,0.267
RRPV-BS,4.9866220735786,0.0390133779264214,0.00850000852733816,0.0223533612128386,0.0556733946400042,0.044,-0.001,9e-04,0.267
RRPV-BS,5.01946488294314,0.0389805351170569,0.00850001805257795,0.0223204997340041,0.0556405705001097,0.044,-0.001,9e-04,0.267
RRPV-BS,5.05230769230769,0.0389476923076923,0.00850013036586419,0.0222874367905985,0.0556079478247861,0.044,-0.001,9e-04,0.267
RRPV-BS,5.08515050167224,0.0389148494983278,0.00850034546312251,0.0222541723906077,0.0555755266060479,0.044,-0.001,9e-04,0.267
RRPV-BS,5.11799331103679,0.0388820066889632,0.00850066333655051,0.0222207065493242,0.0555433068286022,0.044,-0.001,9e-04,0.267
RRPV-BS,5.15083612040134,0.0388491638795987,0.00850108397461914,0.0221870392893452,0.0555112884698522,0.044,-0.001,9e-04,0.267
RRPV-BS,5.18367892976589,0.0388163210702341,0.0085016073620748,0.0221531706405675,0.0554794714999007,0.044,-0.001,9e-04,0.267
RRPV-BS,5.21652173913044,0.0387834782608696,0.00850223347994208,0.0221191006401831,0.0554478558815561,0.044,-0.001,9e-04,0.267
RRPV-BS,5.24936454849498,0.038750635451505,0.00850296230552726,0.0220848293326716,0.0554164415703384,0.044,-0.001,9e-04,0.267
RRPV-BS,5.28220735785953,0.0387177926421405,0.00850379381242234,0.0220503567697927,0.0553852285144883,0.044,-0.001,9e-04,0.267
RRPV-BS,5.31505016722408,0.0386849498327759,0.00850472797050988,0.0220156830105766,0.0553542166549753,0.044,-0.001,9e-04,0.267
RRPV-BS,5.34789297658863,0.0386521070234114,0.00850576474596843,0.0219808081213133,0.0553234059255095,0.044,-0.001,9e-04,0.267
RRPV-BS,5.38073578595318,0.0386192642140468,0.00850690410127865,0.0219457321755407,0.055292796252553,0.044,-0.001,9e-04,0.267
RRPV-BS,5.41357859531773,0.0385864214046823,0.00850814599523005,0.0219104552540314,0.0552623875553332,0.044,-0.001,9e-04,0.267
RRPV-BS,5.44642140468227,0.0385535785953177,0.00850949038292849,0.0218749774447779,0.0552321797458576,0.044,-0.001,9e-04,0.267
RRPV-BS,5.47926421404682,0.0385207357859532,0.00851093721580423,0.0218392988429769,0.0552021727289295,0.044,-0.001,9e-04,0.267
RRPV-BS,5.51210702341137,0.0384878929765886,0.00851248644162069,0.0218034195510121,0.0551723664021652,0.044,-0.001,9e-04,0.267
RRPV-BS,5.54494983277592,0.0384550501672241,0.00851413800448386,0.0217673396784357,0.0551427606560125,0.044,-0.001,9e-04,0.267
RRPV-BS,5.57779264214047,0.0384222073578595,0.00851589184485234,0.021731059341949,0.0551133553737701,0.044,-0.001,9e-04,0.267
RRPV-BS,5.61063545150502,0.038389364548495,0.00851774789954799,0.0216945786653809,0.055084150431609,0.044,-0.001,9e-04,0.267
RRPV-BS,5.64347826086957,0.0383565217391304,0.00851970610176733,0.0216578977796665,0.0550551456985944,0.044,-0.001,9e-04,0.267
RRPV-BS,5.67632107023411,0.0383236789297659,0.00852176638109345,0.0216210168228227,0.0550263410367091,0.044,-0.001,9e-04,0.267
RRPV-BS,5.70916387959866,0.0382908361204013,0.00852392866350859,0.0215839359399245,0.0549977363008782,0.044,-0.001,9e-04,0.267
RRPV-BS,5.74200668896321,0.0382579933110368,0.00852619287140736,0.0215466552830784,0.0549693313389952,0.044,-0.001,9e-04,0.267
RRPV-BS,5.77484949832776,0.0382251505016722,0.00852855892361058,0.0215091750113955,0.054941125991949,0.044,-0.001,9e-04,0.267
RRPV-BS,5.80769230769231,0.0381923076923077,0.00853102673537971,0.0214714952909635,0.0549131200936519,0.044,-0.001,9e-04,0.267
RRPV-BS,5.84053511705686,0.0381594648829432,0.00853359621843187,0.0214336162948167,0.0548853134710696,0.044,-0.001,9e-04,0.267
RRPV-BS,5.87337792642141,0.0381266220735786,0.00853626728095552,0.0213955382029058,0.0548577059442514,0.044,-0.001,9e-04,0.267
RRPV-BS,5.90622073578595,0.0380937792642141,0.00853903982762667,0.0213572612020658,0.0548302973263623,0.044,-0.001,9e-04,0.267
RRPV-BS,5.9390635451505,0.0380609364548495,0.0085419137596257,0.0213187854859831,0.0548030874237159,0.044,-0.001,9e-04,0.267
RRPV-BS,5.97190635451505,0.038028093645485,0.00854488897465479,0.0212801112551616,0.0547760760358083,0.044,-0.001,9e-04,0.267
RRPV-BS,6.0047491638796,0.0379952508361204,0.00854796536695585,0.021241238716887,0.0547492629553539,0.044,-0.001,9e-04,0.267
RRPV-BS,6.03759197324415,0.0379624080267559,0.00855114282732911,0.0212021680851908,0.0547226479683209,0.044,-0.001,9e-04,0.267
RRPV-BS,6.0704347826087,0.0379295652173913,0.00855442124315217,0.0211628995808131,0.0546962308539696,0.044,-0.001,9e-04,0.267
RRPV-BS,6.10327759197324,0.0378967224080268,0.00855780049839968,0.0211234334311634,0.0546700113848901,0.044,-0.001,9e-04,0.267
RRPV-BS,6.13612040133779,0.0378638795986622,0.00856128047366351,0.0210837698702817,0.0546439893270427,0.044,-0.001,9e-04,0.267
RRPV-BS,6.16896321070234,0.0378310367892977,0.0085648610461735,0.0210439091387976,0.0546181644397977,0.044,-0.001,9e-04,0.267
RRPV-BS,6.20180602006689,0.0377981939799331,0.00856854208981866,0.0210038514838885,0.0545925364759777,0.044,-0.001,9e-04,0.267
RRPV-BS,6.23464882943144,0.0377653511705686,0.00857232347516899,0.0209635971592374,0.0545671051818998,0.044,-0.001,9e-04,0.267
RRPV-BS,6.26749163879599,0.037732508361204,0.00857620506949772,0.0209231464249885,0.0545418702974196,0.044,-0.001,9e-04,0.267
RRPV-BS,6.30033444816054,0.0376996655518395,0.00858018673680411,0.0208824995477034,0.0545168315559755,0.044,-0.001,9e-04,0.267
RRPV-BS,6.33317725752508,0.0376668227424749,0.00858426833783669,0.020841656800315,0.0544919886846348,0.044,-0.001,9e-04,0.267
RRPV-BS,6.36602006688963,0.0376339799331104,0.00858844973011705,0.020800618462081,0.0544673414041398,0.044,-0.001,9e-04,0.267
RRPV-BS,6.39886287625418,0.0376011371237458,0.00859273076796401,0.0207593848185364,0.0544428894289553,0.044,-0.001,9e-04,0.267
RRPV-BS,6.43170568561873,0.0375682943143813,0.00859711130251835,0.0207179561614453,0.0544186324673172,0.044,-0.001,9e-04,0.267
RRPV-BS,6.46454849498328,0.0375354515050167,0.00860159118176793,0.0206763327887516,0.0543945702212819,0.044,-0.001,9e-04,0.267
RRPV-BS,6.49739130434783,0.0375026086956522,0.00860617025057328,0.0206345150045285,0.0543707023867758,0.044,-0.001,9e-04,0.267
RRPV-BS,6.53023411371238,0.0374697658862876,0.00861084835069362,0.0205925031189281,0.0543470286536471,0.044,-0.001,9e-04,0.267
RRPV-BS,6.56307692307692,0.0374369230769231,0.00861562532081329,0.020550297448129,0.0543235487057171,0.044,-0.001,9e-04,0.267
RRPV-BS,6.59591973244147,0.0374040802675585,0.00862050099656864,0.020507898314284,0.0543002622208331,0.044,-0.001,9e-04,0.267
RRPV-BS,6.62876254180602,0.037371237458194,0.00862547521057526,0.0204653060454665,0.0542771688709215,0.044,-0.001,9e-04,0.267
RRPV-BS,6.66160535117057,0.0373383946488294,0.00863054779245567,0.0204225209756163,0.0542542683220425,0.044,-0.001,9e-04,0.267
RRPV-BS,6.69444816053512,0.0373055518394649,0.00863571856886734,0.0203795434444849,0.0542315602344449,0.044,-0.001,9e-04,0.267
RRPV-BS,6.72729096989967,0.0372727090301003,0.00864098736353112,0.0203363737975793,0.0542090442626213,0.044,-0.001,9e-04,0.267
RRPV-BS,6.76013377926421,0.0372398662207358,0.00864635399726004,0.0202930123861061,0.0541867200553655,0.044,-0.001,9e-04,0.267
RRPV-BS,6.79297658862876,0.0372070234113712,0.00865181828798839,0.020249459566914,0.0541645872558285,0.044,-0.001,9e-04,0.267
RRPV-BS,6.82581939799331,0.0371741806020067,0.00865738005080127,0.0202057157024362,0.0541426455015772,0.044,-0.001,9e-04,0.267
RRPV-BS,6.85866220735786,0.0371413377926421,0.00866303909796435,0.020161781160632,0.0541208944246523,0.044,-0.001,9e-04,0.267
RRPV-BS,6.89150501672241,0.0371084949832776,0.00866879523895401,0.0201176563149277,0.0540993336516275,0.044,-0.001,9e-04,0.267
RRPV-BS,6.92434782608696,0.0370756521739131,0.00867464828048781,0.0200733415441569,0.0540779628036692,0.044,-0.001,9e-04,0.267
RRPV-BS,6.95719063545151,0.0370428093645485,0.00868059802655522,0.0200288372325003,0.0540567814965967,0.044,-0.001,9e-04,0.267
RRPV-BS,6.99003344481606,0.037009966555184,0.00868664427844862,0.0199841437694247,0.0540357893409432,0.044,-0.001,9e-04,0.267
RRPV-BS,7.0228762541806,0.0369771237458194,0.00869278683479467,0.0199392615496218,0.054014985942017,0.044,-0.001,9e-04,0.267
RRPV-BS,7.05571906354515,0.0369442809364549,0.00869902549158586,0.0198941909729466,0.0539943708999631,0.044,-0.001,9e-04,0.267
RRPV-BS,7.0885618729097,0.0369114381270903,0.00870536004221235,0.0198489324443541,0.0539739438098265,0.044,-0.001,9e-04,0.267
RRPV-BS,7.12140468227425,0.0368785953177258,0.00871179027749405,0.0198034863738374,0.0539537042616141,0.044,-0.001,9e-04,0.267
RRPV-BS,7.1542474916388,0.0368457525083612,0.00871831598571295,0.0197578531763638,0.0539336518403586,0.044,-0.001,9e-04,0.267
RRPV-BS,7.18709030100334,0.0368129096989967,0.00872493695264566,0.0197120332718112,0.0539137861261822,0.044,-0.001,9e-04,0.267
RRPV-BS,7.21993311036789,0.0367800668896321,0.00873165296159618,0.0196660270849036,0.0538941066943606,0.044,-0.001,9e-04,0.267
RRPV-BS,7.25277591973244,0.0367472240802676,0.00873846379342882,0.0196198350451471,0.0538746131153881,0.044,-0.001,9e-04,0.267
RRPV-BS,7.28561872909699,0.036714381270903,0.00874536922660142,0.0195734575867642,0.0538553049550418,0.044,-0.001,9e-04,0.267
RRPV-BS,7.31846153846154,0.0366815384615385,0.00875236903719865,0.0195268951486291,0.0538361817744478,0.044,-0.001,9e-04,0.267
RRPV-BS,7.35130434782609,0.0366486956521739,0.00875946299896551,0.0194801481742015,0.0538172431301463,0.044,-0.001,9e-04,0.267
RRPV-BS,7.38414715719064,0.0366158528428094,0.008766650883341,0.019433217111461,0.0537984885741577,0.044,-0.001,9e-04,0.267
RRPV-BS,7.41698996655518,0.0365830100334448,0.00877393245949198,0.0193861024128405,0.0537799176540491,0.044,-0.001,9e-04,0.267
RRPV-BS,7.44983277591973,0.0365501672240803,0.00878130749434708,0.01933880453516,0.0537615299130006,0.044,-0.001,9e-04,0.267
RRPV-BS,7.48267558528428,0.0365173244147157,0.0087887757526308,0.0192913239395594,0.0537433248898721,0.044,-0.001,9e-04,0.267
RRPV-BS,7.51551839464883,0.0364844816053512,0.00879633699689772,0.0192436610914317,0.0537253021192707,0.044,-0.001,9e-04,0.267
RRPV-BS,7.54836120401338,0.0364516387959866,0.00880399098756681,0.0191958164603557,0.0537074611316176,0.044,-0.001,9e-04,0.267
RRPV-BS,7.58120401337793,0.0364187959866221,0.00881173748295587,0.0191477905200286,0.0536898014532156,0.044,-0.001,9e-04,0.267
RRPV-BS,7.61404682274248,0.0363859531772575,0.00881957623931598,0.0190995837481982,0.0536723226063168,0.044,-0.001,9e-04,0.267
RRPV-BS,7.64688963210702,0.036353110367893,0.0088275070108661,0.0190511966265954,0.0536550241091906,0.044,-0.001,9e-04,0.267
RRPV-BS,7.67973244147157,0.0363202675585284,0.00883552954982773,0.0190026296408661,0.0536379054761908,0.044,-0.001,9e-04,0.267
RRPV-BS,7.71257525083612,0.0362874247491639,0.00884364360645958,0.0189538832805031,0.0536209662178247,0.044,-0.001,9e-04,0.267
RRPV-BS,7.74541806020067,0.0362545819397993,0.00885184892909236,0.0189049580387783,0.0536042058408204,0.044,-0.001,9e-04,0.267
RRPV-BS,7.77826086956522,0.0362217391304348,0.00886014526416353,0.0188558544126743,0.0535876238481953,0.044,-0.001,9e-04,0.267
RRPV-BS,7.81110367892977,0.0361888963210702,0.00886853235625213,0.0188065729028161,0.0535712197393244,0.044,-0.001,9e-04,0.267
RRPV-BS,7.84394648829431,0.0361560535117057,0.00887700994811362,0.018757114013403,0.0535549930100084,0.044,-0.001,9e-04,0.267
RRPV-BS,7.87678929765886,0.0361232107023411,0.00888557778071471,0.0187074782521403,0.053538943152542,0.044,-0.001,9e-04,0.267
RRPV-BS,7.90963210702341,0.0360903678929766,0.00889423559326823,0.0186576661301709,0.0535230696557823,0.044,-0.001,9e-04,0.267
RRPV-BS,7.94247491638796,0.036057525083612,0.00890298312326793,0.0186076781620069,0.0535073720052172,0.044,-0.001,9e-04,0.267
RRPV-BS,7.97531772575251,0.0360246822742475,0.00891182010652333,0.0185575148654618,0.0534918496830332,0.044,-0.001,9e-04,0.267
RRPV-BS,8.00816053511706,0.035991839464883,0.00892074627719447,0.0185071767615818,0.0534765021681841,0.044,-0.001,9e-04,0.267
RRPV-BS,8.04100334448161,0.0359589966555184,0.0089297613678267,0.0184566643745781,0.0534613289364587,0.044,-0.001,9e-04,0.267
RRPV-BS,8.07384615384616,0.0359261538461538,0.00893886510938537,0.0184059782317585,0.0534463294605492,0.044,-0.001,9e-04,0.267
RRPV-BS,8.1066889632107,0.0358933110367893,0.00894805723129046,0.01835511886346,0.0534315032101186,0.044,-0.001,9e-04,0.267
RRPV-BS,8.13953177257525,0.0358604682274248,0.00895733746145124,0.0183040868029803,0.0534168496518692,0.044,-0.001,9e-04,0.267
RRPV-BS,8.1723745819398,0.0358276254180602,0.00896670552630071,0.0182528825865108,0.0534023682496096,0.044,-0.001,9e-04,0.267
RRPV-BS,8.20521739130435,0.0357947826086957,0.00897616115083008,0.0182015067530687,0.0533880584643226,0.044,-0.001,9e-04,0.267
RRPV-BS,8.2380602006689,0.0357619397993311,0.00898570405862314,0.0181499598444298,0.0533739197542325,0.044,-0.001,9e-04,0.267
RRPV-BS,8.27090301003345,0.0357290969899666,0.00899533397189049,0.0180982424050612,0.0533599515748719,0.044,-0.001,9e-04,0.267
RRPV-BS,8.30374581939799,0.035696254180602,0.00900505061150373,0.0180463549820547,0.0533461533791493,0.044,-0.001,9e-04,0.267
RRPV-BS,8.33658862876254,0.0356634113712375,0.00901485369702947,0.0179942981250597,0.0533325246174152,0.044,-0.001,9e-04,0.267
RRPV-BS,8.36943143812709,0.0356305685618729,0.00902474294676329,0.0179420723862169,0.053319064737529,0.044,-0.001,9e-04,0.267
RRPV-BS,8.40227424749164,0.0355977257525084,0.00903471807776354,0.0178896783200918,0.0533057731849249,0.044,-0.001,9e-04,0.267
RRPV-BS,8.43511705685619,0.0355648829431438,0.009044778805885,0.0178371164836092,0.0532926494026784,0.044,-0.001,9e-04,0.267
RRPV-BS,8.46795986622074,0.0355320401337793,0.00905492484581244,0.0177843874359869,0.0532796928315717,0.044,-0.001,9e-04,0.267
RRPV-BS,8.50080267558528,0.0354991973244147,0.00906515591109397,0.0177314917386705,0.0532669029101589,0.044,-0.001,9e-04,0.267
RRPV-BS,8.53364548494983,0.0354663545150502,0.00907547171417432,0.0176784299552685,0.0532542790748318,0.044,-0.001,9e-04,0.267
RRPV-BS,8.56648829431438,0.0354335117056856,0.00908587196642788,0.017625202651487,0.0532418207598843,0.044,-0.001,9e-04,0.267
RRPV-BS,8.59933110367893,0.0354006688963211,0.00909635637819163,0.0175718103950655,0.0532295273975767,0.044,-0.001,9e-04,0.267
RRPV-BS,8.63217391304348,0.0353678260869565,0.00910692465879788,0.0175182537557127,0.0532173984182004,0.044,-0.001,9e-04,0.267
RRPV-BS,8.66501672240803,0.035334983277592,0.0091175765166068,0.0174645333050427,0.0532054332501413,0.044,-0.001,9e-04,0.267
RRPV-BS,8.69785953177258,0.0353021404682274,0.00912831165903883,0.0174106496165113,0.0531936313199435,0.044,-0.001,9e-04,0.267
RRPV-BS,8.73070234113712,0.0352692976588629,0.00913912979260687,0.0173566032653534,0.0531819920523724,0.044,-0.001,9e-04,0.267
RRPV-BS,8.76354515050167,0.0352364548494983,0.00915003062294823,0.0173023948285198,0.0531705148704769,0.044,-0.001,9e-04,0.267
RRPV-BS,8.79638795986622,0.0352036120401338,0.00916101385485646,0.0172480248846151,0.0531591991956524,0.044,-0.001,9e-04,0.267
RRPV-BS,8.82923076923077,0.0351707692307692,0.0091720791923129,0.017193494013836,0.0531480444477025,0.044,-0.001,9e-04,0.267
RRPV-BS,8.86207357859532,0.0351379264214047,0.00918322633851808,0.0171388027979093,0.0531370500449001,0.044,-0.001,9e-04,0.267
RRPV-BS,8.89491638795987,0.0351050836120401,0.00919445499592285,0.0170839518200313,0.0531262154040489,0.044,-0.001,9e-04,0.267
RRPV-BS,8.92775919732442,0.0350722408026756,0.00920576486625935,0.0170289416648073,0.0531155399405439,0.044,-0.001,9e-04,0.267
RRPV-BS,8.96060200668896,0.035039397993311,0.00921715565057165,0.0169737729181906,0.0531050230684315,0.044,-0.001,9e-04,0.267
RRPV-BS,8.99344481605351,0.0350065551839465,0.0092286270492463,0.0169184461674237,0.0530946642004692,0.044,-0.001,9e-04,0.267
RRPV-BS,9.02628762541806,0.0349737123745819,0.00924017876204252,0.0168629620009786,0.0530844627481853,0.044,-0.001,9e-04,0.267
RRPV-BS,9.05913043478261,0.0349408695652174,0.00925181048812223,0.0168073210084978,0.053074418121937,0.044,-0.001,9e-04,0.267
RRPV-BS,9.09197324414716,0.0349080267558528,0.0092635219260798,0.0167515237807364,0.0530645297309693,0.044,-0.001,9e-04,0.267
RRPV-BS,9.12481605351171,0.0348751839464883,0.00927531277397153,0.0166955709095041,0.0530547969834725,0.044,-0.001,9e-04,0.267
RRPV-BS,9.15765886287625,0.0348423411371238,0.00928718272934496,0.0166394629876076,0.0530452192866399,0.044,-0.001,9e-04,0.267
RRPV-BS,9.1905016722408,0.0348094983277592,0.00929913148926785,0.0165832006087942,0.0530357960467242,0.044,-0.001,9e-04,0.267
RRPV-BS,9.22334448160535,0.0347766555183947,0.00931115875035692,0.0165267843676951,0.0530265266690942,0.044,-0.001,9e-04,0.267
RRPV-BS,9.2561872909699,0.0347438127090301,0.00932326420880633,0.0164702148597697,0.0530174105582905,0.044,-0.001,9e-04,0.267
RRPV-BS,9.28903010033445,0.0347109698996656,0.00933544756041593,0.0164134926812503,0.0530084471180808,0.044,-0.001,9e-04,0.267
RRPV-BS,9.321872909699,0.034678127090301,0.00934770850061918,0.0163566184290874,0.0529996357515146,0.044,-0.001,9e-04,0.267
RRPV-BS,9.35471571906355,0.0346452842809365,0.00936004672451083,0.0162995927008952,0.0529909758609777,0.044,-0.001,9e-04,0.267
RRPV-BS,9.38755852842809,0.0346124414715719,0.00937246192687437,0.0162424160948982,0.0529824668482457,0.044,-0.001,9e-04,0.267
RRPV-BS,9.42040133779264,0.0345795986622074,0.00938495380220909,0.0161850892098776,0.0529741081145372,0.044,-0.001,9e-04,0.267
RRPV-BS,9.45324414715719,0.0345467558528428,0.009397522044757,0.0161276126451191,0.0529658990605665,0.044,-0.001,9e-04,0.267
RRPV-BS,9.48608695652174,0.0345139130434783,0.00941016634852936,0.0160699870003607,0.0529578390865958,0.044,-0.001,9e-04,0.267
RRPV-BS,9.51892976588629,0.0344810702341137,0.00942288640733298,0.0160122128757411,0.0529499275924864,0.044,-0.001,9e-04,0.267
RRPV-BS,9.55177257525084,0.0344482274247492,0.00943568191479623,0.0159542908717486,0.0529421639777498,0.044,-0.001,9e-04,0.267
RRPV-BS,9.58461538461538,0.0344153846153846,0.00944855256439473,0.0158962215891709,0.0529345476415983,0.044,-0.001,9e-04,0.267
RRPV-BS,9.61745819397993,0.0343825418060201,0.00946149804947681,0.0158380056290455,0.0529270779829946,0.044,-0.001,9e-04,0.267
RRPV-BS,9.65030100334448,0.0343496989966555,0.00947451806328863,0.0157796435926098,0.0529197544007012,0.044,-0.001,9e-04,0.267
RRPV-BS,9.68314381270903,0.034316856187291,0.009487612298999,0.0157211360812529,0.052912576293329,0.044,-0.001,9e-04,0.267
RRPV-BS,9.71598662207358,0.0342840133779264,0.00950078044972398,0.0156624836964674,0.0529055430593854,0.044,-0.001,9e-04,0.267
RRPV-BS,9.74882943143813,0.0342511705685619,0.00951402220855109,0.0156036870398017,0.052898654097322,0.044,-0.001,9e-04,0.267
RRPV-BS,9.78167224080268,0.0342183277591973,0.00952733726856329,0.0155447467128133,0.0528919088055814,0.044,-0.001,9e-04,0.267
RRPV-BS,9.81451505016722,0.0341854849498328,0.00954072532286263,0.015485663317022,0.0528853065826435,0.044,-0.001,9e-04,0.267
RRPV-BS,9.84735785953177,0.0341526421404682,0.00955418606459364,0.0154264374538647,0.0528788468270718,0.044,-0.001,9e-04,0.267
RRPV-BS,9.88020066889632,0.0341197993311037,0.00956771918696634,0.0153670697246496,0.0528725289375577,0.044,-0.001,9e-04,0.267
RRPV-BS,9.91304347826087,0.0340869565217391,0.00958132438327908,0.0153075607305121,0.0528663523129661,0.044,-0.001,9e-04,0.267
RRPV-BS,9.94588628762542,0.0340541137123746,0.00959500134694093,0.0152479110723704,0.0528603163523788,0.044,-0.001,9e-04,0.267
RRPV-BS,9.97872909698997,0.03402127090301,0.00960874977149389,0.015188121350882,0.0528544204551381,0.044,-0.001,9e-04,0.267
RRPV-BS,10.0115719063545,0.0339884280936455,0.00962256935063474,0.0151281921664014,0.0528486640208896,0.044,-0.001,9e-04,0.267
RRPV-BS,10.0444147157191,0.0339555852842809,0.00963645977823662,0.0150681241189372,0.0528430464496247,0.044,-0.001,9e-04,0.267
RRPV-BS,10.0772575250836,0.0339227424749164,0.00965042074837024,0.0150079178081107,0.0528375671417221,0.044,-0.001,9e-04,0.267
RRPV-BS,10.1101003344482,0.0338898996655518,0.00966445195532489,0.0149475738331151,0.0528322254979886,0.044,-0.001,9e-04,0.267
RRPV-BS,10.1429431438127,0.0338570568561873,0.00967855309362908,0.0148870927926743,0.0528270209197003,0.044,-0.001,9e-04,0.267
RRPV-BS,10.1757859531773,0.0338242140468227,0.00969272385807089,0.0148264752850038,0.0528219528086417,0.044,-0.001,9e-04,0.267
RRPV-BS,10.2086287625418,0.0337913712374582,0.00970696394371804,0.0147657219077708,0.0528170205671455,0.044,-0.001,9e-04,0.267
RRPV-BS,10.2414715719064,0.0337585284280936,0.00972127304593761,0.0147048332580559,0.0528122235981314,0.044,-0.001,9e-04,0.267
RRPV-BS,10.2743143812709,0.0337256856187291,0.00973565086041553,0.0146438099323146,0.0528075613051435,0.044,-0.001,9e-04,0.267
RRPV-BS,10.3071571906355,0.0336928428093646,0.00975009708317574,0.0145826525263401,0.052803033092389,0.044,-0.001,9e-04,0.267
RRPV-BS,10.34,0.03366,0.00976461141059899,0.014521361635226,0.052798638364774,0.044,-0.001,9e-04,0.267
RRPV-only,0.52,0.0767520000000001,0.0115989302955057,0.0540180966208089,0.0994859033791912,0.0780000000000001,-0.0024,0.0011,0.029
RRPV-only,0.552842809364549,0.0766731772575251,0.0115836272628502,0.0539692678223387,0.0993770866927116,0.0780000000000001,-0.0024,0.0011,0.029
RRPV-only,0.585685618729097,0.0765943545150502,0.0115684168088205,0.053920257569762,0.0992684514603384,0.0780000000000001,-0.0024,0.0011,0.029
RRPV-only,0.618528428093646,0.0765155317725753,0.0115532992990688,0.0538710651464005,0.0991599983987501,0.0780000000000001,-0.0024,0.0011,0.029
RRPV-only,0.651371237458194,0.0764367090301004,0.0115382750989232,0.0538216898362109,0.0990517282239899,0.0780000000000001,-0.0024,0.0011,0.029
RRPV-only,0.684214046822742,0.0763578862876255,0.0115233445733566,0.0537721309238465,0.0989436416514044,0.0780000000000001,-0.0024,0.0011,0.029
RRPV-only,0.717056856187291,0.0762790635451506,0.0115085080869542,0.0537223876947203,0.0988357393955808,0.0780000000000001,-0.0024,0.0011,0.029
RRPV-only,0.74989966555184,0.0762002408026756,0.0114937660038814,0.053672459435068,0.0987280221702832,0.0780000000000001,-0.0024,0.0011,0.029
RRPV-only,0.782742474916388,0.0761214180602007,0.0114791186878514,0.0536223454320121,0.0986204906883894,0.0780000000000001,-0.0024,0.0011,0.029
RRPV-only,0.815585284280937,0.0760425953177258,0.0114645665020917,0.0535720449736261,0.0985131456618255,0.0780000000000001,-0.0024,0.0011,0.029
RRPV-only,0.848428093645485,0.0759637725752509,0.0114501098093117,0.0535215573490001,0.0984059878015017,0.0780000000000001,-0.0024,0.0011,0.029
RRPV-only,0.881270903010034,0.075884949832776,0.0114357489716684,0.053470881848306,0.098299017817246,0.0780000000000001,-0.0024,0.0011,0.029
RRPV-only,0.914113712374582,0.0758061270903011,0.0114214843507331,0.0534200177628642,0.0981922364177379,0.0780000000000001,-0.0024,0.0011,0.029
RRPV-only,0.94695652173913,0.0757273043478261,0.011407316307457,0.0533689643852104,0.0980856443104419,0.0780000000000001,-0.0024,0.0011,0.029
RRPV-only,0.979799331103679,0.0756484816053512,0.0113932452021369,0.0533177210091629,0.0979792422015395,0.0780000000000001,-0.0024,0.0011,0.029
RRPV-only,1.01264214046823,0.0755696588628763,0.0113792713943804,0.0532662869298908,0.0978730307958618,0.0780000000000001,-0.0024,0.0011,0.029
RRPV-only,1.04548494983278,0.0754908361204014,0.0113653952430709,0.0532146614439824,0.0977670107968204,0.0780000000000001,-0.0024,0.0011,0.029
RRPV-only,1.07832775919732,0.0754120133779265,0.0113516171063325,0.0531628438495147,0.0976611829063383,0.0780000000000001,-0.0024,0.0011,0.029
RRPV-only,1.11117056856187,0.0753331906354516,0.0113379373414943,0.0531108334461227,0.0975555478247805,0.0780000000000001,-0.0024,0.0011,0.029
RRPV-only,1.14401337792642,0.0752543678929766,0.0113243563050546,0.0530586295350697,0.0974501062508836,0.0780000000000001,-0.0024,0.0011,0.029
RRPV-only,1.17685618729097,0.0751755451505017,0.0113108743526446,0.0530062314193183,0.0973448588816851,0.0780000000000001,-0.0024,0.0011,0.029
RRPV-only,1.20969899665552,0.0750967224080268,0.0112974918389926,0.0529536384036013,0.0972398064124523,0.0780000000000001,-0.0024,0.0011,0.029
RRPV-only,1.24254180602007,0.0750178996655519,0.011284209117887,0.0529008497944934,0.0971349495366104,0.0780000000000001,-0.0024,0.0011,0.029
RRPV-only,1.27538461538462,0.074939076923077,0.0112710265421393,0.0528478649004839,0.0970302889456701,0.0780000000000001,-0.0024,0.0011,0.029
RRPV-only,1.30822742474916,0.0748602541806021,0.0112579444635476,0.0527946830320487,0.0969258253291554,0.0780000000000001,-0.0024,0.0011,0.029
RRPV-only,1.34107023411371,0.0747814314381271,0.0112449632328587,0.0527413035017241,0.0968215593745301,0.0780000000000001,-0.0024,0.0011,0.029
RRPV-only,1.37391304347826,0.0747026086956522,0.0112320831997306,0.0526877256241802,0.0967174917671243,0.0780000000000001,-0.0024,0.0011,0.029
RRPV-only,1.40675585284281,0.0746237859531773,0.0112193047126953,0.0526339487162946,0.09661362319006,0.0780000000000001,-0.0024,0.0011,0.029
RRPV-only,1.43959866220736,0.0745449632107024,0.0112066281191199,0.0525799720972274,0.0965099543241774,0.0780000000000001,-0.0024,0.0011,0.029
RRPV-only,1.47244147157191,0.0744661404682275,0.0111940537651692,0.0525257950884959,0.096406485847959,0.0780000000000001,-0.0024,0.0011,0.029
RRPV-only,1.50528428093646,0.0743873177257526,0.0111815819957667,0.0524714170140498,0.0963032184374553,0.0780000000000001,-0.0024,0.0011,0.029
RRPV-only,1.538127090301,0.0743084949832776,0.0111692131545565,0.0524168372003468,0.0962001527662084,0.0780000000000001,-0.0024,0.0011,0.029
RRPV-only,1.57096989966555,0.0742296722408027,0.011156947583864,0.0523620549764292,0.0960972895051762,0.0780000000000001,-0.0024,0.0011,0.029
RRPV-only,1.6038127090301,0.0741508494983278,0.0111447856246573,0.0523070696739995,0.0959946293226561,0.0780000000000001,-0.0024,0.0011,0.029
RRPV-only,1.63665551839465,0.0740720267558529,0.0111327276165077,0.0522518806274977,0.095892172884208,0.0780000000000001,-0.0024,0.0011,0.029
RRPV-only,1.6694983277592,0.073993204013378,0.0111207738975508,0.0521964871741785,0.0957899208525775,0.0780000000000001,-0.0024,0.0011,0.029
RRPV-only,1.70234113712375,0.0739143812709031,0.0111089248044465,0.0521408886541879,0.0956878738876182,0.0780000000000001,-0.0024,0.0011,0.029
RRPV-only,1.73518394648829,0.0738355585284281,0.0110971806723399,0.052085084410642,0.0955860326462144,0.0780000000000001,-0.0024,0.0011,0.029
RRPV-only,1.76802675585284,0.0737567357859532,0.0110855418348211,0.0520290737897039,0.0954843977822026,0.0780000000000001,-0.0024,0.0011,0.029
RRPV-only,1.80086956521739,0.0736779130434783,0.0110740086238855,0.0519728561406627,0.0953829699462939,0.0780000000000001,-0.0024,0.0011,0.029
RRPV-only,1.83371237458194,0.0735990903010034,0.0110625813698937,0.0519164308160117,0.0952817497859951,0.0780000000000001,-0.0024,0.0011,0.029
RRPV-only,1.86655518394649,0.0735202675585285,0.0110512604015314,0.0518597971715269,0.09518073794553,0.0780000000000001,-0.0024,0.0011,0.029
RRPV-only,1.89939799331104,0.0734414448160536,0.011040046045769,0.0518029545663464,0.0950799350657608,0.0780000000000001,-0.0024,0.0011,0.029
RRPV-only,1.93224080267559,0.0733626220735787,0.0110289386278214,0.0517459023630488,0.0949793417841085,0.0780000000000001,-0.0024,0.0011,0.029
RRPV-only,1.96508361204013,0.0732837993311037,0.0110179384711074,0.0516886399277333,0.0948789587344742,0.0780000000000001,-0.0024,0.0011,0.029
RRPV-only,1.99792642140468,0.0732049765886288,0.0110070458972094,0.0516311666300985,0.0947787865471592,0.0780000000000001,-0.0024,0.0011,0.029
RRPV-only,2.03076923076923,0.0731261538461539,0.0109962612258324,0.0515734818435223,0.0946788258487855,0.0780000000000001,-0.0024,0.0011,0.029
RRPV-only,2.06361204013378,0.073047331103679,0.0109855847747639,0.0515155849451417,0.0945790772622163,0.0780000000000001,-0.0024,0.0011,0.029
RRPV-only,2.09645484949833,0.0729685083612041,0.0109750168598327,0.051457475315932,0.0944795414064762,0.0780000000000001,-0.0024,0.0011,0.029
RRPV-only,2.12929765886288,0.0728896856187292,0.0109645577948683,0.0513991523407873,0.0943802188966709,0.0780000000000001,-0.0024,0.0011,0.029
RRPV-only,2.16214046822742,0.0728108628762542,0.0109542078916601,0.0513406154086005,0.094281110343908,0.0780000000000001,-0.0024,0.0011,0.029
RRPV-only,2.19498327759197,0.0727320401337793,0.0109439674599167,0.0512818639123425,0.0941822163552161,0.0780000000000001,-0.0024,0.0011,0.029
RRPV-only,2.22782608695652,0.0726532173913044,0.0109338368072252,0.051222897249143,0.0940835375334658,0.0780000000000001,-0.0024,0.0011,0.029
RRPV-only,2.26066889632107,0.0725743946488295,0.0109238162390099,0.0511637148203702,0.0939850744772888,0.0780000000000001,-0.0024,0.0011,0.029
RRPV-only,2.29351170568562,0.0724955719063546,0.0109139060584919,0.0511043160317105,0.0938868277809986,0.0780000000000001,-0.0024,0.0011,0.029
RRPV-only,2.32635451505017,0.0724167491638797,0.0109041065666483,0.0510447002932489,0.0937887980345104,0.0780000000000001,-0.0024,0.0011,0.029
RRPV-only,2.35919732441472,0.0723379264214047,0.0108944180621715,0.0509848670195486,0.0936909858232608,0.0780000000000001,-0.0024,0.0011,0.029
RRPV-only,2.39204013377926,0.0722591036789298,0.010884840841428,0.0509248156297309,0.0935933917281288,0.0780000000000001,-0.0024,0.0011,0.029
RRPV-only,2.42488294314381,0.0721802809364549,0.0108753751984186,0.0508645455475544,0.0934960163253554,0.0780000000000001,-0.0024,0.0011,0.029
RRPV-only,2.45772575250836,0.07210145819398,0.0108660214247371,0.0508040562014953,0.0933988601864647,0.0780000000000001,-0.0024,0.0011,0.029
RRPV-only,2.49056856187291,0.0720226354515051,0.0108567798095301,0.0507433470248262,0.093301923878184,0.0780000000000001,-0.0024,0.0011,0.029
RRPV-only,2.52341137123746,0.0719438127090302,0.0108476506394565,0.0506824174556955,0.0932052079623648,0.0780000000000001,-0.0024,0.0011,0.029
RRPV-only,2.55625418060201,0.0718649899665552,0.0108386341986474,0.0506212669372064,0.0931087129959041,0.0780000000000001,-0.0024,0.0011,0.029
RRPV-only,2.58909698996656,0.0717861672240803,0.0108297307686657,0.0505598949174956,0.093012439530665,0.0780000000000001,-0.0024,0.0011,0.029
RRPV-only,2.6219397993311,0.0717073444816054,0.010820940628466,0.050498300849812,0.0929163881133988,0.0780000000000001,-0.0024,0.0011,0.029
RRPV-only,2.65478260869565,0.0716285217391305,0.010812264054355,0.0504364841925947,0.0928205592856662,0.0780000000000001,-0.0024,0.0011,0.029
RRPV-only,2.6876254180602,0.0715496989966556,0.0108037013199511,0.0503744444095514,0.0927249535837598,0.0780000000000001,-0.0024,0.0011,0.029
RRPV-only,2.72046822742475,0.0714708762541807,0.0107952526961456,0.0503121809697354,0.0926295715386259,0.0780000000000001,-0.0024,0.0011,0.029
RRPV-only,2.7533110367893,0.0713920535117057,0.0107869184510624,0.0502496933476235,0.092534413675788,0.0780000000000001,-0.0024,0.0011,0.029
RRPV-only,2.78615384615385,0.0713132307692308,0.0107786988500193,0.0501869810231929,0.0924394805152687,0.0780000000000001,-0.0024,0.0011,0.029
RRPV-only,2.8189966555184,0.0712344080267559,0.010770594155489,0.0501240434819974,0.0923447725715144,0.0780000000000001,-0.0024,0.0011,0.029
RRPV-only,2.85183946488294,0.071155585284281,0.0107626046270597,0.0500608802152439,0.0922502903533181,0.0780000000000001,-0.0024,0.0011,0.029
RRPV-only,2.88468227424749,0.0710767625418061,0.010754730521397,0.049997490719868,0.0921560343637442,0.0780000000000001,-0.0024,0.0011,0.029
RRPV-only,2.91752508361204,0.0709979397993312,0.0107469720922051,0.0499338744986091,0.0920620051000532,0.0780000000000001,-0.0024,0.0011,0.029
RRPV-only,2.95036789297659,0.0709191170568562,0.0107393295901891,0.0498700310600856,0.0919682030536269,0.0780000000000001,-0.0024,0.0011,0.029
RRPV-only,2.98321070234114,0.0708402943143813,0.0107318032630166,0.0498059599188688,0.0918746287098938,0.0780000000000001,-0.0024,0.0011,0.029
RRPV-only,3.01605351170569,0.0707614715719064,0.0107243933552804,0.0497416605955568,0.091781282548256,0.0780000000000001,-0.0024,0.0011,0.029
RRPV-only,3.04889632107023,0.0706826488294315,0.0107171001084612,0.0496771326168475,0.0916881650420155,0.0780000000000001,-0.0024,0.0011,0.029
RRPV-only,3.08173913043478,0.0706038260869566,0.0107099237608903,0.0496123755156115,0.0915952766583016,0.0780000000000001,-0.0024,0.0011,0.029
RRPV-only,3.11458193979933,0.0705250033444817,0.0107028645477131,0.0495473888309639,0.0915026178579994,0.0780000000000001,-0.0024,0.0011,0.029
RRPV-only,3.14742474916388,0.0704461806020067,0.0106959227008525,0.0494821721083357,0.0914101890956777,0.0780000000000001,-0.0024,0.0011,0.029
RRPV-only,3.18026755852843,0.0703673578595318,0.0106890984489731,0.0494167248995446,0.091317990819519,0.0780000000000001,-0.0024,0.0011,0.029
RRPV-only,3.21311036789298,0.0702885351170569,0.0106823920174449,0.0493510467628648,0.091226023471249,0.0780000000000001,-0.0024,0.0011,0.029
RRPV-only,3.24595317725753,0.070209712374582,0.0106758036283088,0.0492851372630967,0.0911342874860673,0.0780000000000001,-0.0024,0.0011,0.029
RRPV-only,3.27879598662207,0.0701308896321071,0.0106693335002407,0.0492189959716353,0.0910427832925789,0.0780000000000001,-0.0024,0.0011,0.029
RRPV-only,3.31163879598662,0.0700520668896322,0.0106629818485175,0.0491526224665379,0.0909515113127264,0.0780000000000001,-0.0024,0.0011,0.029
RRPV-only,3.34448160535117,0.0699732441471572,0.0106567488849825,0.0490860163325916,0.0908604719617229,0.0780000000000001,-0.0024,0.0011,0.029
RRPV-only,3.37732441471572,0.0698944214046823,0.0106506348180117,0.0490191771613793,0.0907696656479854,0.0780000000000001,-0.0024,0.0011,0.029
RRPV-only,3.41016722408027,0.0698155986622074,0.0106446398524807,0.0489521045513452,0.0906790927730696,0.0780000000000001,-0.0024,0.0011,0.029
RRPV-only,3.44301003344482,0.0697367759197325,0.0106387641897311,0.0488847981078596,0.0905887537316054,0.0780000000000001,-0.0024,0.0011,0.029
RRPV-only,3.47585284280936,0.0696579531772576,0.0106330080275383,0.0488172574432824,0.0904986489112327,0.0780000000000001,-0.0024,0.0011,0.029
RRPV-only,3.50869565217391,0.0695791304347827,0.0106273715600798,0.0487494821770263,0.090408778692539,0.0780000000000001,-0.0024,0.0011,0.029
RRPV-only,3.54153846153846,0.0695003076923077,0.0106218549779028,0.0486814719356183,0.0903191434489972,0.0780000000000001,-0.0024,0.0011,0.029
RRPV-only,3.57438127090301,0.0694214849498328,0.0106164584678936,0.0486132263527613,0.0902297435469043,0.0780000000000001,-0.0024,0.0011,0.029
RRPV-only,3.60722408026756,0.0693426622073579,0.010611182213247,0.0485447450693938,0.0901405793453221,0.0780000000000001,-0.0024,0.0011,0.029
RRPV-only,3.64006688963211,0.069263839464883,0.0106060263934358,0.0484760277337488,0.0900516511960172,0.0780000000000001,-0.0024,0.0011,0.029
RRPV-only,3.67290969899666,0.0691850167224081,0.0106009911841814,0.0484070740014126,0.0899629594434035,0.0780000000000001,-0.0024,0.0011,0.029
RRPV-only,3.7057525083612,0.0691061939799332,0.0105960767574245,0.0483378835353811,0.0898745044244852,0.0780000000000001,-0.0024,0.0011,0.029
RRPV-only,3.73859531772575,0.0690273712374582,0.010591283281297,0.0482684560061162,0.0897862864688003,0.0780000000000001,-0.0024,0.0011,0.029
RRPV-only,3.7714381270903,0.0689485484949833,0.0105866109200932,0.0481987910916007,0.089698305898366,0.0780000000000001,-0.0024,0.0011,0.029
RRPV-only,3.80428093645485,0.0688697257525084,0.010582059834243,0.0481288884773921,0.0896105630276248,0.0780000000000001,-0.0024,0.0011,0.029
RRPV-only,3.8371237458194,0.0687909030100335,0.0105776301802847,0.0480587478566755,0.0895230581633915,0.0780000000000001,-0.0024,0.0011,0.029
RRPV-only,3.86996655518395,0.0687120802675586,0.0105733221108386,0.047988368930315,0.0894357916048021,0.0780000000000001,-0.0024,0.0011,0.029
RRPV-only,3.9028093645485,0.0686332575250837,0.0105691357745812,0.0479177514069045,0.0893487636432628,0.0780000000000001,-0.0024,0.0011,0.029
RRPV-only,3.93565217391304,0.0685544347826087,0.0105650713162205,0.0478468950028166,0.0892619745624008,0.0780000000000001,-0.0024,0.0011,0.029
RRPV-only,3.96849498327759,0.0684756120401338,0.0105611288764707,0.0477757994422512,0.0891754246380164,0.0780000000000001,-0.0024,0.0011,0.029
RRPV-only,4.00133779264214,0.0683967892976589,0.010557308592029,0.047704464457282,0.0890891141380358,0.0780000000000001,-0.0024,0.0011,0.029
RRPV-only,4.03418060200669,0.068317966555184,0.0105536105955518,0.0476328897879024,0.0890030433224656,0.0780000000000001,-0.0024,0.0011,0.029
RRPV-only,4.06702341137124,0.0682391438127091,0.0105500350156322,0.04756107518207,0.0889172124433481,0.0780000000000001,-0.0024,0.0011,0.029
RRPV-only,4.09986622073579,0.0681603210702342,0.0105465819767777,0.0474890203957498,0.0888316217447185,0.0780000000000001,-0.0024,0.0011,0.029
RRPV-only,4.13270903010034,0.0680814983277592,0.0105432515993895,0.0474167251929559,0.0887462714625626,0.0780000000000001,-0.0024,0.0011,0.029
RRPV-only,4.16555183946488,0.0680026755852843,0.0105400439997407,0.0473441893457925,0.0886611618247762,0.0780000000000001,-0.0024,0.0011,0.029
RRPV-only,4.19839464882943,0.0679238528428094,0.0105369592899575,0.0472714126344928,0.088576293051126,0.0780000000000001,-0.0024,0.0011,0.029
RRPV-only,4.23123745819398,0.0678450301003345,0.0105339975779985,0.0471983948474575,0.0884916653532115,0.0780000000000001,-0.0024,0.0011,0.029
RRPV-only,4.26408026755853,0.0677662073578596,0.010531158967637,0.047125135781291,0.0884072789344282,0.0780000000000001,-0.0024,0.0011,0.029
RRPV-only,4.29692307692308,0.0676873846153847,0.0105284435584427,0.047051635240837,0.0883231339899324,0.0780000000000001,-0.0024,0.0011,0.029
RRPV-only,4.32976588628763,0.0676085618729097,0.010525851445764,0.0469778930392123,0.0882392307066072,0.0780000000000001,-0.0024,0.0011,0.029
RRPV-only,4.36260869565217,0.0675297391304348,0.0105233827207119,0.0469039089978394,0.0881555692630302,0.0780000000000001,-0.0024,0.0011,0.029
RRPV-only,4.39545150501672,0.0674509163879599,0.0105210374701439,0.0468296829464779,0.088072149829442,0.0780000000000001,-0.0024,0.0011,0.029
RRPV-only,4.42829431438127,0.067372093645485,0.0105188157766486,0.0467552147232537,0.0879889725677163,0.0780000000000001,-0.0024,0.0011,0.029
RRPV-only,4.46113712374582,0.0672932709030101,0.0105167177185318,0.0466805041746878,0.0879060376313323,0.0780000000000001,-0.0024,0.0011,0.029
RRPV-only,4.49397993311037,0.0672144481605352,0.010514743369802,0.0466055511557233,0.0878233451653471,0.0780000000000001,-0.0024,0.0011,0.029
RRPV-only,4.52682274247492,0.0671356254180603,0.0105128928001582,0.0465303555297503,0.0877408953063702,0.0780000000000001,-0.0024,0.0011,0.029
RRPV-only,4.55966555183947,0.0670568026755853,0.010511166074977,0.0464549171686305,0.0876586881825402,0.0780000000000001,-0.0024,0.0011,0.029
RRPV-only,4.59250836120401,0.0669779799331104,0.0105095632553015,0.0463792359527195,0.0875767239135014,0.0780000000000001,-0.0024,0.0011,0.029
RRPV-only,4.62535117056856,0.0668991571906355,0.0105080843978304,0.0463033117708879,0.0874950026103831,0.0780000000000001,-0.0024,0.0011,0.029
RRPV-only,4.65819397993311,0.0668203344481606,0.0105067295549081,0.0462271445205408,0.0874135243757804,0.0780000000000001,-0.0024,0.0011,0.029
RRPV-only,4.69103678929766,0.0667415117056857,0.010505498774515,0.0461507341076362,0.0873322893037351,0.0780000000000001,-0.0024,0.0011,0.029
RRPV-only,4.72387959866221,0.0666626889632108,0.0105043921002599,0.0460740804467014,0.0872512974797201,0.0780000000000001,-0.0024,0.0011,0.029
RRPV-only,4.75672240802676,0.0665838662207358,0.0105034095713713,0.045997183460848,0.0871705489806237,0.0780000000000001,-0.0024,0.0011,0.029
RRPV-only,4.78956521739131,0.0665050434782609,0.0105025512226913,0.0459200430817859,0.087090043874736,0.0780000000000001,-0.0024,0.0011,0.029
RRPV-only,4.82240802675585,0.066426220735786,0.0105018170846689,0.045842659249835,0.0870097822217369,0.0780000000000001,-0.0024,0.0011,0.029
RRPV-only,4.8552508361204,0.0663473979933111,0.0105012071833545,0.0457650319139362,0.086929764072686,0.0780000000000001,-0.0024,0.0011,0.029
RRPV-only,4.88809364548495,0.0662685752508362,0.0105007215403961,0.0456871610316598,0.0868499894700126,0.0780000000000001,-0.0024,0.0011,0.029
RRPV-only,4.9209364548495,0.0661897525083613,0.0105003601730344,0.0456090465692137,0.0867704584475088,0.0780000000000001,-0.0024,0.0011,0.029
RRPV-only,4.95377926421405,0.0661109297658863,0.0105001230941006,0.0455306885014492,0.0866911710303235,0.0780000000000001,-0.0024,0.0011,0.029
RRPV-only,4.9866220735786,0.0660321070234114,0.0105000103120134,0.0454520868118652,0.0866121272349577,0.0780000000000001,-0.0024,0.0011,0.029
RRPV-only,5.01946488294314,0.0659532842809365,0.0105000218307782,0.0453732414926113,0.0865333270692617,0.0780000000000001,-0.0024,0.0011,0.029
RRPV-only,5.05230769230769,0.0658744615384616,0.0105001576499858,0.0452941525444893,0.0864547705324338,0.0780000000000001,-0.0024,0.0011,0.029
RRPV-only,5.08515050167224,0.0657956387959867,0.0105004177648131,0.0452148199769531,0.0863764576150203,0.0780000000000001,-0.0024,0.0011,0.029
RRPV-only,5.11799331103679,0.0657168160535117,0.010500802166023,0.0451352438081066,0.0862983882989169,0.0780000000000001,-0.0024,0.0011,0.029
RRPV-only,5.15083612040134,0.0656379933110368,0.0105013108399672,0.045055424064701,0.0862205625573726,0.0780000000000001,-0.0024,0.0011,0.029
RRPV-only,5.18367892976589,0.0655591705685619,0.0105019437685878,0.0449753607821298,0.086142980354994,0.0780000000000001,-0.0024,0.0011,0.029
RRPV-only,5.21652173913044,0.065480347826087,0.0105027009294207,0.0448950540044224,0.0860656416477516,0.0780000000000001,-0.0024,0.0011,0.029
RRPV-only,5.24936454849498,0.0654015250836121,0.0105035822955997,0.0448145037842366,0.0859885463829875,0.0780000000000001,-0.0024,0.0011,0.029
RRPV-only,5.28220735785953,0.0653227023411372,0.0105045878358613,0.0447337101828491,0.0859116944994253,0.0780000000000001,-0.0024,0.0011,0.029
RRPV-only,5.31505016722408,0.0652438795986623,0.0105057175145499,0.0446526732701445,0.08583508592718,0.0780000000000001,-0.0024,0.0011,0.029
RRPV-only,5.34789297658863,0.0651650568561873,0.0105069712916246,0.0445713931246031,0.0857587205877715,0.0780000000000001,-0.0024,0.0011,0.029
RRPV-only,5.38073578595318,0.0650862341137124,0.0105083491226659,0.0444898698332872,0.0856825983941376,0.0780000000000001,-0.0024,0.0011,0.029
RRPV-only,5.41357859531773,0.0650074113712375,0.0105098509588838,0.0444081034918252,0.0856067192506498,0.0780000000000001,-0.0024,0.0011,0.029
RRPV-only,5.44642140468227,0.0649285886287626,0.0105114767471263,0.0443260942043951,0.08553108305313,0.0780000000000001,-0.0024,0.0011,0.029
RRPV-only,5.47926421404682,0.0648497658862877,0.0105132264298886,0.0442438420837061,0.0854556896888693,0.0780000000000001,-0.0024,0.0011,0.029
RRPV-only,5.51210702341137,0.0647709431438128,0.0105150999453237,0.0441613472509782,0.0853805390366473,0.0780000000000001,-0.0024,0.0011,0.029
RRPV-only,5.54494983277592,0.0646921204013378,0.010517097227253,0.0440786098359219,0.0853056309667538,0.0780000000000001,-0.0024,0.0011,0.029
RRPV-only,5.57779264214047,0.0646132976588629,0.0105192182051779,0.0439956299767141,0.0852309653410117,0.0780000000000001,-0.0024,0.0011,0.029
RRPV-only,5.61063545150502,0.064534474916388,0.0105214628042924,0.0439124078199749,0.0851565420128011,0.0780000000000001,-0.0024,0.0011,0.029
RRPV-only,5.64347826086957,0.0644556521739131,0.0105238309454959,0.0438289435207412,0.085082360827085,0.0780000000000001,-0.0024,0.0011,0.029
RRPV-only,5.67632107023411,0.0643768294314382,0.0105263225454074,0.0437452372424397,0.0850084216204366,0.0780000000000001,-0.0024,0.0011,0.029
RRPV-only,5.70916387959866,0.0642980066889633,0.01052893751638,0.0436612891568585,0.0849347242210681,0.0780000000000001,-0.0024,0.0011,0.029
RRPV-only,5.74200668896321,0.0642191839464883,0.0105316757665162,0.0435770994441166,0.0848612684488601,0.0780000000000001,-0.0024,0.0011,0.029
RRPV-only,5.77484949832776,0.0641403612040134,0.0105345371996838,0.0434926682926332,0.0847880541153936,0.0780000000000001,-0.0024,0.0011,0.029
RRPV-only,5.80769230769231,0.0640615384615385,0.0105375217155328,0.0434079958990942,0.0847150810239828,0.0780000000000001,-0.0024,0.0011,0.029
RRPV-only,5.84053511705686,0.0639827157190636,0.0105406292095129,0.0433230824684182,0.0846423489697089,0.0780000000000001,-0.0024,0.0011,0.029
RRPV-only,5.87337792642141,0.0639038929765887,0.0105438595728915,0.0432379282137213,0.084569857739456,0.0780000000000001,-0.0024,0.0011,0.029
RRPV-only,5.90622073578595,0.0638250702341138,0.0105472126927725,0.0431525333562796,0.0844976071119479,0.0780000000000001,-0.0024,0.0011,0.029
RRPV-only,5.9390635451505,0.0637462474916388,0.0105506884521161,0.0430668981254914,0.0844255968577863,0.0780000000000001,-0.0024,0.0011,0.029
RRPV-only,5.97190635451505,0.0636674247491639,0.0105542867297585,0.0429810227588373,0.0843538267394905,0.0780000000000001,-0.0024,0.0011,0.029
RRPV-only,6.0047491638796,0.063588602006689,0.0105580074004333,0.0428949075018398,0.0842822965115382,0.0780000000000001,-0.0024,0.0011,0.029
RRPV-only,6.03759197324415,0.0635097792642141,0.0105618503347926,0.0428085526080206,0.0842110059204076,0.0780000000000001,-0.0024,0.0011,0.029
RRPV-only,6.0704347826087,0.0634309565217392,0.0105658153994295,0.0427219583388574,0.0841399547046209,0.0780000000000001,-0.0024,0.0011,0.029
RRPV-only,6.10327759197324,0.0633521337792643,0.0105699024569004,0.0426351249637394,0.0840691425947891,0.0780000000000001,-0.0024,0.0011,0.029
RRPV-only,6.13612040133779,0.0632733110367893,0.0105741113657492,0.0425480527599209,0.0839985693136578,0.0780000000000001,-0.0024,0.0011,0.029
RRPV-only,6.16896321070234,0.0631944882943144,0.0105784419805305,0.0424607420124746,0.0839282345761543,0.0780000000000001,-0.0024,0.0011,0.029
RRPV-only,6.20180602006689,0.0631156655518395,0.0105828941518349,0.0423731930142431,0.0838581380894359,0.0780000000000001,-0.0024,0.0011,0.029
RRPV-only,6.23464882943144,0.0630368428093646,0.010587467726314,0.0422854060657892,0.08378827955294,0.0780000000000001,-0.0024,0.0011,0.029
RRPV-only,6.26749163879599,0.0629580200668897,0.0105921625467062,0.0421973814753455,0.0837186586584338,0.0780000000000001,-0.0024,0.0011,0.029
RRPV-only,6.30033444816054,0.0628791973244148,0.0105969784518635,0.0421091195587624,0.0836492750900671,0.0780000000000001,-0.0024,0.0011,0.029
RRPV-only,6.33317725752508,0.0628003745819398,0.010601915276778,0.042020620639455,0.0835801285244247,0.0780000000000001,-0.0024,0.0011,0.029
RRPV-only,6.36602006688963,0.0627215518394649,0.01060697285261,0.0419318850483493,0.0835112186305806,0.0780000000000001,-0.0024,0.0011,0.029
RRPV-only,6.39886287625418,0.06264272909699,0.0106121510067159,0.0418429131238269,0.0834425450701531,0.0780000000000001,-0.0024,0.0011,0.029
RRPV-only,6.43170568561873,0.0625639063545151,0.0106174495626766,0.0417537052116689,0.0833741074973613,0.0780000000000001,-0.0024,0.0011,0.029
RRPV-only,6.46454849498328,0.0624850836120402,0.0106228683403274,0.0416642616649984,0.083305905559082,0.0780000000000001,-0.0024,0.0011,0.029
RRPV-only,6.49739130434783,0.0624062608695653,0.0106284071557871,0.0415745828442225,0.0832379388949081,0.0780000000000001,-0.0024,0.0011,0.029
RRPV-only,6.53023411371238,0.0623274381270903,0.0106340658214885,0.0414846691169728,0.0831702071372079,0.0780000000000001,-0.0024,0.0011,0.029
RRPV-only,6.56307692307692,0.0622486153846154,0.0106398441462092,0.0413945208580455,0.0831027099111854,0.0780000000000001,-0.0024,0.0011,0.029
RRPV-only,6.59591973244147,0.0621697926421405,0.0106457419351025,0.0413041384493397,0.0830354468349414,0.0780000000000001,-0.0024,0.0011,0.029
RRPV-only,6.62876254180602,0.0620909698996656,0.0106517589897296,0.0412135222797957,0.0829684175195355,0.0780000000000001,-0.0024,0.0011,0.029
RRPV-only,6.66160535117057,0.0620121471571907,0.0106578951080913,0.0411226727453317,0.0829016215690497,0.0780000000000001,-0.0024,0.0011,0.029
RRPV-only,6.69444816053512,0.0619333244147158,0.0106641500846611,0.0410315902487801,0.0828350585806514,0.0780000000000001,-0.0024,0.0011,0.029
RRPV-only,6.72729096989967,0.0618545016722408,0.0106705237104176,0.0409402751998224,0.0827687281446593,0.0780000000000001,-0.0024,0.0011,0.029
RRPV-only,6.76013377926421,0.0617756789297659,0.0106770157728786,0.040848728014924,0.0827026298446079,0.0780000000000001,-0.0024,0.0011,0.029
RRPV-only,6.79297658862876,0.061696856187291,0.0106836260561346,0.0407569491172671,0.0826367632573149,0.0780000000000001,-0.0024,0.0011,0.029
RRPV-only,6.82581939799331,0.0616180334448161,0.0106903543408835,0.0406649389366844,0.0825711279529478,0.0780000000000001,-0.0024,0.0011,0.029
RRPV-only,6.85866220735786,0.0615392107023412,0.0106972004044649,0.0405726979095901,0.0825057234950923,0.0780000000000001,-0.0024,0.0011,0.029
RRPV-only,6.89150501672241,0.0614603879598663,0.0107041640208951,0.0404802264789118,0.0824405494408208,0.0780000000000001,-0.0024,0.0011,0.029
RRPV-only,6.92434782608696,0.0613815652173913,0.0107112449609033,0.0403875250940209,0.0823756053407618,0.0780000000000001,-0.0024,0.0011,0.029
RRPV-only,6.95719063545151,0.0613027424749164,0.0107184429919664,0.0402945942106623,0.0823108907391706,0.0780000000000001,-0.0024,0.0011,0.029
RRPV-only,6.99003344481606,0.0612239197324415,0.0107257578783459,0.0402014342908836,0.0822464051739994,0.0780000000000001,-0.0024,0.0011,0.029
RRPV-only,7.0228762541806,0.0611450969899666,0.0107331893811239,0.0401080458029638,0.0821821481769694,0.0780000000000001,-0.0024,0.0011,0.029
RRPV-only,7.05571906354515,0.0610662742474917,0.0107407372582402,0.0400144292213408,0.0821181192736425,0.0780000000000001,-0.0024,0.0011,0.029
RRPV-only,7.0885618729097,0.0609874515050168,0.0107484012645294,0.0399205850265392,0.0820543179834943,0.0780000000000001,-0.0024,0.0011,0.029
RRPV-only,7.12140468227425,0.0609086287625418,0.0107561811517578,0.0398265137050965,0.0819907438199872,0.0780000000000001,-0.0024,0.0011,0.029
RRPV-only,7.1542474916388,0.0608298060200669,0.0107640766686619,0.0397322157494897,0.0819273962906442,0.0780000000000001,-0.0024,0.0011,0.029
RRPV-only,7.18709030100334,0.060750983277592,0.0107720875609855,0.0396376916580604,0.0818642748971236,0.0780000000000001,-0.0024,0.0011,0.029
RRPV-only,7.21993311036789,0.0606721605351171,0.0107802135715186,0.0395429419349406,0.0818013791352936,0.0780000000000001,-0.0024,0.0011,0.029
RRPV-only,7.25277591973244,0.0605933377926422,0.0107884544401354,0.0394479670899768,0.0817387084953075,0.0780000000000001,-0.0024,0.0011,0.029
RRPV-only,7.28561872909699,0.0605145150501673,0.010796809903833,0.0393527676386545,0.08167626246168,0.0780000000000001,-0.0024,0.0011,0.029
RRPV-only,7.31846153846154,0.0604356923076924,0.0108052796967706,0.0392573441020219,0.0816140405133628,0.0780000000000001,-0.0024,0.0011,0.029
RRPV-only,7.35130434782609,0.0603568695652174,0.0108138635503084,0.039161697006613,0.0815520421238219,0.0780000000000001,-0.0024,0.0011,0.029
RRPV-only,7.38414715719064,0.0602780468227425,0.0108225611930467,0.0390658268843711,0.081490266761114,0.0780000000000001,-0.0024,0.0011,0.029
RRPV-only,7.41698996655518,0.0601992240802676,0.0108313723508657,0.0389697342725708,0.0814287138879644,0.0780000000000001,-0.0024,0.0011,0.029
RRPV-only,7.44983277591973,0.0601204013377927,0.0108402967469652,0.0388734197137409,0.0813673829618445,0.0780000000000001,-0.0024,0.0011,0.029
RRPV-only,7.48267558528428,0.0600415785953178,0.010849334101904,0.0387768837555859,0.0813062734350497,0.0780000000000001,-0.0024,0.0011,0.029
RRPV-only,7.51551839464883,0.0599627558528429,0.0108584841336403,0.0386801269509079,0.0812453847547778,0.0780000000000001,-0.0024,0.0011,0.029
RRPV-only,7.54836120401338,0.0598839331103679,0.0108677465575714,0.0385831498575279,0.081184716363208,0.0780000000000001,-0.0024,0.0011,0.029
RRPV-only,7.58120401337793,0.059805110367893,0.0108771210865744,0.0384859530382072,0.0811242676975788,0.0780000000000001,-0.0024,0.0011,0.029
RRPV-only,7.61404682274248,0.0597262876254181,0.0108866074310459,0.0383885370605682,0.081064038190268,0.0780000000000001,-0.0024,0.0011,0.029
RRPV-only,7.64688963210702,0.0596474648829432,0.0108962052989429,0.038290902497015,0.0810040272688713,0.0780000000000001,-0.0024,0.0011,0.029
RRPV-only,7.67973244147157,0.0595686421404683,0.0109059143958234,0.0381930499246543,0.0809442343562822,0.0780000000000001,-0.0024,0.0011,0.029
RRPV-only,7.71257525083612,0.0594898193979933,0.0109157344248865,0.0380949799252157,0.080884658870771,0.0780000000000001,-0.0024,0.0011,0.029
RRPV-only,7.74541806020067,0.0594109966555184,0.0109256650870134,0.0379966930849721,0.0808253002260647,0.0780000000000001,-0.0024,0.0011,0.029
RRPV-only,7.77826086956522,0.0593321739130435,0.0109357060808081,0.0378981899946597,0.0807661578314273,0.0780000000000001,-0.0024,0.0011,0.029
RRPV-only,7.81110367892977,0.0592533511705686,0.0109458571026379,0.0377994712493984,0.0807072310917388,0.0780000000000001,-0.0024,0.0011,0.029
RRPV-only,7.84394648829431,0.0591745284280937,0.0109561178466746,0.0377005374486116,0.0806485194075758,0.0780000000000001,-0.0024,0.0011,0.029
RRPV-only,7.87678929765886,0.0590957056856188,0.0109664880049349,0.0376013891959464,0.0805900221752912,0.0780000000000001,-0.0024,0.0011,0.029
RRPV-only,7.90963210702341,0.0590168829431438,0.0109769672673215,0.0375020270991937,0.080531738787094,0.0780000000000001,-0.0024,0.0011,0.029
RRPV-only,7.94247491638796,0.0589380602006689,0.0109875553216638,0.0374024517702079,0.08047366863113,0.0780000000000001,-0.0024,0.0011,0.029
RRPV-only,7.97531772575251,0.058859237458194,0.0109982518537586,0.0373026638248272,0.0804158110915609,0.0780000000000001,-0.0024,0.0011,0.029
RRPV-only,8.00816053511706,0.0587804147157191,0.011009056547411,0.0372026638827935,0.0803581655486447,0.0780000000000001,-0.0024,0.0011,0.029
RRPV-only,8.04100334448161,0.0587015919732442,0.0110199690844752,0.0371024525676728,0.0803007313788156,0.0780000000000001,-0.0024,0.0011,0.029
RRPV-only,8.07384615384616,0.0586227692307693,0.0110309891448951,0.0370020305067749,0.0802435079547636,0.0780000000000001,-0.0024,0.0011,0.029
RRPV-only,8.1066889632107,0.0585439464882944,0.0110421164067448,0.0369013983310745,0.0801864946455143,0.0780000000000001,-0.0024,0.0011,0.029
RRPV-only,8.13953177257525,0.0584651237458194,0.0110533505462697,0.0368005566751307,0.0801296908165081,0.0780000000000001,-0.0024,0.0011,0.029
RRPV-only,8.1723745819398,0.0583863010033445,0.0110646912379265,0.0366995061770087,0.0800730958296804,0.0780000000000001,-0.0024,0.0011,0.029
RRPV-only,8.20521739130435,0.0583074782608696,0.0110761381544236,0.0365982474781993,0.0800167090435399,0.0780000000000001,-0.0024,0.0011,0.029
RRPV-only,8.2380602006689,0.0582286555183947,0.0110876909667621,0.0364967812235409,0.0799605298132485,0.0780000000000001,-0.0024,0.0011,0.029
RRPV-only,8.27090301003345,0.0581498327759198,0.0110993493442753,0.0363951080611401,0.0799045574906994,0.0780000000000001,-0.0024,0.0011,0.029
RRPV-only,8.30374581939799,0.0580710100334449,0.0111111129546693,0.036293228642293,0.0798487914245967,0.0780000000000001,-0.0024,0.0011,0.029
RRPV-only,8.33658862876254,0.0579921872909699,0.0111229814640626,0.0361911436214072,0.0797932309605327,0.0780000000000001,-0.0024,0.0011,0.029
RRPV-only,8.36943143812709,0.057913364548495,0.0111349545370266,0.0360888536559229,0.0797378754410672,0.0780000000000001,-0.0024,0.0011,0.029
RRPV-only,8.40227424749164,0.0578345418060201,0.0111470318366247,0.0359863594062356,0.0796827242058046,0.0780000000000001,-0.0024,0.0011,0.029
RRPV-only,8.43511705685619,0.0577557190635452,0.0111592130244524,0.0358836615356185,0.0796277765914719,0.0780000000000001,-0.0024,0.0011,0.029
RRPV-only,8.46795986622074,0.0576768963210703,0.0111714977606764,0.0357807607101445,0.0795730319319961,0.0780000000000001,-0.0024,0.0011,0.029
RRPV-only,8.50080267558528,0.0575980735785954,0.0111838857040742,0.0356776575986099,0.0795184895585808,0.0780000000000001,-0.0024,0.0011,0.029
RRPV-only,8.53364548494983,0.0575192508361204,0.011196376512073,0.0355743528724573,0.0794641487997836,0.0780000000000001,-0.0024,0.0011,0.029
RRPV-only,8.56648829431438,0.0574404280936455,0.0112089698407888,0.0354708472056995,0.0794100089815916,0.0780000000000001,-0.0024,0.0011,0.029
RRPV-only,8.59933110367893,0.0573616053511706,0.011221665345065,0.0353671412748433,0.0793560694274979,0.0780000000000001,-0.0024,0.0011,0.029
RRPV-only,8.63217391304348,0.0572827826086957,0.0112344626785111,0.035263235758814,0.0793023294585774,0.0780000000000001,-0.0024,0.0011,0.029
RRPV-only,8.66501672240803,0.0572039598662208,0.0112473614935411,0.0351591313388801,0.0792487883935614,0.0780000000000001,-0.0024,0.0011,0.029
RRPV-only,8.69785953177258,0.0571251371237459,0.0112603614414118,0.0350548286985788,0.0791954455489129,0.0780000000000001,-0.0024,0.0011,0.029
RRPV-only,8.73070234113712,0.0570463143812709,0.0112734621722602,0.034950328523641,0.0791423002389009,0.0780000000000001,-0.0024,0.0011,0.029
RRPV-only,8.76354515050167,0.056967491638796,0.0112866633351419,0.0348456315019179,0.0790893517756741,0.0780000000000001,-0.0024,0.0011,0.029
RRPV-only,8.79638795986622,0.0568886688963211,0.0112999645780683,0.0347407383233072,0.079036599469335,0.0780000000000001,-0.0024,0.0011,0.029
RRPV-only,8.82923076923077,0.0568098461538462,0.011313365548044,0.03463564967968,0.0789840426280124,0.0780000000000001,-0.0024,0.0011,0.029
RRPV-only,8.86207357859532,0.0567310234113713,0.0113268658911036,0.0345303662648083,0.0789316805579343,0.0780000000000001,-0.0024,0.0011,0.029
RRPV-only,8.89491638795987,0.0566522006688964,0.0113404652523488,0.0344248887742928,0.0788795125635,0.0780000000000001,-0.0024,0.0011,0.029
RRPV-only,8.92775919732442,0.0565733779264214,0.0113541632759848,0.0343192179054913,0.0788275379473516,0.0780000000000001,-0.0024,0.0011,0.029
RRPV-only,8.96060200668896,0.0564945551839465,0.0113679596053566,0.0342133543574475,0.0787757560104455,0.0780000000000001,-0.0024,0.0011,0.029
RRPV-only,8.99344481605351,0.0564157324414716,0.0113818538829852,0.0341072988308205,0.0787241660521227,0.0780000000000001,-0.0024,0.0011,0.029
RRPV-only,9.02628762541806,0.0563369096989967,0.0113958457506031,0.0340010520278145,0.0786727673701788,0.0780000000000001,-0.0024,0.0011,0.029
RRPV-only,9.05913043478261,0.0562580869565218,0.01140993484919,0.0338946146521094,0.0786215592609341,0.0780000000000001,-0.0024,0.0011,0.029
RRPV-only,9.09197324414716,0.0561792642140469,0.0114241208190078,0.0337879874087915,0.0785705410193022,0.0780000000000001,-0.0024,0.0011,0.029
RRPV-only,9.12481605351171,0.0561004414715719,0.011438403299636,0.0336811710042855,0.0785197119388584,0.0780000000000001,-0.0024,0.0011,0.029
RRPV-only,9.15765886287625,0.056021618729097,0.0114527819300057,0.0335741661462859,0.0784690713119082,0.0780000000000001,-0.0024,0.0011,0.029
RRPV-only,9.1905016722408,0.0559427959866221,0.0114672563484346,0.0334669735436903,0.078418618429554,0.0780000000000001,-0.0024,0.0011,0.029
RRPV-only,9.22334448160535,0.0558639732441472,0.0114818261926608,0.0333595939065321,0.0783683525817623,0.0780000000000001,-0.0024,0.0011,0.029
RRPV-only,9.2561872909699,0.0557851505016723,0.0114964910998763,0.0332520279459148,0.0783182730574298,0.0780000000000001,-0.0024,0.0011,0.029
RRPV-only,9.28903010033445,0.0557063277591974,0.011511250706761,0.0331442763739458,0.0782683791444489,0.0780000000000001,-0.0024,0.0011,0.029
RRPV-only,9.321872909699,0.0556275050167224,0.0115261046495156,0.033036339903672,0.0782186701297729,0.0780000000000001,-0.0024,0.0011,0.029
RRPV-only,9.35471571906355,0.0555486822742475,0.0115410525638942,0.0329282192490148,0.0781691452994802,0.0780000000000001,-0.0024,0.0011,0.029
RRPV-only,9.38755852842809,0.0554698595317726,0.0115560940852376,0.032819915124707,0.0781198039388382,0.0780000000000001,-0.0024,0.0011,0.029
RRPV-only,9.42040133779264,0.0553910367892977,0.0115712288485045,0.0327114282462289,0.0780706453323665,0.0780000000000001,-0.0024,0.0011,0.029
RRPV-only,9.45324414715719,0.0553122140468228,0.0115864564883043,0.0326027593297463,0.0780216687638993,0.0780000000000001,-0.0024,0.0011,0.029
RRPV-only,9.48608695652174,0.0552333913043479,0.0116017766389284,0.0324939090920482,0.0779728735166475,0.0780000000000001,-0.0024,0.0011,0.029
RRPV-only,9.51892976588629,0.0551545685618729,0.0116171889343811,0.032384878250486,0.0779242588732598,0.0780000000000001,-0.0024,0.0011,0.029
RRPV-only,9.55177257525084,0.055075745819398,0.011632693008411,0.0322756675229124,0.0778758241158837,0.0780000000000001,-0.0024,0.0011,0.029
RRPV-only,9.58461538461538,0.0549969230769231,0.0116482884945416,0.0321662776276215,0.0778275685262247,0.0780000000000001,-0.0024,0.0011,0.029
RRPV-only,9.61745819397993,0.0549181003344482,0.0116639750261013,0.0320567092832897,0.0777794913856067,0.0780000000000001,-0.0024,0.0011,0.029
RRPV-only,9.65030100334448,0.0548392775919733,0.0116797522362534,0.0319469632089167,0.0777315919750299,0.0780000000000001,-0.0024,0.0011,0.029
RRPV-only,9.68314381270903,0.0547604548494984,0.0116956197580258,0.0318370401237678,0.0776838695752289,0.0780000000000001,-0.0024,0.0011,0.029
RRPV-only,9.71598662207358,0.0546816321070234,0.0117115772243404,0.0317269407473163,0.0776363234667306,0.0780000000000001,-0.0024,0.0011,0.029
RRPV-only,9.74882943143813,0.0546028093645485,0.0117276242680417,0.0316166657991868,0.0775889529299103,0.0780000000000001,-0.0024,0.0011,0.029
RRPV-only,9.78167224080268,0.0545239866220736,0.0117437605219257,0.0315062159990993,0.0775417572450479,0.0780000000000001,-0.0024,0.0011,0.029
RRPV-only,9.81451505016722,0.0544451638795987,0.0117599856187679,0.0313955920668137,0.0774947356923837,0.0780000000000001,-0.0024,0.0011,0.029
RRPV-only,9.84735785953177,0.0543663411371238,0.0117762991913513,0.0312847947220753,0.0774478875521723,0.0780000000000001,-0.0024,0.0011,0.029
RRPV-only,9.88020066889632,0.0542875183946489,0.0117927008724941,0.0311738246845605,0.0774012121047372,0.0780000000000001,-0.0024,0.0011,0.029
RRPV-only,9.91304347826087,0.0542086956521739,0.0118091902950766,0.0310626826738238,0.077354708630524,0.0780000000000001,-0.0024,0.0011,0.029
RRPV-only,9.94588628762542,0.054129872909699,0.0118257670920683,0.0309513694092451,0.077308376410153,0.0780000000000001,-0.0024,0.0011,0.029
RRPV-only,9.97872909698997,0.0540510501672241,0.0118424308965545,0.0308398856099772,0.077262214724471,0.0780000000000001,-0.0024,0.0011,0.029
RRPV-only,10.0115719063545,0.0539722274247492,0.0118591813417622,0.0307282319948954,0.077216222854603,0.0780000000000001,-0.0024,0.0011,0.029
RRPV-only,10.0444147157191,0.0538934046822743,0.0118760180610859,0.030616409282546,0.0771704000820026,0.0780000000000001,-0.0024,0.0011,0.029
RRPV-only,10.0772575250836,0.0538145819397994,0.0118929406881134,0.0305044181910972,0.0771247456885015,0.0780000000000001,-0.0024,0.0011,0.029
RRPV-only,10.1101003344482,0.0537357591973245,0.0119099488566506,0.0303922594382892,0.0770792589563597,0.0780000000000001,-0.0024,0.0011,0.029
RRPV-only,10.1429431438127,0.0536569364548495,0.0119270422007467,0.030279933741386,0.0770339391683131,0.0780000000000001,-0.0024,0.0011,0.029
RRPV-only,10.1757859531773,0.0535781137123746,0.011944220354718,0.0301674418171274,0.0769887856076219,0.0780000000000001,-0.0024,0.0011,0.029
RRPV-only,10.2086287625418,0.0534992909698997,0.0119614829531724,0.0300547843816819,0.0769437975581175,0.0780000000000001,-0.0024,0.0011,0.029
RRPV-only,10.2414715719064,0.0534204682274248,0.011978829631033,0.0299419621506001,0.0768989743042495,0.0780000000000001,-0.0024,0.0011,0.029
RRPV-only,10.2743143812709,0.0533416454849499,0.0119962600235616,0.0298289758387691,0.0768543151311306,0.0780000000000001,-0.0024,0.0011,0.029
RRPV-only,10.3071571906355,0.0532628227424749,0.0120137737663815,0.0297158261603671,0.0768098193245828,0.0780000000000001,-0.0024,0.0011,0.029
RRPV-only,10.34,0.053184,0.0120313704955005,0.029602513828819,0.076765486171181,0.0780000000000001,-0.0024,0.0011,0.029
