system,hour,pv_generation,total_load,pv_to_load,grid_to_load,pv_to_grid,pv_to_battery,battery_to_load
RRPV-BS,0,0.0,0.0894808496657815,0.0,0.0413060713609599,0.0,0.0,0.0481747783048216
RRPV-BS,1,0.0,0.0835189450235231,0.0,0.0340182995672296,0.0,0.0,0.0495006454562935
RRPV-BS,2,0.0,0.0850080470593408,0.0,0.0307515117981799,0.0,0.0,0.0542565352611608
RRPV-BS,3,0.0,0.0935359110750209,0.0,0.0296289097080817,0.0,0.0,0.0639070013669391
RRPV-BS,4,0.0,0.11121197553134,0.0,0.0339743096462481,0.0,0.0,0.0772376658850923
RRPV-BS,5,0.023695237140697,0.125448304780685,0.0023200727988719,0.05128860238864,0.0205971937102275,0.0007779706315975,0.0718396295931732
RRPV-BS,6,0.164574733546304,0.13941469472083,0.0198922919301104,0.0745960731333637,0.136951842651118,0.0077305989650754,0.0449263296573561
RRPV-BS,7,0.509085090292498,0.182031639995826,0.0632854853702815,0.071835555011496,0.413400429905837,0.0323991750163794,0.0469105996140483
RRPV-BS,8,1.09367131076104,0.230307746751772,0.121433450363316,0.0201941470007712,0.873457154825296,0.0987807055724286,0.088680149387684
RRPV-BS,9,1.74430638167605,0.354419714049197,0.200372469381414,0.0039179142734897,1.33624113076312,0.207692781531516,0.150129330394294
RRPV-BS,10,2.2899858946228,0.457128166899345,0.255640050030375,0.0006888809487249,1.68716712633722,0.347178718255208,0.200799235920245
RRPV-BS,11,2.59706651177383,0.442903683716413,0.296820663073318,0.000808038185761,1.83467364711538,0.465572201585129,0.145274982457334
RRPV-BS,12,2.59811796611341,0.342910541843794,0.319814390897819,0.0058886997834711,1.76802465951219,0.5102789157034,0.0172074511625036
RRPV-BS,13,2.29127233059304,0.300158687369108,0.277854405220417,0.0096131234841285,1.54293056151421,0.470487363858412,0.0126911586645615
RRPV-BS,14,1.7464737004306,0.248728970747282,0.208126445812219,0.0225712363838908,1.18708482488493,0.351262429733449,0.0180312885511718
RRPV-BS,15,1.09463500297898,0.207437081179181,0.132137947539989,0.0474355219086392,0.76117454548981,0.201322509949184,0.0278636117305532
RRPV-BS,16,0.509113426344993,0.186853549900736,0.0664087107367834,0.0782880338210356,0.363348943926451,0.0793557716817593,0.0421568053429173
RRPV-BS,17,0.164608230814839,0.227208620722657,0.0249114147727742,0.105858388698111,0.119374431943348,0.020322384098717,0.0964388172517718
RRPV-BS,18,0.0237333456363065,0.264370476091546,0.0032834945530582,0.0939144262439751,0.0183255874916464,0.0021242635916017,0.167172555294513
RRPV-BS,19,0.0,0.355560848356371,0.0,0.0805145660601594,0.0,0.0,0.275046282296212
RRPV-BS,20,0.0,0.355250928205906,0.0,0.0679406354869452,0.0,0.0,0.287310292718961
RRPV-BS,21,0.0,0.311677258028692,0.0,0.041809703230889,0.0,0.0,0.269867554797803
RRPV-BS,22,0.0,0.315844434990459,0.0,0.0187195706318716,0.0,0.0,0.297124864358587
RRPV-BS,23,0.0,0.255200822907886,0.0,0.0114476917863503,0.0,0.0,0.243753131121536
RRPV-only,0,0.0,0.10552049405949,0.0,0.10552049405949,0.0,0.0,0.0
RRPV-only,1,0.0,0.0896352801448951,0.0,0.0896352801448951,0.0,0.0,0.0
RRPV-only,2,0.0,0.0810361513712397,0.0,0.0810361513712397,0.0,0.0,0.0
RRPV-only,3,0.0,0.0784764489304279,0.0,0.0784764489304279,0.0,0.0,0.0
RRPV-only,4,0.0,0.0880333473787013,0.0,0.0880333473787013,0.0,0.0,0.0
RRPV-only,5,0.0362669184889251,0.128398029090742,0.0146986582189262,0.113699370871816,0.0215682602699988,0.0,0.0
RRPV-only,6,0.278192245830874,0.198922608552769,0.0711503926512204,0.127772215901548,0.207041853179653,0.0,0.0
RRPV-only,7,0.895805741073062,0.240305418447535,0.136850435181947,0.103454983265587,0.758955305891115,0.0,0.0
RRPV-only,8,1.9306423709398,0.198045075477334,0.13429387883087,0.0637511966464639,1.79634849210894,0.0,0.0
RRPV-only,9,3.06872683354058,0.30000747770159,0.203388671188435,0.0966188065131551,2.86533816235215,0.0,0.0
RRPV-only,10,4.01647531029465,0.283879582013691,0.193544019118931,0.09033556289476,3.82293129117571,0.0,0.0
RRPV-only,11,4.54968045518203,0.294205513435817,0.20076380342882,0.0934417100069975,4.34891665175322,0.0,0.0
RRPV-only,12,4.55019990421609,0.351410758298697,0.239466602202756,0.11194415609594,4.31073330201333,0.0,0.0
RRPV-only,13,4.01564988085608,0.336808245188375,0.22915492315128,0.107653322037094,3.7864949577048,0.0,0.0
RRPV-only,14,3.06732428866671,0.318524070761732,0.215748810463254,0.102775260298478,2.85157547820345,0.0,0.0
RRPV-only,15,1.92916967887282,0.319051135569003,0.213090831683981,0.105960303885022,1.71607884718884,0.0,0.0
RRPV-only,16,0.895183502504584,0.350701529862939,0.192624525344517,0.158077004518421,0.702558977160067,0.0,0.0
RRPV-only,17,0.277819383263784,0.420643272379225,0.113798600718773,0.306844671660452,0.164020782545011,0.0,0.0
RRPV-only,18,0.0362790935065097,0.290320109470415,0.0189596462201147,0.2713604632503,0.017319447286395,0.0,0.0
RRPV-only,19,0.0,0.327140228680842,0.0,0.327140228680842,0.0,0.0,0.0
RRPV-only,20,0.0,0.306400910020056,0.0,0.306400910020056,0.0,0.0,0.0
RRPV-only,21,0.0,0.239047498315684,0.0,0.239047498315684,0.0,0.0,0.0
RRPV-only,22,0.0,0.183074155457083,0.0,0.183074155457083,0.0,0.0,0.0
RRPV-only,23,0.0,0.133254676581281,0.0,0.133254676581281,0.0,0.0,0.0
