group,annual_income_thousand_rmb,density
RRPV adopters,0.0,0.007956029611746617
RRPV adopters,0.12024048096192386,0.00834418017741656
RRPV adopters,0.2404809619238477,0.008744210276091196
RRPV adopters,0.36072144288577157,0.009156062862664792
RRPV adopters,0.4809619238476954,0.009579654307015944
RRPV adopters,0.6012024048096192,0.010014873814861746
RRPV adopters,0.7214428857715431,0.010461582939870396
RRPV adopters,0.841683366733467,0.010919615192085681
RRPV adopters,0.9619238476953909,0.011388775747277804
RRPV adopters,1.0821643286573146,0.011868841261351279
RRPV adopters,1.2024048096192383,0.01235955979341496
RRPV adopters,1.3226452905811623,0.012860650840554653
RRPV adopters,1.4428857715430863,0.013371805486748723
RRPV adopters,1.5631262525050102,0.013892686667735915
RRPV adopters,1.683366733466934,0.014422929552986274
RRPV adopters,1.8036072144288577,0.014962142045245454
RRPV adopters,1.9238476953907817,0.015509905397425012
RRPV adopters,2.0440881763527052,0.016065774945901366
RRPV adopters,2.164328657314629,0.016629280958569952
RRPV adopters,2.284569138276553,0.01719992959528396
RRPV adopters,2.4048096192384767,0.017777203977595
RRPV adopters,2.5250501002004007,0.018360565364011615
RRPV adopters,2.6452905811623246,0.018949454426306963
RRPV adopters,2.765531062124248,0.019543292621744403
RRPV adopters,2.8857715430861726,0.0201414836554556
RRPV adopters,3.0060120240480965,0.02074341502660464
RRPV adopters,3.1262525050100205,0.02134845965140937
RRPV adopters,3.246492985971944,0.021955977555572628
RRPV adopters,3.366733466933868,0.022565317628205347
RRPV adopters,3.486973947895792,0.023175819428905425
RRPV adopters,3.6072144288577155,0.023786815039294064
RRPV adopters,3.7274549098196395,0.024397630950008627
RRPV adopters,3.8476953907815634,0.025007589973910286
RRPV adopters,3.967935871743487,0.02561601317608832
RRPV adopters,4.0881763527054105,0.02622222181113256
RRPV adopters,4.208416833667335,0.026825539258101692
RRPV adopters,4.328657314629258,0.02742529294363906
RRPV adopters,4.448897795591182,0.028020816243778546
RRPV adopters,4.569138276553106,0.02861145035514039
RRPV adopters,4.68937875751503,0.029196546126439217
RRPV adopters,4.809619238476953,0.029775465841511962
RRPV adopters,4.929859719438878,0.03034758494541928
RRPV adopters,5.050100200400801,0.03091229370557747
RRPV adopters,5.170340681362725,0.0314689988003349
RRPV adopters,5.290581162324649,0.032017124827914745
RRPV adopters,5.410821643286573,0.032556115729197456
RRPV adopters,5.531062124248496,0.033085436118410194
RRPV adopters,5.651302605210421,0.03360457251641882
RRPV adopters,5.771543086172345,0.03411303448197618
RRPV adopters,5.8917835671342695,0.03461035563696414
RRPV adopters,6.012024048096193,0.03509609458236734
RRPV adopters,6.132264529058117,0.0355698357024317
RRPV adopters,6.252505010020041,0.036031189855180855
RRPV adopters,6.3727454909819645,0.03647979494818614
RRPV adopters,6.492985971943888,0.036915316399201877
RRPV adopters,6.6132264529058125,0.03733744748198425
RRPV adopters,6.733466933867736,0.03774590955830131
RRPV adopters,6.8537074148296595,0.03814045219781058
RRPV adopters,6.973947895791584,0.038520853188121776
RRPV adopters,7.094188376753507,0.03888691843797303
RRPV adopters,7.214428857715431,0.03923848177702411
RRPV adopters,7.334669338677355,0.03957540465630507
RRPV adopters,7.454909819639279,0.03989757575385204
RRPV adopters,7.575150300601202,0.04020491049050796
RRPV adopters,7.695390781563127,0.040497350461264195
RRPV adopters,7.81563126252505,0.040774862787866656
RRPV adopters,7.935871743486974,0.04103743939870493
RRPV adopters,8.056112224448897,0.04128509624224526
RRPV adopters,8.176352705410821,0.04151787244045619
RRPV adopters,8.296593186372746,0.04173582938881009
RRPV adopters,8.41683366733467,0.04193904980952447
RRPV adopters,8.537074148296593,0.04212763676473552
RRPV adopters,8.657314629258517,0.04230171263627311
RRPV adopters,8.77755511022044,0.04246141807863403
RRPV adopters,8.897795591182364,0.04260691095163092
RRPV adopters,9.01803607214429,0.042738365239029664
RRPV adopters,9.138276553106213,0.04285596995928191
RRPV adopters,9.258517034068136,0.04295992807421492
RRPV adopters,9.37875751503006,0.04305045540126087
RRPV adopters,9.498997995991983,0.04312777953449671
RRPV adopters,9.619238476953907,0.04319213877942719
RRPV adopters,9.739478957915832,0.043243781106081604
RRPV adopters,9.859719438877756,0.043282963124613605
RRPV adopters,9.97995991983968,0.04330994908719769
RRPV adopters,10.100200400801603,0.04332500991960863
RRPV adopters,10.220440881763526,0.04332842228545768
RRPV adopters,10.34068136272545,0.04332046768564329
RRPV adopters,10.460921843687375,0.04330143159516084
RRPV adopters,10.581162324649299,0.04327160263900834
RRPV adopters,10.701402805611222,0.0432312718085263
RRPV adopters,10.821643286573146,0.04318073171912584
RRPV adopters,10.941883767535069,0.043120275909989625
RRPV adopters,11.062124248496993,0.043050198185982144
RRPV adopters,11.182364729458918,0.04297079200167839
RRPV adopters,11.302605210420841,0.04288234988711835
RRPV adopters,11.422845691382765,0.04278516291461918
RRPV adopters,11.54308617234469,0.04267952020573028
RRPV adopters,11.663326653306614,0.04256570847719897
RRPV adopters,11.783567134268539,0.04244401162462833
RRPV adopters,11.903807615230463,0.04231471034235337
RRPV adopters,12.024048096192386,0.042178081777937734
RRPV adopters,12.14428857715431,0.04203439921960032
RRPV adopters,12.264529058116233,0.04188393181481877
RRPV adopters,12.384769539078157,0.04172694431832384
RRPV adopters,12.505010020040082,0.04156369686769369
RRPV adopters,12.625250501002006,0.04139444478477815
RRPV adopters,12.745490981963929,0.04121943840122938
RRPV adopters,12.865731462925853,0.041038922906482325
RRPV adopters,12.985971943887776,0.04085313821661572
RRPV adopters,13.1062124248497,0.040662318862628284
RRPV adopters,13.226452905811625,0.040466693896782084
RRPV adopters,13.346693386773548,0.04026648681579327
RRPV adopters,13.466933867735472,0.04006191549978599
RRPV adopters,13.587174348697395,0.039853192166065594
RRPV adopters,13.707414829659319,0.039640523336907596
RRPV adopters,13.827655310621243,0.03942410982069888
RRPV adopters,13.947895791583168,0.039204146705900667
RRPV adopters,14.068136272545091,0.038980823367429265
RRPV adopters,14.188376753507015,0.038754323485165665
RRPV adopters,14.308617234468938,0.038524825074407194
RRPV adopters,14.428857715430862,0.03829250052816093
RRPV adopters,14.549098196392785,0.038057516671248036
RRPV adopters,14.66933867735471,0.03782003482623864
RRPV adopters,14.789579158316634,0.037580210891267105
RRPV adopters,14.909819639278558,0.03733819542978717
RRPV adopters,15.030060120240481,0.037094133772314235
RRPV adopters,15.150300601202405,0.036848166130169335
RRPV adopters,15.270541082164328,0.036600427721184575
RRPV adopters,15.390781563126254,0.03635104890725614
RRPV adopters,15.511022044088177,0.036100155343537374
RRPV adopters,15.6312625250501,0.03584786813895421
RRPV adopters,15.751503006012024,0.03559430402759967
RRPV adopters,15.871743486973948,0.03533957555042509
RRPV adopters,15.991983967935871,0.035083791246497076
RRPV adopters,16.112224448897795,0.03482705585293241
RRPV adopters,16.23246492985972,0.03456947051246225
RRPV adopters,16.352705410821642,0.034311132987415095
RRPV adopters,16.47294589178357,0.03405213787874795
RRPV adopters,16.593186372745492,0.03379257684860112
RRPV adopters,16.713426853707418,0.033532538844706986
RRPV adopters,16.83366733466934,0.03327211032485107
RRPV adopters,16.953907815631265,0.03301137547946593
RRPV adopters,17.074148296593187,0.03275041645034185
RRPV adopters,17.194388777555112,0.032489313543361126
RRPV adopters,17.314629258517034,0.03222814543311126
RRPV adopters,17.43486973947896,0.03196698935720708
RRPV adopters,17.55511022044088,0.031705921298154915
RRPV adopters,17.675350701402806,0.03144501615062455
RRPV adopters,17.795591182364728,0.031184347872059072
RRPV adopters,17.915831663326657,0.03092398961464744
RRPV adopters,18.03607214428858,0.030664013836811818
RRPV adopters,18.156312625250504,0.030404492392518877
RRPV adopters,18.276553106212425,0.030145496596912617
RRPV adopters,18.39679358717435,0.029887097266981848
RRPV adopters,18.517034068136272,0.029629364736219164
RRPV adopters,18.637274549098198,0.029372368842494556
RRPV adopters,18.75751503006012,0.029116178888655815
RRPV adopters,18.877755511022045,0.028860863575673787
RRPV adopters,18.997995991983966,0.028606490908472098
RRPV adopters,19.118236472945892,0.028353128074911468
RRPV adopters,19.238476953907814,0.028100841298737404
RRPV adopters,19.358717434869742,0.027849695667638917
RRPV adopters,19.478957915831664,0.027599754937903644
RRPV adopters,19.59919839679359,0.027351081317484392
RRPV adopters,19.71943887775551,0.027103735229610695
RRPV adopters,19.839679358717436,0.026857775059381
RRPV adopters,19.95991983967936,0.026613256886053177
RRPV adopters,20.080160320641284,0.026370234204007404
RRPV adopters,20.200400801603205,0.026128757635585018
RRPV adopters,20.32064128256513,0.02588887463920243
RRPV adopters,20.440881763527052,0.02565062921630133
RRPV adopters,20.561122244488978,0.025414061620819106
RRPV adopters,20.6813627254509,0.02517920807494713
RRPV adopters,20.80160320641283,0.02494610049498528
RRPV adopters,20.92184368737475,0.024714766231099475
RRPV adopters,21.042084168336675,0.02448522782474302
RRPV adopters,21.162324649298597,0.02425750278741313
RRPV adopters,21.282565130260522,0.024031603404280545
RRPV adopters,21.402805611222444,0.023807536566055217
RRPV adopters,21.52304609218437,0.023585303632234194
RRPV adopters,21.64328657314629,0.0233649003286235
RRPV adopters,21.763527054108216,0.02314631668173439
RRPV adopters,21.883767535070138,0.02292953699233068
RRPV adopters,22.004008016032063,0.022714539850050276
RRPV adopters,22.124248496993985,0.022501298190645284
RRPV adopters,22.244488977955914,0.022289779396984174
RRPV adopters,22.364729458917836,0.02207994544454245
RRPV adopters,22.48496993987976,0.021871753091678176
RRPV adopters,22.605210420841683,0.0216651541145514
RRPV adopters,22.725450901803608,0.021460095586106315
RRPV adopters,22.84569138276553,0.021256520198096828
RRPV adopters,22.965931863727455,0.021054366624704935
RRPV adopters,23.08617234468938,0.020853569925881766
RRPV adopters,23.206412825651302,0.02065406198813717
RRPV adopters,23.326653306613228,0.02045577200012046
RRPV adopters,23.44689378757515,0.02025862695997591
RRPV adopters,23.567134268537078,0.020062552211125056
RRPV adopters,23.687374749499,0.019867472002828197
RRPV adopters,23.807615230460925,0.0196733100716115
RRPV adopters,23.927855711422847,0.019479990239416694
RRPV adopters,24.048096192384772,0.019287437024140056
RRPV adopters,24.168336673346694,0.019095576258076542
RRPV adopters,24.28857715430862,0.018904335709676007
RRPV adopters,24.40881763527054,0.018713645703951128
RRPV adopters,24.529058116232466,0.018523439736851294
RRPV adopters,24.649298597194388,0.01833365507893374
RRPV adopters,24.769539078156313,0.018144233363720282
RRPV adopters,24.889779559118235,0.017955121156226276
RRPV adopters,25.010020040080164,0.01776627049728371
RRPV adopters,25.130260521042086,0.017577639419453586
RRPV adopters,25.25050100200401,0.017389192430528798
RRPV adopters,25.370741482965933,0.017200900960868078
RRPV adopters,25.490981963927858,0.01701274377106856
RRPV adopters,25.61122244488978,0.01682470731677897
RRPV adopters,25.731462925851705,0.016636786067771588
RRPV adopters,25.851703406813627,0.016448982778728204
RRPV adopters,25.971943887775552,0.01626130870954774
RRPV adopters,26.092184368737474,0.016073783793349405
RRPV adopters,26.2124248496994,0.01588643675072064
RRPV adopters,26.33266533066132,0.015699305149140853
RRPV adopters,26.45290581162325,0.01551243540689671
RRPV adopters,26.57314629258517,0.015325882741189099
RRPV adopters,26.693386773547097,0.015139711060512826
RRPV adopters,26.81362725450902,0.014953992801764973
RRPV adopters,26.933867735470944,0.014768808712903144
RRPV adopters,27.054108216432866,0.01458424758232889
RRPV adopters,27.17434869739479,0.014400405916511117
RRPV adopters,27.294589178356713,0.014217387567687896
RRPV adopters,27.414829659318638,0.014035303313790099
RRPV adopters,27.53507014028056,0.01385427039301558
RRPV adopters,27.655310621242485,0.013674411995746313
RRPV adopters,27.775551102204407,0.013495856716741987
RRPV adopters,27.895791583166336,0.013318737970760695
RRPV adopters,28.016032064128257,0.013143193374950374
RRPV adopters,28.136272545090183,0.012969364101522019
RRPV adopters,28.256513026052104,0.012797394204358315
RRPV adopters,28.37675350701403,0.012627429923327597
RRPV adopters,28.49699398797595,0.012459618970164727
RRPV adopters,28.617234468937877,0.012294109799845828
RRPV adopters,28.7374749498998,0.012131050871425497
RRPV adopters,28.857715430861724,0.011970589902321372
RRPV adopters,28.977955911823646,0.011812873120024667
RRPV adopters,29.09819639278557,0.01165804451518556
RRPV adopters,29.218436873747493,0.011506245099971552
RRPV adopters,29.33867735470942,0.011357612175524846
RRPV adopters,29.458917835671343,0.01121227861225414
RRPV adopters,29.57915831663327,0.011070372146586406
RRPV adopters,29.69939879759519,0.01093201469767847
RRPV adopters,29.819639278557116,0.0107973217074462
RRPV adopters,29.939879759519037,0.010666401507113432
RRPV adopters,30.060120240480963,0.010539354713314096
RRPV adopters,30.180360721442884,0.01041627365660125
RRPV adopters,30.30060120240481,0.01029724184502687
RRPV adopters,30.42084168336673,0.010182333465258167
RRPV adopters,30.541082164328657,0.01007161292349066
RRPV adopters,30.66132264529058,0.009965134428207428
RRPV adopters,30.781563126252507,0.009862941616618017
RRPV adopters,30.901803607214433,0.00976506722639195
RRPV adopters,31.022044088176354,0.009671532814080631
RRPV adopters,31.14228456913828,0.00958234852139965
RRPV adopters,31.2625250501002,0.009497512890321606
RRPV adopters,31.382765531062127,0.009417012727708585
RRPV adopters,31.50300601202405,0.009340823019994542
RRPV adopters,31.623246492985974,0.009268906898211275
RRPV adopters,31.743486973947896,0.00920121565343864
RRPV adopters,31.86372745490982,0.009137688802550408
RRPV adopters,31.983967935871743,0.009078254203922448
RRPV adopters,32.10420841683367,0.009022828222569834
RRPV adopters,32.22444889779559,0.008971315943985083
RRPV adopters,32.344689378757515,0.008923611435760127
RRPV adopters,32.46492985971944,0.008879598055891577
RRPV adopters,32.585170340681366,0.008839148806491028
RRPV adopters,32.705410821643284,0.008802126731450711
RRPV adopters,32.82565130260521,0.00876838535644948
RRPV adopters,32.94589178356714,0.008737769169524746
RRPV adopters,33.06613226452906,0.008710114140283111
RRPV adopters,33.186372745490985,0.0086852482756756
RRPV adopters,33.30661322645291,0.00866299221012305
RRPV adopters,33.426853707414836,0.008643159827643066
RRPV adopters,33.547094188376754,0.008625558913502387
RRPV adopters,33.66733466933868,0.008609991832797554
RRPV adopters,33.787575150300604,0.008596256233252478
RRPV adopters,33.90781563126253,0.008584145769414341
RRPV adopters,34.02805611222445,0.00857345084532933
RRPV adopters,34.14829659318637,0.008563959372687543
RRPV adopters,34.2685370741483,0.008555457541342194
RRPV adopters,34.388777555110224,0.008547730599032716
RRPV adopters,34.50901803607214,0.008540563637075041
RRPV adopters,34.62925851703407,0.008533742378725727
RRPV adopters,34.74949899799599,0.008527053966880466
RRPV adopters,34.86973947895792,0.008520287747732702
RRPV adopters,34.989979959919836,0.008513236046995205
RRPV adopters,35.11022044088176,0.008505694935277414
RRPV adopters,35.23046092184369,0.008497464979214955
RRPV adopters,35.35070140280561,0.008488351974965912
RRPV adopters,35.47094188376753,0.008478167660721682
RRPV adopters,35.591182364729455,0.008466730404929885
RRPV adopters,35.71142284569139,0.00845386586699284
RRPV adopters,35.83166332665331,0.008439407627288972
RRPV adopters,35.95190380761523,0.008423197783466074
RRPV adopters,36.07214428857716,0.008405087510075546
RRPV adopters,36.19238476953908,0.008384937578755452
RRPV adopters,36.31262525050101,0.008362618836328163
RRPV adopters,36.432865731462925,0.008338012638354769
RRPV adopters,36.55310621242485,0.008311011235883988
RRPV adopters,36.673346693386776,0.008281518113346762
RRPV adopters,36.7935871743487,0.008249448275779173
RRPV adopters,36.91382765531062,0.008214728483804539
RRPV adopters,37.034068136272545,0.008177297435069626
RRPV adopters,37.15430861723447,0.008137105891108797
RRPV adopters,37.274549098196395,0.008094116748901663
RRPV adopters,37.394789579158314,0.00804830505669337
RRPV adopters,37.51503006012024,0.007999657973959535
RRPV adopters,37.635270541082164,0.007948174675718527
RRPV adopters,37.75551102204409,0.007893866201719404
RRPV adopters,37.87575150300601,0.00783675525136275
RRPV adopters,37.99599198396793,0.007776875925540421
RRPV adopters,38.11623246492986,0.007714273416907175
RRPV adopters,38.236472945891784,0.007649003650418547
RRPV adopters,38.3567134268537,0.007581132876283376
RRPV adopters,38.47695390781563,0.007510737217782386
RRPV adopters,38.59719438877756,0.007437902176694156
RRPV adopters,38.717434869739485,0.007362722099343224
RRPV adopters,38.83767535070141,0.007285299606539967
RRPV adopters,38.95791583166333,0.007205744990915237
RRPV adopters,39.078156312625254,0.007124175585362335
RRPV adopters,39.19839679358718,0.00704071510648267
RRPV adopters,39.318637274549104,0.00695549297708695
RRPV adopters,39.43887775551102,0.006868643631929884
RRPV adopters,39.55911823647295,0.0067803058109509795
RRPV adopters,39.67935871743487,0.006690621844356471
RRPV adopters,39.7995991983968,0.006599736933906234
RRPV adopters,39.91983967935872,0.006507798434764924
RRPV adopters,40.04008016032064,0.006414955142237446
RRPV adopters,40.16032064128257,0.006321356587636161
RRPV adopters,40.28056112224449,0.0062271523474206406
RRPV adopters,40.40080160320641,0.006132491369611927
RRPV adopters,40.521042084168336,0.006037521321312546
RRPV adopters,40.64128256513026,0.005942387960963101
RRPV adopters,40.76152304609219,0.005847234538737336
RRPV adopters,40.881763527054105,0.005752201228222808
RRPV adopters,41.00200400801603,0.005657424592255729
RRPV adopters,41.122244488977955,0.005563037085478909
RRPV adopters,41.24248496993988,0.005469166595873789
RRPV adopters,41.3627254509018,0.005375936027184718
RRPV adopters,41.48296593186373,0.005283462923808463
RRPV adopters,41.60320641282566,0.005191859139368543
RRPV adopters,41.72344689378758,0.005101230549834798
RRPV adopters,41.8436873747495,0.0050116768116882015
RRPV adopters,41.963927855711425,0.0049232911652715905
RRPV adopters,42.08416833667335,0.004836160283113137
RRPV adopters,42.204408817635276,0.004750364162663362
RRPV adopters,42.324649298597194,0.004665976062552518
RRPV adopters,42.44488977955912,0.0045830624811553705
RRPV adopters,42.565130260521045,0.004501683175948336
RRPV adopters,42.68537074148297,0.004421891221861735
RRPV adopters,42.80561122244489,0.004343733106570479
RRPV adopters,42.92585170340681,0.004267248860431526
RRPV adopters,43.04609218436874,0.004192472218568161
RRPV adopters,43.166332665330664,0.004119430812420661
RRPV adopters,43.28657314629258,0.00404814638793203
RRPV adopters,43.40681362725451,0.0039786350474164895
RRPV adopters,43.52705410821643,0.003910907512068373
RRPV adopters,43.64729458917836,0.0038449694020097447
RRPV adopters,43.767535070140276,0.003780821530746857
RRPV adopters,43.8877755511022,0.0037184602109074914
RRPV adopters,44.00801603206413,0.0036578775681630157
RRPV adopters,44.12825651302605,0.0035990618602991325
RRPV adopters,44.24849699398797,0.003541997798486937
RRPV adopters,44.3687374749499,0.0034866668679189405
RRPV adopters,44.48897795591183,0.0034330476451117087
RRPV adopters,44.60921843687375,0.0033811161093353463
RRPV adopters,44.72945891783567,0.003330845945808249
RRPV adopters,44.8496993987976,0.0032822088384906883
RRPV adopters,44.96993987975952,0.0032351747505206217
RRPV adopters,45.09018036072145,0.0031897121905566533
RRPV adopters,45.210420841683366,0.0031457884635241367
RRPV adopters,45.33066132264529,0.0031033699044977184
RRPV adopters,45.450901803607216,0.0030624220946949567
RRPV adopters,45.57114228456914,0.0030229100587979368
RRPV adopters,45.69138276553106,0.0029847984430607984
RRPV adopters,45.811623246492985,0.002948051673897856
RRPV adopters,45.93186372745491,0.002912634096877563
RRPV adopters,46.052104208416836,0.0028785100962692126
RRPV adopters,46.17234468937876,0.0028456441955002866
RRPV adopters,46.29258517034068,0.002814001139080575
RRPV adopters,46.412825651302605,0.0027835459567329096
RRPV adopters,46.53306613226453,0.0027542440106381985
RRPV adopters,46.653306613226455,0.002726061026852898
RRPV adopters,46.77354709418837,0.0026989631120893005
RRPV adopters,46.8937875751503,0.00267291675716203
RRPV adopters,47.014028056112224,0.0026478888284974804
RRPV adopters,47.134268537074156,0.0026238465491760865
RRPV adopters,47.254509018036075,0.002600757471030444
RRPV adopters,47.374749498998,0.0025785894393551877
RRPV adopters,47.494989979959925,0.002557310551797843
RRPV adopters,47.61523046092185,0.002536889112993827
RRPV adopters,47.73547094188377,0.0025172935864845097
RRPV adopters,47.855711422845694,0.002498492545415248
RRPV adopters,47.97595190380762,0.002480454623452114
RRPV adopters,48.096192384769545,0.002463148467282502
RRPV adopters,48.21643286573146,0.0024465426919776058
RRPV adopters,48.33667334669339,0.0024306058403951907
RRPV adopters,48.45691382765531,0.002415306347690833
RRPV adopters,48.57715430861724,0.002400612511886402
RRPV adopters,48.69739478957916,0.0023864924713178732
RRPV adopters,48.81763527054108,0.0023729141896520994
RRPV adopters,48.93787575150301,0.0023598454490258696
RRPV adopters,49.05811623246493,0.0023472538517219643
RRPV adopters,49.17835671342685,0.002335106830657857
RRPV adopters,49.298597194388776,0.0023233716688246943
RRPV adopters,49.4188376753507,0.002312015527678873
RRPV adopters,49.53907815631263,0.002301005484357371
RRPV adopters,49.659318637274545,0.0022903085774623995
RRPV adopters,49.77955911823647,0.002279891861042188
RRPV adopters,49.899799599198396,0.002269722466284008
RRPV adopters,50.02004008016033,0.0022597676703338446
RRPV adopters,50.140280561122246,0.0022499949715654157
RRPV adopters,50.26052104208417,0.002240372170540265
RRPV adopters,50.3807615230461,0.002230867455830988
RRPV adopters,50.50100200400802,0.0022214494938217946
RRPV adopters,50.62124248496994,0.002212087521554914
RRPV adopters,50.741482965931866,0.002202751441657884
RRPV adopters,50.86172344689379,0.002193411918365694
RRPV adopters,50.981963927855716,0.0021840404736428094
RRPV adopters,51.102204408817634,0.0021746095824131785
RRPV adopters,51.22244488977956,0.0021650927659209317
RRPV adopters,51.342685370741485,0.0021554646822701685
RRPV adopters,51.46292585170341,0.0021457012132284005
RRPV adopters,51.58316633266533,0.0021357795464240904
RRPV adopters,51.703406813627254,0.0021256782521236013
RRPV adopters,51.82364729458918,0.002115377353835768
RRPV adopters,51.943887775551104,0.0021048583920623277
RRPV adopters,52.06412825651302,0.00209410448058862
RRPV adopters,52.18436873747495,0.002083100354790158
RRPV adopters,52.30460921843687,0.0020718324115159685
RRPV adopters,52.4248496993988,0.002060288740197718
RRPV adopters,52.54509018036072,0.0020484591449237
RRPV adopters,52.66533066132264,0.002036335157307557
RRPV adopters,52.78557114228457,0.0020239100400721416
RRPV adopters,52.9058116232465,0.002011178781358169
RRPV adopters,53.02605210420842,0.0019981380798543267
RRPV adopters,53.14629258517034,0.001984786320929342
RRPV adopters,53.26653306613227,0.001971123544026354
RRPV adopters,53.386773547094194,0.0019571514016549804
RRPV adopters,53.50701402805611,0.0019428731103860477
RRPV adopters,53.62725450901804,0.0019282933943174639
RRPV adopters,53.74749498997996,0.001913418421536584
RRPV adopters,53.86773547094189,0.0018982557341543044
RRPV adopters,53.98797595190381,0.001882814172528639
RRPV adopters,54.10821643286573,0.0018671037943304492
RRPV adopters,54.22845691382766,0.0018511357891312522
RRPV adopters,54.34869739478958,0.0018349223892125113
RRPV adopters,54.46893787575151,0.0018184767773075758
RRPV adopters,54.589178356713425,0.0018018129919917455
RRPV adopters,54.70941883767535,0.0017849458314328488
RRPV adopters,54.829659318637276,0.0017678907562047382
RRPV adopters,54.9498997995992,0.0017506637918494388
RRPV adopters,55.07014028056112,0.0017332814318509636
RRPV adopters,55.190380761523045,0.001715760541655385
RRPV adopters,55.31062124248497,0.0016981182643383292
RRPV adopters,55.430861723446895,0.0016803719284831128
RRPV adopters,55.551102204408814,0.0016625389587910317
RRPV adopters,55.67134268537074,0.0016446367899003952
RRPV adopters,55.79158316633267,0.0016266827838435068
RRPV adopters,55.9118236472946,0.0016086941515215515
RRPV adopters,56.032064128256515,0.0015906878785269928
RRPV adopters,56.15230460921844,0.001572680655592158
RRPV adopters,56.272545090180365,0.0015546888138919565
RRPV adopters,56.39278557114229,0.001536728265378559
RRPV adopters,56.51302605210421,0.0015188144482771197
RRPV adopters,56.633266533066134,0.0015009622778245511
RRPV adopters,56.75350701402806,0.0014831861022886095
RRPV adopters,56.873747494989985,0.001465499664262342
RRPV adopters,56.9939879759519,0.0014479160671897909
RRPV adopters,57.11422845691383,0.0014304477470428898
RRPV adopters,57.234468937875754,0.0014131064490370275
RRPV adopters,57.35470941883768,0.001395903209243873
RRPV adopters,57.4749498997996,0.0013788483409349162
RRPV adopters,57.59519038076152,0.0013619514254677237
RRPV adopters,57.71543086172345,0.0013452213075091685
RRPV adopters,57.83567134268537,0.0013286660943756996
RRPV adopters,57.95591182364729,0.0013122931592600125
RRPV adopters,58.07615230460922,0.0012961091481059836
RRPV adopters,58.19639278557114,0.0012801199898892688
RRPV adopters,58.31663326653307,0.0012643309100591911
RRPV adopters,58.436873747494985,0.0012487464468982738
RRPV adopters,58.55711422845691,0.001233370470558523
RRPV adopters,58.67735470941884,0.001218206204538172
RRPV adopters,58.79759519038077,0.0012032562493685319
RRPV adopters,58.91783567134269,0.0011885226082876906
RRPV adopters,59.03807615230461,0.0011740067146855705
RRPV adopters,59.15831663326654,0.0011597094611130695
RRPV adopters,59.27855711422846,0.0011456312296562903
RRPV adopters,59.39879759519038,0.0011317719234850154
RRPV adopters,59.519038076152306,0.0011181309993922453
RRPV adopters,59.63927855711423,0.0011047075011487166
RRPV adopters,59.75951903807616,0.0010915000935024977
RRPV adopters,59.879759519038075,0.0010785070966590929
RRPV adopters,60.0,0.0010657265210816983
Non-adopters,0.0,0.005331425188749531
Non-adopters,0.12024048096192386,0.005744430420453883
Non-adopters,0.2404809619238477,0.006182341035803882
Non-adopters,0.36072144288577157,0.006646122441059386
Non-adopters,0.4809619238476954,0.00713674235932677
Non-adopters,0.6012024048096192,0.007655167887284148
Non-adopters,0.7214428857715431,0.00820236219691231
Non-adopters,0.841683366733467,0.008779280842062748
Non-adopters,0.9619238476953909,0.009386867628900697
Non-adopters,1.0821643286573146,0.01002605000940528
Non-adopters,1.2024048096192383,0.010697733958332102
Non-adopters,1.3226452905811623,0.011402798296478875
Non-adopters,1.4428857715430863,0.01214208842685942
Non-adopters,1.5631262525050102,0.012916409455584544
Non-adopters,1.683366733466934,0.013726518675944474
Non-adopters,1.8036072144288577,0.01457311740243218
Non-adopters,1.9238476953907817,0.015456842151252695
Non-adopters,2.0440881763527052,0.016378255175205008
Non-adopters,2.164328657314629,0.017337834373634606
Non-adopters,2.284569138276553,0.018335962612326697
Non-adopters,2.4048096192384767,0.019372916503588335
Non-adopters,2.5250501002004007,0.020448854713150718
Non-adopters,2.6452905811623246,0.021563805877666122
Non-adopters,2.765531062124248,0.02271765623418602
Non-adopters,2.8857715430861726,0.023910137080758842
Non-adopters,3.0060120240480965,0.025140812204809987
Non-adopters,3.1262525050100205,0.026409065432866398
Non-adopters,3.246492985971944,0.02771408847104223
Non-adopters,3.366733466933868,0.029054869220075857
Non-adopters,3.486973947895792,0.030430180761159335
Non-adopters,3.6072144288577155,0.03183857121889322
Non-adopters,3.7274549098196395,0.033278354715010706
Non-adopters,3.8476953907815634,0.03474760363065082
Non-adopters,3.967935871743487,0.03624414239556519
Non-adopters,4.0881763527054105,0.03776554301941108
Non-adopters,4.208416833667335,0.03930912257296959
Non-adopters,4.328657314629258,0.0408719428155592
Non-adopters,4.448897795591182,0.042450812148997444
Non-adopters,4.569138276553106,0.04404229005819269
Non-adopters,4.68937875751503,0.04564269417391125
Non-adopters,4.809619238476953,0.04724811006465
Non-adopters,4.929859719438878,0.04885440383213509
Non-adopters,5.050100200400801,0.05045723754914885
Non-adopters,5.170340681362725,0.05205208753963775
Non-adopters,5.290581162324649,0.053634265459943486
Non-adopters,5.410821643286573,0.055198942097176934
Non-adopters,5.531062124248496,0.05674117375694017
Non-adopters,5.651302605210421,0.05825593106857296
Non-adopters,5.771543086172345,0.05973812999267525
Non-adopters,5.8917835671342695,0.061182664773681644
Non-adopters,6.012024048096193,0.06258444254058848
Non-adopters,6.132264529058117,0.0639384192223977
Non-adopters,6.252505010020041,0.06523963641225394
Non-adopters,6.3727454909819645,0.06648325878636725
Non-adopters,6.492985971943888,0.06766461166132122
Non-adopters,6.6132264529058125,0.06877921825686642
Non-adopters,6.733466933867736,0.06982283622128431
Non-adopters,6.8537074148296595,0.07079149297325907
Non-adopters,6.973947895791584,0.07168151941815964
Non-adopters,7.094188376753507,0.07248958160782379
Non-adopters,7.214428857715431,0.07321270993131496
Non-adopters,7.334669338677355,0.07384832544951339
Non-adopters,7.454909819639279,0.07439426301847853
Non-adopters,7.575150300601202,0.07484879088481504
Non-adopters,7.695390781563127,0.07521062648019541
Non-adopters,7.81563126252505,0.07547894819101658
Non-adopters,7.935871743486974,0.07565340293207297
Non-adopters,8.056112224448897,0.07573410940920461
Non-adopters,8.176352705410821,0.07572165701413575
Non-adopters,8.296593186372746,0.0756171003541332
Non-adopters,8.41683366733467,0.07542194947862198
Non-adopters,8.537074148296593,0.0751381559234382
Non-adopters,8.657314629258517,0.07476809474993774
Non-adopters,8.77755511022044,0.07431454280971161
Non-adopters,8.897795591182364,0.07378065351525459
Non-adopters,9.01803607214429,0.07316992844174063
Non-adopters,9.138276553106213,0.0724861861243274
Non-adopters,9.258517034068136,0.071733528448515
Non-adopters,9.37875751503006,0.07091630505751229
Non-adopters,9.498997995991983,0.07003907621995972
Non-adopters,9.619238476953907,0.06910657461349451
Non-adopters,9.739478957915832,0.0681236664844502
Non-adopters,9.859719438877756,0.0670953126415278
Non-adopters,9.97995991983968,0.06602652973176784
Non-adopters,10.100200400801603,0.06492235223093731
Non-adopters,10.220440881763526,0.0637877955579826
Non-adopters,10.34068136272545,0.06262782069506512
Non-adopters,10.460921843687375,0.06144730066155324
Non-adopters,10.581162324649299,0.06025098915293543
Non-adopters,10.701402805611222,0.05904349161474324
Non-adopters,10.821643286573146,0.05782923897806955
Non-adopters,10.941883767535069,0.056612464237991884
Non-adopters,11.062124248496993,0.05539718201002496
Non-adopters,11.182364729458918,0.054187171153469396
Non-adopters,11.302605210420841,0.05298596050500457
Non-adopters,11.422845691382765,0.05179681772184748
Non-adopters,11.54308617234469,0.05062274119196157
Non-adopters,11.663326653306614,0.0494664549297683
Non-adopters,11.783567134268539,0.048330406340121965
Non-adopters,11.903807615230463,0.047216766701401215
Non-adopters,12.024048096192386,0.04612743419079136
Non-adopters,12.14428857715431,0.045064039251432826
Non-adopters,12.264529058116233,0.04402795208224223
Non-adopters,12.384769539078157,0.04302029201692918
Non-adopters,12.505010020040082,0.04204193854900187
Non-adopters,12.625250501002006,0.04109354375425475
Non-adopters,12.745490981963929,0.04017554586116952
Non-adopters,12.865731462925853,0.03928818372256894
Non-adopters,12.985971943887776,0.03843151194842145
Non-adopters,13.1062124248497,0.03760541646953167
Non-adopters,13.226452905811625,0.03680963031456183
Non-adopters,13.346693386773548,0.03604374939797784
Non-adopters,13.466933867735472,0.035307248133655295
Non-adopters,13.587174348697395,0.03459949470755888
Non-adopters,13.707414829659319,0.033919765862678246
Non-adopters,13.827655310621243,0.033267261069827185
Non-adopters,13.947895791583168,0.0326411159785775
Non-adopters,14.068136272545091,0.03204041506311855
Non-adopters,14.188376753507015,0.03146420339785552
Non-adopters,14.308617234468938,0.0309114975167694
Non-adopters,14.428857715430862,0.030381295328686702
Non-adopters,14.549098196392785,0.029872585077417347
Non-adopters,14.66933867735471,0.029384353351029992
Non-adopters,14.789579158316634,0.028915592158204915
Non-adopters,14.909819639278558,0.028465305101538628
Non-adopters,15.030060120240481,0.028032512687816924
Non-adopters,15.150300601202405,0.027616256823609107
Non-adopters,15.270541082164328,0.02721560455108634
Non-adopters,15.390781563126254,0.026829651083786203
Non-adopters,15.511022044088177,0.026457522205216417
Non-adopters,15.6312625250501,0.026098376094821598
Non-adopters,15.751503006012024,0.02575140464605571
Non-adopters,15.871743486973948,0.02541583434025581
Non-adopters,15.991983967935871,0.025090926737854055
Non-adopters,16.112224448897795,0.024775978645361588
Non-adopters,16.23246492985972,0.024470322012675603
Non-adopters,16.352705410821642,0.024173323610768786
Non-adopters,16.47294589178357,0.023884384534882654
Non-adopters,16.593186372745492,0.023602939573120662
Non-adopters,16.713426853707418,0.023328456474972604
Non-adopters,16.83366733466934,0.02306043514893585
Non-adopters,16.953907815631265,0.02279840681315494
Non-adopters,17.074148296593187,0.022541933117989604
Non-adopters,17.194388777555112,0.022290605254733514
Non-adopters,17.314629258517034,0.022044043060421795
Non-adopters,17.43486973947896,0.021801894124842108
Non-adopters,17.55511022044088,0.021563832902548232
Non-adopters,17.675350701402806,0.02132955982989211
Non-adopters,17.795591182364728,0.02109880044485437
Non-adopters,17.915831663326657,0.020871304505760895
Non-adopters,18.03607214428858,0.020646845103810648
Non-adopters,18.156312625250504,0.020425217763679015
Non-adopters,18.276553106212425,0.02020623952626686
Non-adopters,18.39679358717435,0.01998974800789101
Non-adopters,18.517034068136272,0.0197756004308069
Non-adopters,18.637274549098198,0.019563672620860676
Non-adopters,18.75751503006012,0.019353857969227475
Non-adopters,18.877755511022045,0.019146066356542306
Non-adopters,18.997995991983966,0.01894022303921024
Non-adopters,19.118236472945892,0.018736267499232528
Non-adopters,19.238476953907814,0.018534152260449424
Non-adopters,19.358717434869742,0.018333841675625198
Non-adopters,19.478957915831664,0.018135310690239742
Non-adopters,19.59919839679359,0.017938543590161362
Non-adopters,19.71943887775551,0.01774353274152292
Non-adopters,19.839679358717436,0.0175502773320784
Non-adopters,19.95991983967936,0.01735878212405901
Non-adopters,20.080160320641284,0.01716905622906134
Non-adopters,20.200400801603205,0.016981111915777853
Non-adopters,20.32064128256513,0.01679496346141948
Non-adopters,20.440881763527052,0.016610626057487282
Non-adopters,20.561122244488978,0.016428114780132886
Non-adopters,20.6813627254509,0.01624744363472232
Non-adopters,20.80160320641283,0.016068624683401533
Non-adopters,20.92184368737475,0.015891667263477512
Non-adopters,21.042084168336675,0.015716577303299777
Non-adopters,21.162324649298597,0.015543356741079822
Non-adopters,21.282565130260522,0.015372003050746937
Non-adopters,21.402805611222444,0.015202508877536332
Non-adopters,21.52304609218437,0.015034861784565026
Non-adopters,21.64328657314629,0.014869044110200869
Non-adopters,21.763527054108216,0.014705032934593104
Non-adopters,21.883767535070138,0.014542800152334803
Non-adopters,22.004008016032063,0.014382312646887585
Non-adopters,22.124248496993985,0.014223532561138702
Non-adopters,22.244488977955914,0.014066417657295011
Non-adopters,22.364729458917836,0.013910921758264175
Non-adopters,22.48496993987976,0.013756995261741234
Non-adopters,22.605210420841683,0.013604585717420336
Non-adopters,22.725450901803608,0.013453638457092935
Non-adopters,22.84569138276553,0.013304097266882482
Non-adopters,22.965931863727455,0.013155905090503513
Non-adopters,23.08617234468938,0.013009004752223252
Non-adopters,23.206412825651302,0.012863339688144631
Non-adopters,23.326653306613228,0.01271885467452035
Non-adopters,23.44689378757515,0.012575496542043828
Non-adopters,23.567134268537078,0.012433214865439917
Non-adopters,23.687374749499,0.012291962618189513
Non-adopters,23.807615230460925,0.012151696782859687
Non-adopters,23.927855711422847,0.012012378908265852
Non-adopters,24.048096192384772,0.011873975605553765
Non-adopters,24.168336673346694,0.011736458976246499
Non-adopters,24.28857715430862,0.011599806966340715
Non-adopters,24.40881763527054,0.011464003641646146
Non-adopters,24.529058116232466,0.011329039380725716
Non-adopters,24.649298597194388,0.011194910982998066
Non-adopters,24.769539078156313,0.011061621690792193
Non-adopters,24.889779559118235,0.01092918112538067
Non-adopters,25.010020040080164,0.010797605138246208
Non-adopters,25.130260521042086,0.010666915580040848
Non-adopters,25.25050100200401,0.010537139990860984
Non-adopters,25.370741482965933,0.010408311216569668
Non-adopters,25.490981963927858,0.010280466956935056
Non-adopters,25.61122244488978,0.010153649252306624
Non-adopters,25.731462925851705,0.010027903916405791
Non-adopters,25.851703406813627,0.009903279923553856
Non-adopters,25.971943887775552,0.00977982875928705
Non-adopters,26.092184368737474,0.00965760374380878
Non-adopters,26.2124248496994,0.009536659338095338
Non-adopters,26.33266533066132,0.009417050442700347
Non-adopters,26.45290581162325,0.009298831699391262
Non-adopters,26.57314629258517,0.009182056805699447
Non-adopters,26.693386773547097,0.009066777852273897
Non-adopters,26.81362725450902,0.008953044692602533
Non-adopters,26.933867735470944,0.00884090435420837
Non-adopters,27.054108216432866,0.00873040049984891
Non-adopters,27.17434869739479,0.00862157294655353
Non-adopters,27.294589178356713,0.008514457249536485
Non-adopters,27.414829659318638,0.008409084357132468
Non-adopters,27.53507014028056,0.0083054803419307
Non-adopters,27.655310621242485,0.008203666212244125
Non-adopters,27.775551102204407,0.008103657806956875
Non-adopters,27.895791583166336,0.008005465775658386
Non-adopters,28.016032064128257,0.007909095644811511
Non-adopters,28.136272545090183,0.007814547969527465
Non-adopters,28.256513026052104,0.007721818569347255
Non-adopters,28.37675350701403,0.007630898845269873
Non-adopters,28.49699398797595,0.007541776174136259
Non-adopters,28.617234468937877,0.007454434375386296
Non-adopters,28.7374749498998,0.007368854244167277
Non-adopters,28.857715430861724,0.007285014143796902
Non-adopters,28.977955911823646,0.0072028906496837755
Non-adopters,29.09819639278557,0.007122459235993213
Non-adopters,29.218436873747493,0.007043694995626103
Non-adopters,29.33867735470942,0.006966573383462037
Non-adopters,29.458917835671343,0.006891070972313497
Non-adopters,29.57915831663327,0.006817166210652282
Non-adopters,29.69939879759519,0.006744840170909634
Non-adopters,29.819639278557116,0.006674077277022237
Non-adopters,29.939879759519037,0.006604865999902516
Non-adopters,30.060120240480963,0.006537199509655811
Non-adopters,30.180360721442884,0.0064710762736514115
Non-adopters,30.30060120240481,0.0064065005899790325
Non-adopters,30.42084168336673,0.006343483046386185
Non-adopters,30.541082164328657,0.006282040895492055
Non-adopters,30.66132264529058,0.006222198337905492
Non-adopters,30.781563126252507,0.006163986705831953
Non-adopters,30.901803607214433,0.006107444540828778
Non-adopters,31.022044088176354,0.006052617560549425
Non-adopters,31.14228456913828,0.005999558510593725
Non-adopters,31.2625250501002,0.005948326898938692
Non-adopters,31.382765531062127,0.005898988611847506
Non-adopters,31.50300601202405,0.005851615411626227
Non-adopters,31.623246492985974,0.005806284318099873
Non-adopters,31.743486973947896,0.005763076877192694
Non-adopters,31.86372745490982,0.005722078321501402
Non-adopters,31.983967935871743,0.0056833766292242426
Non-adopters,32.10420841683367,0.005647061489232512
Non-adopters,32.22444889779559,0.00561322318142394
Non-adopters,32.344689378757515,0.005581951382759574
Non-adopters,32.46492985971944,0.005553333910538939
Non-adopters,32.585170340681366,0.005527455415494867
Non-adopters,32.705410821643284,0.005504396038174347
Non-adopters,32.82565130260521,0.005484230042801602
Non-adopters,32.94589178356714,0.005467024443383563
Non-adopters,33.06613226452906,0.005452837637207667
Non-adopters,33.186372745490985,0.00544171806109192
Non-adopters,33.30661322645291,0.005433702885774947
Non-adopters,33.426853707414836,0.005428816763679234
Non-adopters,33.547094188376754,0.0054270706449473325
Non-adopters,33.66733466933868,0.00542846067614398
Non-adopters,33.787575150300604,0.005432967195345271
Non-adopters,33.90781563126253,0.005440553836509749
Non-adopters,34.02805611222445,0.005451166755057999
Non-adopters,34.14829659318637,0.005464733985491365
Non-adopters,34.2685370741483,0.005481164940671952
Non-adopters,34.388777555110224,0.005500350061081614
Non-adopters,34.50901803607214,0.005522160620993784
Non-adopters,34.62925851703407,0.00554644869704572
Non-adopters,34.74949899799599,0.005573047303206578
Non-adopters,34.86973947895792,0.005601770694614812
Non-adopters,34.989979959919836,0.005632414841221759
Non-adopters,35.11022044088176,0.005664758070641206
Non-adopters,35.23046092184369,0.00569856187807999
Non-adopters,35.35070140280561,0.0057335718997240165
Non-adopters,35.47094188376753,0.005769519044487579
Non-adopters,35.591182364729455,0.005806120777610694
Non-adopters,35.71142284569139,0.005843082548216926
Non-adopters,35.83166332665331,0.005880099351630042
Non-adopters,35.95190380761523,0.005916857415997251
Non-adopters,36.07214428857716,0.005953036001585756
Non-adopters,36.19238476953908,0.005988309300012463
Non-adopters,36.31262525050101,0.0060223484196394285
Non-adopters,36.432865731462925,0.0060548234424248355
Non-adopters,36.55310621242485,0.006085405536666746
Non-adopters,36.673346693386776,0.00611376910932089
Non-adopters,36.7935871743487,0.006139593980920917
Non-adopters,36.91382765531062,0.006162567565587747
Non-adopters,37.034068136272545,0.006182387038192151
Non-adopters,37.15430861723447,0.006198761470440635
Non-adopters,37.274549098196395,0.006211413917498485
Non-adopters,37.394789579158314,0.006220083436755391
Non-adopters,37.51503006012024,0.006224527020488046
Non-adopters,37.635270541082164,0.0062245214244898844
Non-adopters,37.75551102204409,0.006219864875229138
Non-adopters,37.87575150300601,0.006210378638769851
Non-adopters,37.99599198396793,0.00619590843555186
Non-adopters,38.11623246492986,0.006176325686178262
Non-adopters,38.236472945891784,0.006151528574603129
Non-adopters,38.3567134268537,0.0061214429165458144
Non-adopters,38.47695390781563,0.006086022822575159
Non-adopters,38.59719438877756,0.006045251147098086
Non-adopters,38.717434869739485,0.005999139716438786
Non-adopters,38.83767535070141,0.005947729331290352
Non-adopters,38.95791583166333,0.005891089541038926
Non-adopters,39.078156312625254,0.005829318189776955
Non-adopters,39.19839679358718,0.005762540736208991
Non-adopters,39.318637274549104,0.005690909352079639
Non-adopters,39.43887775551102,0.005614601806185724
Non-adopters,39.55911823647295,0.005533820143438132
Non-adopters,39.67935871743487,0.005448789170776944
Non-adopters,39.7995991983968,0.005359754763979518
Non-adopters,39.91983967935872,0.005266982011499124
Non-adopters,40.04008016032064,0.005170753213395981
Non-adopters,40.16032064128257,0.005071365755140458
Non-adopters,40.28056112224449,0.004969129877548717
Non-adopters,40.40080160320641,0.004864366365328148
Non-adopters,40.521042084168336,0.0047574041776399624
Non-adopters,40.64128256513026,0.004648578044711949
Non-adopters,40.76152304609219,0.004538226054842124
Non-adopters,40.881763527054105,0.004426687256117249
Non-adopters,41.00200400801603,0.0043142992968265015
Non-adopters,41.122244488977955,0.004201396127884998
Non-adopters,41.24248496993988,0.004088305789603441
Non-adopters,41.3627254509018,0.003975348303865409
Non-adopters,41.48296593186373,0.003862833691222572
Non-adopters,41.60320641282566,0.003751060130616777
Non-adopters,41.72344689378758,0.003640312277415568
Non-adopters,41.8436873747495,0.003530859753238751
Non-adopters,41.963927855711425,0.003422955818693548
Non-adopters,42.08416833667335,0.0033168362376643063
Non-adopters,42.204408817635276,0.003212718339258677
Non-adopters,42.324649298597194,0.003110800280937464
Non-adopters,42.44488977955912,0.003011260513789272
Non-adopters,42.565130260521045,0.002914257448394096
Non-adopters,42.68537074148297,0.002819929317289022
Non-adopters,42.80561122244489,0.0027283942277404683
Non-adopters,42.92585170340681,0.00263975039637257
Non-adopters,43.04609218436874,0.002554076555229899
Non-adopters,43.166332665330664,0.002471432517089086
Non-adopters,43.28657314629258,0.0023918598862995165
Non-adopters,43.40681362725451,0.002315382900143508
Non-adopters,43.52705410821643,0.0022420093846735076
Non-adopters,43.64729458917836,0.0021717318082140635
Non-adopters,43.767535070140276,0.0021045284152125467
Non-adopters,43.8877755511022,0.002040364422881993
Non-adopters,44.00801603206413,0.0019791932630959237
Non-adopters,44.12825651302605,0.0019209578522577295
Non-adopters,44.24849699398797,0.0018655918723626305
Non-adopters,44.3687374749499,0.001813021047180459
Non-adopters,44.48897795591183,0.0017631643983931828
Non-adopters,44.60921843687375,0.0017159354675993597
Non-adopters,44.72945891783567,0.0016712434913250865
Non-adopters,44.8496993987976,0.0016289945175317591
Non-adopters,44.96993987975952,0.0015890924535593592
Non-adopters,45.09018036072145,0.001551440036963375
Non-adopters,45.210420841683366,0.001515939722268106
Non-adopters,45.33066132264529,0.0014824944782429906
Non-adopters,45.450901803607216,0.0014510084918876308
Non-adopters,45.57114228456914,0.00142138777686185
Non-adopters,45.69138276553106,0.0013935406855982435
Non-adopters,45.811623246492985,0.0013673783257664499
Non-adopters,45.93186372745491,0.0013428148831035932
Non-adopters,46.052104208416836,0.0013197678538686883
Non-adopters,46.17234468937876,0.0012981581913078324
Non-adopters,46.29258517034068,0.001277910371521203
Non-adopters,46.412825651302605,0.0012589523849946467
Non-adopters,46.53306613226453,0.001241215660792582
Non-adopters,46.653306613226455,0.0012246349310019663
Non-adopters,46.77354709418837,0.0012091480434685915
Non-adopters,46.8937875751503,0.001194695731178159
Non-adopters,47.014028056112224,0.0011812213468088307
Non-adopters,47.134268537074156,0.0011686705710241558
Non-adopters,47.254509018036075,0.0011569911029921194
Non-adopters,47.374749498998,0.0011461323414152706
Non-adopters,47.494989979959925,0.0011360450640476082
Non-adopters,47.61523046092185,0.0011266811132658512
Non-adopters,47.73547094188377,0.0011179930947666688
Non-adopters,47.855711422845694,0.0011099340958882658
Non-adopters,47.97595190380762,0.0011024574294159655
Non-adopters,48.096192384769545,0.0010955164080384513
Non-adopters,48.21643286573146,0.0010890641538857597
Non-adopters,48.33667334669339,0.0010830534468131562
Non-adopters,48.45691382765531,0.0010774366143078196
Non-adopters,48.57715430861724,0.0010721654650984052
Non-adopters,48.69739478957916,0.0010671912677513275
Non-adopters,48.81763527054108,0.0010624647747516029
Non-adopters,48.93787575150301,0.0010579362917994602
Non-adopters,49.05811623246493,0.0010535557913150767
Non-adopters,49.17835671342685,0.0010492730684405621
Non-adopters,49.298597194388776,0.001045037937167756
Non-adopters,49.4188376753507,0.0010408004636089524
Non-adopters,49.53907815631263,0.0010365112328710076
Non-adopters,49.659318637274545,0.001032121645496345
Non-adopters,49.77955911823647,0.001027584239001392
Non-adopters,49.899799599198396,0.0010228530296774317
Non-adopters,50.02004008016033,0.0010178838695233741
Non-adopters,50.140280561122246,0.0010126348129566145
Non-adopters,50.26052104208417,0.0010070664877979867
Non-adopters,50.3807615230461,0.001001142464950323
Non-adopters,50.50100200400802,0.0009948296211868708
Non-adopters,50.62124248496994,0.0009880984895346513
Non-adopters,50.741482965931866,0.000980923591876795
Non-adopters,50.86172344689379,0.0009732837486043229
Non-adopters,50.981963927855716,0.0009651623604182421
Non-adopters,51.102204408817634,0.0009565476577131643
Non-adopters,51.22244488977956,0.0009474329133590117
Non-adopters,51.342685370741485,0.0009378166151324832
Non-adopters,51.46292585170341,0.0009277025945287259
Non-adopters,51.58316633266533,0.0009171001091998243
Non-adopters,51.703406813627254,0.0009060238768133787
Non-adopters,51.82364729458918,0.0008944940586946019
Non-adopters,51.943887775551104,0.0008825361922017049
Non-adopters,52.06412825651302,0.0008701810713796149
Non-adopters,52.18436873747495,0.0008574645760338835
Non-adopters,52.30460921843687,0.0008444274499579667
Non-adopters,52.4248496993988,0.0008311150296258707
Non-adopters,52.54509018036072,0.0008175769252220372
Non-adopters,52.66533066132264,0.0008038666564150914
Non-adopters,52.78557114228457,0.0007900412457861809
Non-adopters,52.9058116232465,0.0007761607732910441
Non-adopters,53.02605210420842,0.0007622878955634024
Non-adopters,53.14629258517034,0.0007484873342519909
Non-adopters,53.26653306613227,0.0007348253379216572
Non-adopters,53.386773547094194,0.0007213691223380614
Non-adopters,53.50701402805611,0.0007081862941941333
Non-adopters,53.62725450901804,0.00069534426352347
Non-adopters,53.74749498997996,0.0006829096501810493
Non-adopters,53.86773547094189,0.0006709476898550622
Non-adopters,53.98797595190381,0.0006595216451060658
Non-adopters,54.10821643286573,0.0006486922269120237
Non-adopters,54.22845691382766,0.0006385170321315246
Non-adopters,54.34869739478958,0.0006290500021842498
Non-adopters,54.46893787575151,0.000620340908089316
Non-adopters,54.589178356713425,0.0006124348668005467
Non-adopters,54.70941883767535,0.0006053718935349234
Non-adopters,54.829659318637276,0.0005991864945086035
Non-adopters,54.9498997995992,0.0005939073041759488
Non-adopters,55.07014028056112,0.0005895567707131275
Non-adopters,55.190380761523045,0.0005861508931010181
Non-adopters,55.31062124248497,0.0005836990127444695
Non-adopters,55.430861723446895,0.0005822036621185247
Non-adopters,55.551102204408814,0.0005816604724591973
Non-adopters,55.67134268537074,0.0005820581420190886
Non-adopters,55.79158316633267,0.0005833784658890475
Non-adopters,55.9118236472946,0.0005855964278489159
Non-adopters,56.032064128256515,0.0005886803541562078
Non-adopters,56.15230460921844,0.0005925921286147102
Non-adopters,56.272545090180365,0.0005972874676892353
Non-adopters,56.39278557114229,0.0006027162538523158
Non-adopters,56.51302605210421,0.0006088229247681779
Non-adopters,56.633266533066134,0.0006155469153439733
Non-adopters,56.75350701402806,0.0006228231491135742
Non-adopters,56.873747494989985,0.0006305825748712518
Non-adopters,56.9939879759519,0.0006387527439475771
Non-adopters,57.11422845691383,0.0006472584230245943
Non-adopters,57.234468937875754,0.0006560222369285351
Non-adopters,57.35470941883768,0.0006649653354230116
Non-adopters,57.4749498997996,0.000674008077660613
Non-adopters,57.59519038076152,0.000683070727642875
Non-adopters,57.71543086172345,0.0006920741537940322
Non-adopters,57.83567134268537,0.0007009405255787536
Non-adopters,57.95591182364729,0.0007095939999934189
Non-adopters,58.07615230460922,0.000717961390738922
Non-adopters,58.19639278557114,0.0007259728129440605
Non-adopters,58.31663326653307,0.000733562296454775
Non-adopters,58.436873747494985,0.000740668360937169
Non-adopters,58.55711422845691,0.0007472345463614787
Non-adopters,58.67735470941884,0.0007532098928387046
Non-adopters,58.79759519038077,0.0007585493642688805
Non-adopters,58.91783567134269,0.0007632142108258989
Non-adopters,59.03807615230461,0.0007671722659431558
Non-adopters,59.15831663326654,0.0007703981741702603
Non-adopters,59.27855711422846,0.0007728735470358413
Non-adopters,59.39879759519038,0.0007745870448659189
Non-adopters,59.519038076152306,0.0007755343833613896
Non-adopters,59.63927855711423,0.0007757182646208921
Non-adopters,59.75951903807616,0.0007751482331950605
Non-adopters,59.879759519038075,0.0007738404586627558
Non-adopters,60.0,0.0007718174471168364
