date,pv_generation_kwh,self_consumed_pv_kwh,grid_imported_kwh,grid_exported_kwh
2018-06-01,32.4182684677564,2.50399787055636,3.61508167119051,29.9142705972
2018-06-02,21.6235972697949,1.85759820096291,2.72587928361705,19.765999068832
2018-06-03,26.2854747327656,1.7440020330589,3.06134327958167,24.5414726997067
2018-06-04,26.1304380216685,2.82217486962181,3.84822436702834,23.3082631520467
2018-06-05,31.9708786073094,3.1560420129005,4.51224897361576,28.8148365944089
2018-06-06,27.8447633624852,2.49171765552659,3.55108399477029,25.3530457069587
2018-06-07,31.4038359485501,2.36157620780226,3.22875583123609,29.0422597407479
2018-06-08,40.321649529963,2.21334943563597,3.06515731998494,38.108300094327
2018-06-09,25.7621280863268,1.97490666927892,2.78986924851754,23.7872214170479
2018-06-10,32.9632008631123,2.2032118683952,3.07107636227721,30.7599889947171
2018-06-11,38.1865484702227,2.85039221692786,3.67325412681852,35.3361562532948
2018-06-12,51.2955970467888,3.48018917950742,4.14031901772912,47.8154078672814
2018-06-13,38.9491335441078,2.39058686519372,3.10896432651695,36.5585466789141
2018-06-14,42.863469650777,3.27430741468746,4.05682655772101,39.5891622360896
2018-06-15,50.3577646564007,2.92963506828943,3.51110282845167,47.4281295881113
2018-06-16,39.2228146700459,2.91806604853784,3.71266140470626,36.3047486215081
2018-06-17,26.437703107613,2.71563221894859,3.65877886456577,23.7220708886644
2018-06-18,42.2869287232552,2.63691142266988,3.43402398006923,39.6500173005854
2018-06-19,32.4323152310301,2.04970781247232,2.97274619655474,30.3826074185578
2018-06-20,41.8988927167925,2.25789988544351,3.18091473832234,39.640992831349
2018-06-21,53.0965070346376,3.30517751070971,4.28811043569118,49.7913295239279
2018-06-22,46.9486688195282,3.19238455069399,4.20978926251291,43.7562842688342
2018-06-23,54.9763085163739,3.30946426104489,4.16429526088792,51.666844255329
2018-06-24,53.0422371033111,3.98097736318984,4.74568618391719,49.0612597401212
2018-06-25,40.4936525161833,3.53662588286998,4.47964560465783,36.9570266333134
2018-06-26,51.487681989431,3.52288705045373,4.41762278280839,47.9647949389773
2018-06-27,55.063553136024,3.78749900338041,4.63704411124228,51.2760541326435
2018-06-28,51.7137199932154,3.30306634780028,4.36350521736009,48.4106536454151
2018-06-29,49.3683494282017,3.85081759152876,4.57884068364217,45.5175318366729
2018-06-30,43.9195574083447,2.65650792358931,3.70323158103113,41.2630494847554
2018-07-01,45.2684709911074,3.0975945729607,4.31192966498665,42.1708764181467
2018-07-02,38.3347702041846,2.84835409825868,4.01513241281648,35.4864161059259
2018-07-03,34.1748062156217,2.95099669195008,4.1743328284241,31.2238095236717
2018-07-04,37.5952550205766,3.654295885278,4.67947702478764,33.9409591352986
2018-07-05,32.1287979711097,3.07013035273785,4.40357636049668,29.0586676183719
2018-07-06,33.0202082402634,2.68207447631225,3.75823331760577,30.3381337639511
2018-07-07,20.0356016886183,2.17911925297731,3.23447514360664,17.856482435641
2018-07-08,17.6417624493396,2.26619090811558,3.50837093995858,15.3755715412241
2018-07-09,18.8121792052795,2.90334665070962,4.06870528031039,15.9088325545699
2018-07-10,31.9209024015917,3.61758636786913,4.77667782035102,28.3033160337227
2018-07-11,31.2073313458957,4.07172420626811,5.29384532028529,27.1356071396277
2018-07-12,32.9312253659972,4.31600245378625,5.45273241295264,28.6152229122109
2018-07-13,34.7853972509118,4.98500404971018,5.86579823087187,29.8003932012016
2018-07-14,40.7679104466888,5.31399581713633,6.16196361519046,35.4539146295526
2018-07-15,40.1271668359822,5.34847576529314,6.20791600211682,34.7786910706889
2018-07-16,39.0298835446599,4.88358829545972,5.82045423387895,34.1462952492003
2018-07-17,39.7167204930543,5.20134839943633,6.08603538790356,34.515372093618
2018-07-18,41.4389139468533,5.28595433146378,6.10286202642732,36.1529596153894
2018-07-19,45.6531908464149,5.60060534714997,6.56316924468933,40.0525854992649
2018-07-20,41.6546216862767,5.27848509530192,6.09255559040695,36.3761365909747
2018-07-21,43.9172317099592,5.48610199582289,6.51815446946288,38.4311297141364
2018-07-22,37.495255796177,5.00974962808352,6.33094311709536,32.4855061680935
2018-07-23,34.134538612026,5.22505131875316,6.66548148825347,28.909487293273
2018-07-24,36.4431682565648,5.45905429750959,6.71182869408233,30.9841139590552
2018-07-25,35.3303001384489,5.24429743823854,6.34674958595573,30.0860027002103
2018-07-26,31.4458436453222,4.87477531314382,6.00951230890805,26.5710683321782
2018-07-27,37.5736655629588,5.08034860247301,6.27360929308314,32.493316960486
2018-07-28,40.2299510263985,5.73405375905729,6.83250480096035,34.4958972673412
2018-07-29,38.7048060676971,5.21343007355981,6.26185645803008,33.4913759941373
2018-07-30,42.20134843332,5.50375169558532,6.38520072458067,36.6975967377349
2018-07-31,43.1494739870253,6.23470386119709,7.15951171552888,36.914770125828
2018-08-01,43.7449706834355,6.26838576233169,7.16994963061389,37.4765849211035
2018-08-02,44.8873482554505,6.26129269290789,7.08699037770311,38.6260555625425
2018-08-03,36.7135377200657,4.93558479692515,6.17265614403456,31.7779529231404
2018-08-04,36.3139219736572,5.40288278070878,6.68863894741184,30.9110391929482
2018-08-05,37.7727677654167,5.38251573402523,6.39333616963123,32.3902520313913
2018-08-06,40.1917838199408,5.58616657897666,6.63096423034546,34.6056172409644
2018-08-07,34.9365038250769,5.42471841615458,6.40694456575227,29.5117854089226
2018-08-08,40.3385193118528,5.48806502295758,6.36677603932329,34.8504542888952
2018-08-09,44.1275228547549,5.99469556742556,6.80929114586978,38.1328272873294
2018-08-10,41.9850051976167,5.83088656994277,6.85103747507976,36.1541186276738
2018-08-11,41.8902859394916,5.76901716968558,6.63710532945611,36.1212687698061
2018-08-12,25.6499109162588,4.41674282683467,5.96116623026411,21.2331680894242
2018-08-13,20.9817201759004,3.86999182585679,5.55244743452242,17.1117283500436
2018-08-14,33.1345876601619,5.19390239222052,6.38229845771271,27.9406852679413
2018-08-15,34.0844238038956,4.89880530019393,6.02741991810341,29.1856185037017
2018-08-16,40.1394894900422,4.04835148855891,5.25056076114119,36.0911380014834
2018-08-17,19.2275229487857,2.37264177794498,4.18151958573274,16.8548811708408
2018-08-18,24.5609996119907,3.59312274413632,5.00277633657517,20.9678768678543
2018-08-19,28.2556311688518,4.21995196794289,5.61128711553761,24.0356792009089
2018-08-20,29.1382671921824,3.5397110476552,4.60110431698465,25.5985561445271
2018-08-21,37.9262384082496,3.58352985383801,4.74784461285793,34.3427085544117
2018-08-22,30.3942429033538,3.17706088935489,4.27508733733618,27.217182013999
2018-08-23,39.623181510892,3.14865335914004,4.21816083077846,36.474528151752
2018-08-24,42.8106519586514,3.24118018620538,4.34905977049707,39.569471772446
2018-08-25,34.0458426907107,2.74832024897698,3.81301767342443,31.2975224417337
2018-08-26,23.7743745614133,2.38450092928647,3.56289553779176,21.3898736321267
2018-08-27,32.1539005667738,4.01187559784546,5.22013612938792,28.1420249689284
2018-08-28,37.8667042489192,5.24713164834664,6.2102829312303,32.6195726005724
2018-08-29,41.5276666023726,5.18857249389083,6.13305619688195,36.3390941084816
2018-08-30,37.0080246582097,4.86409455507528,5.82052815168876,32.1439301031345
2018-08-31,32.1167640220882,3.72467630214988,4.76957536724671,28.3920877199384
2018-09-01,32.8660307888515,2.63131087656474,4.00241325945582,30.2347199122867
2018-09-02,32.6156459058947,3.78327747432942,5.52632775321191,28.8323684315653
2018-09-03,36.2326322268299,3.96418919092824,5.76136388864952,32.2684430359019
2018-09-04,44.4143373856819,3.0010033258428,4.37053262454302,41.4133340598388
2018-09-05,37.2848320158068,3.33907518583856,5.00230216270071,33.9457568299684
2018-09-06,24.3264354113861,2.38533503864423,3.94348507763721,21.9411003727418
2018-09-07,29.2405760364114,1.65251223545026,2.90140705466622,27.5880638009611
2018-09-08,43.6435246459787,1.74624471448617,2.90981080057646,41.8972799314923
2018-09-09,44.374419944729,1.98738570223278,3.31177683508898,42.3870342424961
2018-09-10,36.4504612174296,1.76429895680478,2.94157399172905,34.6861622606248
2018-09-11,31.8426107989184,2.01663218713093,3.3922177975643,29.8259786117874
2018-09-12,30.2515745058637,2.10831400339979,3.54584011137529,28.1432605024639
2018-09-13,22.3173504302482,2.16532951829996,3.75042802766731,20.1520209119482
2018-09-14,25.937778936759,2.22468487322455,3.6742416640453,23.7130940635344
2018-09-15,25.6031274444928,2.62543365743226,4.1858499193721,22.9776937870605
2018-09-16,27.8272551155195,2.1106963516393,3.49283609860827,25.7165587638807
2018-09-19,27.1715460064449,3.13022011504688,4.81805480041472,24.041325891398
2018-09-20,21.1937135071801,1.9628179523353,3.3274971430976,19.2308955548449
2018-09-21,26.179976497293,1.72500451457427,2.99294895404017,24.4549719827186
2018-09-22,32.4981226475599,1.79837240079175,3.02161344957554,30.6997502467683
2018-09-23,37.6404053980884,1.63592560550358,2.73352385762027,36.0044797925846
2018-09-24,40.8858156877684,1.7606287170984,2.93529906596818,39.1251869706699
2018-09-25,33.0232472048125,1.56594241630322,2.66299210497794,31.4573047885091
2018-09-26,34.7559038392112,1.49262647078862,2.5785151764508,33.2632773684226
2018-09-27,36.9694235836106,1.58794299142027,2.65252122194335,35.3814805921901
2018-09-28,30.9621333060427,1.61881659598598,2.70658263844023,29.3433167100562
2018-09-29,35.5677136501273,1.62991892287886,2.71814209714578,33.9377947272483
2018-09-30,38.8676222184429,1.59073661391884,2.65306927748594,37.2768856045246
2018-10-01,41.3356445686434,1.48665171874165,2.47780652843123,39.8489928499019
2018-10-02,41.2395709207085,1.4704138003653,2.45087360759933,39.7691571203432
2018-10-03,40.9748639183568,1.46058494765564,2.43492592563354,39.514278970701
2018-10-04,40.6990233370476,1.50297584662278,2.50366897903325,39.1960474904249
2018-10-05,37.6458373922122,1.51452294217467,2.52664225732505,36.1313144500379
2018-10-06,39.4978685587471,1.5119404977255,2.5178741579292,37.9859280610219
2018-10-07,37.4823443201844,1.60661974521202,2.67995588006841,35.8757245749726
2018-10-08,29.3850296563957,1.63354950007689,2.72926476067296,27.7514801563189
2018-10-09,18.9680999992823,1.49080531143368,2.60142287078056,17.4772946878487
2018-10-10,36.92833644384,1.48921982634844,2.48416146389318,35.4391166174915
2018-10-11,40.103720969887,1.55873366447491,2.59867002569743,38.5449873054117
2018-10-12,39.3972878946953,1.50112248323631,2.50007810372213,37.8961654114587
2018-10-13,37.1378387633538,1.46596040056287,2.44619250209677,35.6718783627907
2018-10-14,18.753876492311,1.4664737857024,2.59439756408988,17.2874027066088
2018-10-15,27.3132825329154,1.47079701440283,2.53205263198806,25.8424855185124
2018-10-16,29.3016767146882,1.51808121091077,2.57346018831483,27.7835955037777
2018-10-17,34.8900427323476,1.50493451880796,2.50874591579964,33.3851082135398
2018-10-18,38.2295809460544,1.5254024654314,2.54298022498729,36.7041784806229
2018-10-19,36.0348981679591,1.52976465328507,2.56152611237831,34.5051335146744
2018-10-20,24.4803004211398,1.47966585427668,2.55528306105377,23.0006345668631
2018-10-21,27.4748121134886,1.44634289563288,2.50396077685199,26.0284692178556
2018-10-22,18.0313164631974,1.34758551166113,2.49890507930214,16.6837309515363
2018-10-23,36.8998371755204,1.43540484893658,2.39124944748099,35.4644323265832
2018-10-24,36.2100140323676,1.4757739201054,2.45956930104164,34.7342401122622
2018-10-25,17.2232871697204,1.4871971516771,2.62423063249443,15.7360900180434
2018-10-26,36.6977521705817,1.47426172578275,2.45750856408411,35.2234904447993
2018-10-27,38.8762161940239,1.50868412007849,2.51467496971567,37.3675320739451
2018-10-28,38.5348328516542,1.45783764909421,2.43131383348387,37.0769952025595
2018-10-29,38.2148214613762,1.50062820318255,2.50272843482044,36.7141932581932
2018-10-30,36.2893504815817,1.54029888467691,2.56640363591521,34.7490515969046
2018-10-31,37.6615709042993,1.53663475262642,2.56070655862997,36.1249361516722
2018-11-01,38.0839595170155,1.57017956503308,2.61639637053647,36.5137799519826
2018-11-02,37.0604672849211,1.51385164984075,2.52388440884253,35.5466156350808
2018-11-03,27.4515424162278,1.453981564515,2.45685868490342,25.9975608517127
2018-11-04,19.0290204524073,1.46056331625766,2.60361647357435,17.5684571361494
2018-11-05,18.4271092561382,1.61066102382998,2.86312487969122,16.8164482323083
2018-11-06,15.2071983360412,1.45076619123537,3.03559065562793,13.7564321448058
2018-11-07,14.6866765028375,1.35104286407556,2.97762351262579,13.3356336387621
2018-11-08,11.5913159755716,1.40542534690736,2.74656855596535,10.1858906286644
2018-11-09,37.7456410231736,1.52873825276916,2.54867075502786,36.2169027704043
2018-11-10,35.1340624923429,1.53484964146514,2.58302096516232,33.5992128508775
2018-11-11,16.6260774842684,1.40887862528182,2.61077905106886,15.2171988589863
2018-11-12,26.2979702472493,1.49662451180069,2.57242106236072,24.8013457354485
2018-11-13,30.888498596458,1.54519423527281,2.5966811557981,29.3433043611855
2018-11-14,28.4094884505538,1.44988702684656,2.47924862238664,26.9596014237071
2018-11-15,10.4736696201836,1.5670932015742,3.11442993449569,8.90657641860947
2018-11-16,20.9191804716348,1.77529752154413,3.1341858170618,19.1438829500907
2018-11-17,22.8946513201976,1.74465308133959,3.00386815359104,21.1499982388579
2018-11-18,16.5141898380567,1.69886690796497,3.20826131023526,14.8153229300921
2018-11-19,29.7503636294312,1.88836948793323,3.16447887628001,27.8619941414983
2018-11-20,29.093591184743,1.83285378011075,3.07413078926093,27.2607374046324
2018-11-21,18.8348235927961,1.78552768095306,3.30603877616055,17.0492959118427
2018-11-22,36.2290773176316,1.84262511552013,3.07045285391913,34.3864522021108
2018-11-23,32.2450982585515,1.94847050342711,3.28598785849884,30.2966277551244
2018-11-24,33.2256694837355,1.81143162219398,3.02694909186243,31.4142378615421
2018-11-25,32.6683932582144,1.71977767601226,2.86750260288642,30.9486155822022
2018-11-26,27.2366556772557,1.58864953692092,2.69573526780824,25.6480061403345
2018-11-27,31.8364061977793,1.92759871381751,3.21254513181085,29.908807483962
2018-11-28,25.6565075096215,1.86545100709127,3.11892044447719,23.7910565025301
2018-11-29,28.548102685006,1.89228855159354,3.17307227738181,26.6558141334126
2018-11-30,23.2777679604094,1.83996432354601,3.11227839012375,21.4378036368634
2018-12-01,25.2254981570717,1.64276082314284,3.0101126994481,23.5827373339286
2018-12-02,9.49300177419155,1.1860258311963,2.69989981111203,8.30697594299533
2018-12-03,10.2654457976087,1.54227246197577,3.44348796091961,8.72317333563303
2018-12-04,21.082165312695,1.50485175868032,3.21565572191005,19.5773135540146
2018-12-05,10.7711011421707,1.53775710961375,3.58826543298763,9.23334403255706
2018-12-06,16.7253226959843,1.59446863619042,3.63378727332001,15.1308540597937
2018-12-07,18.2649931853777,1.88837379083335,4.24539648465061,16.3766193945445
2018-12-08,23.7942876498372,2.04229529227961,4.32534057545267,21.7519923575575
2018-12-09,20.317562684957,1.9360287923486,4.15946850008675,18.3815338926088
2018-12-10,15.7933249461297,1.67424146611812,3.83736308067802,14.1190834800114
2018-12-11,13.4624619091145,1.78408351272215,4.25233396628677,11.6783783963925
2018-12-12,34.0693028702832,2.1146389829965,4.210978558834,31.954663887287
2018-12-13,35.1054480905096,2.17191619284278,4.31144886809474,32.9335318976674
2018-12-14,32.1118108090515,1.89915891851918,3.7717475099923,30.2126518905326
2018-12-15,12.5212493245241,1.81574451827195,4.01759331454486,10.7055048062522
2018-12-16,33.597705729571,1.76418702134311,3.50064967470668,31.8335187082274
2018-12-17,36.1877771653308,1.83910544576437,3.6524733233711,34.3486717195661
2018-12-18,35.926570926372,1.86236332316788,3.69980652887444,34.0642076032043
2018-12-19,17.0176180184602,1.6156003405166,3.52388471866057,15.4020176779436
2018-12-20,21.3130346671531,1.71169795595538,3.44707693742551,19.6013367111977
2018-12-21,17.4929799006237,1.5354503073805,3.15928352533498,15.9575295932432
2018-12-22,10.6857524081764,1.42798244221227,3.36720010498366,9.25776996596419
2018-12-23,34.312955331312,1.65760180426232,3.31454587686403,32.6553535270496
2018-12-24,33.6049639097622,1.65324534547464,3.29021741912051,31.9517185642873
2018-12-25,14.5918658491658,1.38142353167946,3.3838707517566,13.210442317486
2018-12-26,15.2069638472122,1.47990025906889,3.57861611509925,13.7270635881431
2018-12-27,17.3514231351377,1.81311785090588,3.96296963740099,15.5383052842315
2018-12-28,34.1969870708744,2.21267468514275,4.49149052458347,31.9843123857315
2018-12-29,33.6995636460163,2.24095629928931,4.54849064429034,31.4586073467267
2018-12-30,21.4698265750074,2.12606233231643,4.55116394045322,19.3437642426909
2018-12-31,29.3108159024647,2.09611523414085,4.21902026378196,27.2147006683238
2019-01-01,32.3019028931445,2.08439960433523,4.20123508033563,30.2175032888093
2019-01-02,26.689833889546,1.99430857838807,4.02966928800935,24.6955253111583
2019-01-03,16.203765693145,1.80633284089024,3.77727270788644,14.3974328522549
2019-01-04,15.4839282440749,1.6159150022833,3.73017929097189,13.8680132417915
2019-01-05,15.4482999510878,1.62367863587122,3.96414264704383,13.8246213152165
2019-01-06,15.2518882734177,1.76280030295991,3.93799052537593,13.4890879704579
2019-01-07,16.3987377108583,1.67990005314267,3.78442340942346,14.7188376577156
2019-01-08,25.1806431693028,1.79267287826444,3.74676878622007,23.3879702910383
2019-01-09,16.5274093568961,1.81336145444506,4.10954214700884,14.7140479024512
2019-01-10,18.5893060685119,1.8374338391035,4.09275135604748,16.7518722294084
2019-01-11,13.1103891088469,1.61342946989055,3.92292344042686,11.4969596389563
2019-01-12,13.7470370294415,1.78152485979907,3.91335724496264,11.9655121696424
2019-01-13,26.0716636378352,1.91544187831812,3.83393453094363,24.156221759517
2019-01-14,18.5458841629121,1.77598134877719,3.68736512143923,16.7699028141349
2019-01-15,24.4272928264964,1.9389689353112,4.02843707621251,22.488323891185
2019-01-16,34.4276717244799,2.20700502917898,4.4004107805226,32.2206666953012
2019-01-17,36.7012999868885,2.07093501443166,4.11318310285814,34.6303649724569
2019-01-18,35.4617632087321,1.81804657677341,3.61284719633848,33.6437166319584
2019-01-19,18.2465507115374,1.59191273833819,3.36384345257429,16.654637973199
2019-01-20,35.8971077625077,1.88741218223623,3.75999605772937,34.0096955802714
2019-01-21,36.8261319550208,1.90299796146489,3.77866879904812,34.9231339935559
2019-01-22,37.1997198569115,1.90379256895774,3.77939910786325,35.2959272879543
2019-01-23,37.3616663754679,1.82894007044412,3.63045017484998,35.5327263050236
2019-01-24,35.0175115485072,1.82944045710306,3.63418788239902,33.1880710914044
2019-01-25,24.7672785591621,1.83363059439455,3.74132547158806,22.9336479647673
2019-01-26,35.8087546971921,2.12111680478896,4.21654978315754,33.6876378924031
2019-01-27,35.3705449949435,1.83792251596354,3.65979463468718,33.5326224789799
2019-01-28,22.137672494746,1.66979470715016,3.48999339254169,20.4678777875955
2019-01-29,20.7942565975796,1.7364977547026,3.5693281428352,19.0577588428769
2019-01-30,13.5115670183261,1.60997175879967,3.58565925979018,11.9015952595263
2019-01-31,23.5379511182121,1.87740419180191,3.95187396977966,21.6605469264101
2019-02-01,30.5308250283902,2.07080897748423,4.11606390774058,28.460016050906
2019-02-02,12.2196299884032,1.61486939685647,3.52386940582032,10.6047605915467
2019-02-03,17.9954193148066,1.66726960394646,3.60732290654236,16.32814971086
2019-02-04,34.1195828143809,1.70954732661668,3.40660002457426,32.4100354877645
2019-02-05,28.7171412527594,1.68358497059044,3.36098490310926,27.0335562821692
2019-02-06,29.1175734783447,1.62701006042516,3.23635034016802,27.4905634179193
2019-02-07,22.3333501809787,1.73758934792129,3.82121935111138,20.5957608330572
2019-02-08,15.72908170308,1.90910510761832,4.4536617206747,13.8199765954615
2019-02-09,18.2553513228372,2.11261638593382,4.52257573741772,16.1427349369031
2019-02-10,16.2192454073131,2.05371568421266,4.51798669653478,14.1655297231003
2019-02-11,30.5433446519266,2.04497356474506,4.18755885346874,28.4983710871823
2019-02-12,16.1738933283021,1.73532694883338,3.91484646785698,14.4385663794687
2019-02-13,19.6015927698566,1.65588237383805,3.61073364287379,17.9457103960186
2019-02-14,15.3669169800412,1.77085841719003,3.90712266478441,13.596058562851
2019-02-15,18.6538364752245,1.75330228869475,3.89911649085067,16.9005341865297
2019-02-16,29.1921027410208,1.89480025283177,3.91644473046749,27.2973024881893
2019-02-17,30.1887116370881,1.96151163340612,4.00362434678156,28.2272000036819
2019-02-18,13.6054355433448,1.84892412247748,4.31291008004846,11.7565114208674
2019-02-19,15.1224949829396,1.71627743632647,3.63430949310966,13.4062175466131
2019-02-20,19.8981595127368,1.69574130965502,3.78813457081525,18.2024182030816
2019-02-21,22.0347392140499,1.67977258465786,3.73320202293364,20.3549666293916
2019-02-22,18.4807938291801,1.71249778175389,3.65845700372597,16.7682960474262
2019-02-23,28.6868354122594,1.47025633511422,3.01706268993829,27.2165790771452
2019-02-24,36.695057967787,1.54289802578461,3.07087426205467,35.1521599420024
2019-02-25,36.3247198598535,1.72141757351147,3.42744761485753,34.6033022863421
2019-02-26,24.4197464398103,1.51871993160819,3.06634720540079,22.9010265082021
2019-02-27,16.5996767036039,1.44478304741191,3.03080921135722,15.154893656192
2019-02-28,26.0798795133986,1.46075665657888,2.95514091865448,24.6191228568196
2019-03-01,22.2325875252125,1.50380407009609,2.83532022090346,20.7287834551166
2019-03-02,17.1933222246257,1.45140018328998,2.76138408658637,15.7419220413357
2019-03-03,17.6637138178779,1.47614748768543,2.63983581785409,16.1875663301926
2019-03-04,38.7941822425999,1.61612252458133,2.72167666283113,37.1780597180185
2019-03-05,15.8243376102502,1.45207042288664,2.71667667870878,14.3722671873634
2019-03-06,34.6675418855123,1.78629985437296,2.99459987836144,32.8812420311385
2019-03-07,41.4166717368651,1.75565134902356,2.93007952508622,39.6610203878414
2019-03-08,37.9080030332256,1.58392103110205,2.6620278873737,36.3240820021238
2019-03-09,19.3127904724181,1.46577450941629,2.53396533514651,17.8470159630018
2019-03-10,29.7139343051218,1.52284206399316,2.54891822508425,28.1910922411291
2019-03-11,40.7633230361288,1.53526534265255,2.55812908684413,39.2280576934764
2019-03-12,42.6823612104733,1.77992790251087,2.96634179731549,40.9024333079627
2019-03-13,39.4171520771238,1.68123336790031,2.80710910971234,37.7359187092236
2019-03-14,38.5297368802804,1.52646537885655,2.54221339384363,37.0032715014235
2019-03-15,41.8975088321777,1.6173947832493,2.69498390958954,40.280114048928
2019-03-16,40.8263337670129,1.54980034822756,2.5974816848235,39.2765334187855
2019-03-17,40.0269168517416,1.52887206145024,2.55418328016281,38.498044790292
2019-03-18,28.6324591861597,1.40222102495541,2.37888443749205,27.2302381612041
2019-03-19,41.3500039588717,1.46429178590416,2.44004198143138,39.8857121729672
2019-03-20,20.06029468181,1.49752044524583,2.57275337015009,18.5627742365642
2019-03-21,22.9237580214728,1.71207016174393,2.95729137075273,21.2116878597288
2019-03-22,31.6212355737828,1.66023315283977,2.80953320827542,29.9610024209433
2019-03-23,41.6388980059166,1.61669506108643,2.69981646455205,40.02220294483
2019-03-24,38.5650678512839,1.49691726342731,2.534115811372,37.068150587857
2019-03-25,41.7842255594144,1.51882122318703,2.53136969542911,40.265404336227
2019-03-26,41.2393709397044,1.4840763561945,2.47710210576481,39.75529458351
2019-03-27,27.832307533327,1.56384456726343,2.68698624012257,26.2684629660638
2019-03-28,26.6936521996418,1.58833176870669,2.70704352432779,25.1053204309349
2019-03-29,29.328251736655,1.53916649140919,2.57863377389509,27.7890852452456
2019-03-30,34.1510326047247,1.71011714690331,2.86371934279437,32.4409154578211
2019-03-31,41.6949532671666,1.67711619749601,2.79666784843012,40.0178370696705
2019-04-01,44.0884269255234,1.57747595286916,2.62951073996724,42.5109509726539
2019-04-02,31.3775047680032,1.51380788113562,2.58465186475956,29.8636968868677
2019-04-03,39.6084058375695,1.48559105682254,2.48849673520367,38.1228147807471
2019-04-04,29.8789893353133,1.39050408395055,2.34486025742026,28.4884852513633
2019-04-05,40.3743289370946,1.47349386576085,2.45866426832875,38.9008350713338
2019-04-06,43.4476471297691,1.54821134695517,2.58385738482717,41.8994357828146
2019-04-07,39.1428216866077,1.65539123828165,2.71908276267081,37.4874304483259
2019-04-08,40.8159472593312,1.77149853706576,2.867950012699,39.0444487222658
2019-04-09,14.5637395398655,1.46411275760091,2.60683086203085,13.0996267822644
2019-04-10,24.4764122055484,1.48322932975604,2.56145057861081,22.9931828757922
2019-04-11,34.0636066618235,1.43146492750748,2.39700287054371,32.632141734316
2019-04-12,40.2734927004293,1.45093907528391,2.42000448075983,38.8225536251455
2019-04-13,34.9126933896912,1.42899002322466,2.4011623358428,33.483703366466
2019-04-14,35.3301789495041,1.43118343272681,2.41850135465323,33.8989955167771
2019-04-15,43.0701321809828,1.4836745611428,2.47724134934148,41.5864576198396
2019-04-16,29.1398070123107,1.39768735843841,2.3468528436082,27.7421196538725
2019-04-17,41.3434354056371,1.4954503627188,2.49409555944584,39.8479850429187
2019-04-18,44.7232957380376,1.82162756864813,3.03457379684009,42.9016681693898
2019-04-19,36.5927417166666,1.51111054526077,2.52340756651481,35.0816311714061
2019-04-20,16.8478846272917,1.49330826142699,2.55162833128566,15.3545763658647
2019-04-21,19.3603325794654,1.45064934084424,2.69930784696528,17.9096832386209
2019-04-22,19.5269051069075,1.54214780549742,2.79225419237948,17.9847573014101
2019-04-23,19.228681361544,1.54821310138523,2.73038757659428,17.6804682601587
2019-04-24,18.0146323801771,1.53691246381322,2.63099888631434,16.4777199163636
2019-04-25,23.0268948573661,1.46231104587853,2.45320418298341,21.5645838114875
2019-04-26,29.0123144835991,1.40903569499636,2.41746830061786,27.6032787886028
2019-04-27,36.2493113033021,1.43856131857783,2.40620908277223,34.8107499847242
2019-04-28,19.8338182788729,1.37310898118321,2.47947223485712,18.4607092976897
2019-04-29,14.0352567296799,1.31361386037307,2.55176927859006,12.7216428693067
2019-04-30,29.2095443739465,1.44497446279784,2.45083196722594,27.7645699111489
2019-05-01,43.2786484872023,1.42833951975785,2.38089297689855,41.8503089674453
2019-05-02,44.4437795718097,1.4754045076487,2.46044095752462,42.9683750641609
2019-05-03,46.4614793755915,1.76854522632367,2.85090134602599,44.6929341492678
2019-05-04,38.3810121843893,1.65193813102102,2.75523061443186,36.7290740533683
2019-05-05,37.3333413355195,1.49466742598372,2.53108312601901,35.8386739095355
2019-05-06,37.1417180048641,1.45157695080801,2.45786150474684,35.6901410540561
2019-05-07,40.2064669498972,1.50813972151509,2.54746664035412,38.698327228382
2019-05-08,26.3437504114099,1.48542875635654,2.49776216746215,24.8583216550532
2019-05-09,43.0781717645941,1.62582182878638,2.71062872877789,41.452349935808
2019-05-10,42.4102172945571,1.77311263072954,2.95606768961027,40.6371046638278
2019-05-11,37.7099701407263,2.04676731829392,3.40862197659013,35.6632028224325
2019-05-12,38.2147040484431,2.07668210078703,3.46302360250535,36.138021947656
2019-05-13,24.527325897682,1.51059216688952,2.59211406772607,23.0167337307923
2019-05-14,35.93962305112,1.5932608472227,2.67697614160828,34.3463622038971
2019-05-15,30.6606345669957,1.56960245016713,2.78777840021953,29.0910321168282
2019-05-16,19.8818439788401,1.79115189855509,3.05191064894616,18.0906920802848
2019-05-17,19.8343824283619,1.60925281236242,2.80448251631262,18.2251296159995
2019-05-18,19.5720721061088,1.57629435120087,2.72446139857306,17.9957777549081
2019-05-19,28.5519197159597,1.60904041939206,2.72302848691188,26.9428792965676
2019-05-20,41.2172146146494,1.47348708675334,2.46525513202495,39.7437275278965
2019-05-21,44.2706739864078,1.70264696626452,2.84368108415731,42.5680270201432
2019-05-22,47.3950956586747,2.49310338582147,3.94859097688338,44.9019922728531
2019-05-23,49.0105747229259,3.89035972725729,5.0684682688032,45.1202149956685
2019-05-24,44.7367453266589,4.17477222672696,5.59666823301371,40.561973099932
2019-05-25,25.4402997102689,2.40787772908436,3.87812098131568,23.0324219811842
2019-05-26,11.3608302708476,1.74207145354405,3.39473086613721,9.61875881730362
2019-05-27,29.6171547476092,1.64966921064485,2.76955611780951,27.9674855369642
2019-05-28,38.1734977867232,1.55360082587002,2.59142610825042,36.6198969608537
2019-05-29,43.3646313480654,2.24462664739185,3.74271555687436,41.1200047006733
2019-05-30,14.7426640189346,1.51211077955297,2.76396545977281,13.2305532393815
2019-05-31,39.7705378459631,1.78522616105309,2.97576600571467,37.98531168491
2019-06-01,33.5914911115034,2.16963061361209,3.36540344707931,31.4218604978913
2019-06-02,42.8625686811205,2.68647037897036,3.76475248927629,40.1760983021501
2019-06-03,42.6094524714721,3.614200753113,4.34608222119409,38.9952517183591
2019-06-04,43.1947261096006,4.08447268276459,4.74159394629237,39.1102534268359
2019-06-05,40.2309405015913,4.30770995368309,5.16948665708204,35.9232305479082
2019-06-06,18.1913320812203,2.10529110180144,3.16389430256576,16.0860409794187
2019-06-07,40.1111995701853,2.57047904598923,3.58051325981223,37.5407205241963
2019-06-08,38.3238321603481,2.58232618680699,3.59206485667325,35.7415059735419
2019-06-09,36.4270571277208,3.57053749481933,4.38907102898958,32.8565196329016
2019-06-10,39.3548871169825,2.41702897209325,3.34059887819981,36.9378581448887
2019-06-11,41.7128471839228,2.78700720857389,3.83049894907095,38.9258399753489
2019-06-12,36.2423809112633,2.80117644344326,3.90777237824189,33.44120446782
2019-06-13,20.1530605824481,1.8921912414359,2.79322401863407,18.2608693410121
2019-06-14,42.5957922458249,2.48763474882694,3.41450610533353,40.1081574969985
2019-06-15,41.1794387927174,3.492840016117,4.22472914971676,37.6865987765998
2019-06-16,20.6416931284582,2.4747269341389,3.65758283780633,18.1669661943193
2019-06-17,24.6534118119429,2.47834812008905,3.66059079205671,22.1750636918541
2019-06-18,22.3524924058314,2.12884376567983,3.28261555201459,20.2236486401515
2019-06-19,25.4997568835784,2.77340946719846,3.95451341346046,22.7263474163796
2019-06-20,19.6269505858442,2.51339012285718,3.63777184917837,17.1135604629871
2019-06-21,32.6576531676712,2.7081264147331,3.87940393873817,29.9495267529382
2019-06-22,32.1103693313149,2.62390407660073,3.53168203673567,29.4864652547138
2019-06-23,45.2128282164712,3.26700525980378,4.33030139133347,41.9458229566673
2019-06-24,41.092135310072,3.11842479257315,4.21060817959819,37.9737105174986
2019-06-25,29.2346542142917,2.71333900135356,3.79483385554115,26.5213152129382
2019-06-26,23.255011301337,2.61689986709405,3.7430412326489,20.6381114342433
2019-06-27,32.3057626405326,3.10519036565895,4.09343655713941,29.2005722748738
2019-06-28,27.1370679205731,4.22382178215271,5.39168540992976,22.9132461384203
2019-06-29,17.9137517608759,2.32500037721401,3.57305681281754,15.588751383662
2019-06-30,24.8712662656426,2.58655699906121,3.65296183249741,22.2847092665814
2019-07-01,30.8375660650848,2.8797164697321,3.89019674334081,27.9578495953528
2019-07-02,35.7091036839898,3.04555421340369,4.0023840524649,32.6635494705857
2019-07-03,36.7814864912115,3.54912813788998,4.46113892577794,33.2323583533217
2019-07-04,27.0760898233036,2.98244526643853,4.00120468955841,24.0936445568649
2019-07-05,34.9813525114566,3.27723173799513,4.38032568732364,31.7041207734615
2019-07-06,26.7670681762687,2.96701556466071,3.99476880133883,23.8000526116085
2019-07-07,31.2616181885576,2.33434841633102,3.2645059777452,28.9272697722265
2019-07-08,27.7910590961309,2.32344516802188,3.35645275880282,25.4676139281088
2019-07-09,19.5689631337482,2.25697373288332,3.45034320522322,17.3119894008649
2019-07-10,26.456724717289,2.44064866649774,3.48919984393168,24.0160760507913
2019-07-11,35.3959843963754,2.22357769174844,3.13509610219506,33.1724067046268
2019-07-12,18.6400068579075,2.24983328652667,3.61978800230652,16.390173571381
2019-07-13,23.6955813845099,2.34933318356934,3.40814754493314,21.3462482009406
2019-07-14,39.4614155536314,2.8342912698258,3.81050360402156,36.6271242838059
2019-07-15,39.7287060855305,3.88023569222611,5.10638774728677,35.8484703933043
2019-07-16,29.2454113901197,3.43021799322465,4.77420177671121,25.8151933968946
2019-07-17,16.3610343622086,3.46317451217775,5.03971268017896,12.8978598500312
2019-07-18,27.0639969224334,3.92447908222411,5.2927427631479,23.1395178402093
2019-07-19,25.4871624278438,3.13858710979004,4.26332175866483,22.3485753180536
2019-07-20,32.5155377989086,5.16690117277329,6.56560893069744,27.3486366261351
2019-07-21,39.6350619873213,5.96975819919604,6.96644666530273,33.6653037881256
2019-07-22,41.0106684730665,6.14230625781397,7.12460325937007,34.8683622152523
2019-07-23,32.5631017270707,5.0719729983866,6.10427048131582,27.4911287286838
2019-07-24,38.0410863391425,5.89534842002033,7.06010698935428,32.1457379191223
2019-07-25,32.3802507493214,5.079537919953,6.28223952479733,27.3007128293684
2019-07-26,39.5434239353568,5.66168885258247,6.70789710819995,33.8817350827743
2019-07-27,28.6793977470934,5.51403143423894,7.37874134934853,23.1653663128545
2019-07-28,39.6287010853944,5.92174960868407,7.02064932169074,33.7069514767102
2019-07-29,36.4414604551475,5.52440207561937,6.6005992747332,30.9170583795278
2019-07-30,42.6244722140711,5.72544864172682,6.54366369799238,36.8990235723449
2019-07-31,39.6802232176658,5.9141631633386,6.96075591459199,33.766060054327
2019-08-01,38.571048305255,5.16029285377881,6.0554388451812,33.4107554514765
2019-08-02,28.7453985616219,4.35285834725988,5.3352858705817,24.3925402143623
2019-08-03,39.7821296232321,5.00265989510414,6.00354803716945,34.7794697281278
2019-08-04,24.0227304629146,3.76592436726984,5.20317493315714,20.2568060956445
2019-08-05,32.7116084622556,4.69640375107669,5.77835292050278,28.0152047111791
2019-08-06,33.7582041909184,5.11305735722175,6.18606970054561,28.6451468336967
2019-08-07,29.4165061620636,4.80000810309632,5.942263659975,24.616498058967
2019-08-08,34.8041366990658,4.92176267494777,6.22624580351436,29.8823740241181
2019-08-09,34.3831517923505,4.9068159361979,6.14458166421567,29.4763358561529
2019-08-10,13.2429589516237,2.6743634060356,4.5297227141472,10.5685955455882
2019-08-11,14.9262051514696,2.60141232118277,3.96648102311089,12.3247928302869
2019-08-12,24.4198523774445,3.35283745688711,4.57111699601062,21.0670149205572
2019-08-13,29.717997958426,4.04100207338881,5.16548618413027,25.6769958850368
2019-08-14,30.4315707305719,4.07143939112096,5.076111152424,26.3601313394506
2019-08-15,38.7738274740793,3.98378292755702,4.99539162595517,34.7900445465222
2019-08-16,41.2472033927213,4.68044211699852,5.44320836791995,36.5667612757228
2019-08-17,39.7509355559171,4.0374891192062,4.83166028619912,35.7134464367106
2019-08-18,40.0571932733801,3.10304109913251,4.03037205809824,36.9541521742475
2019-08-19,43.4512751342426,3.51978724106485,4.63926684037685,39.9314878931776
2019-08-20,35.3664035007488,3.22886747935958,4.41219092805197,32.1375360213892
2019-08-21,40.9610410182278,3.83465369784464,4.76633899930076,37.1263873203827
2019-08-22,39.0921041306526,4.02246126354387,4.99574231848039,35.0696428671085
2019-08-23,38.7152995848675,4.06602215830695,5.03794217584309,34.6492774265608
2019-08-24,38.540208921436,3.90224127255916,4.99123369530795,34.6379676488768
2019-08-25,35.2799755573474,4.18941941706219,5.49782465989125,31.0905561402855
2019-08-26,25.8264531837968,4.04995072659156,5.44104763790992,21.7765024572049
2019-08-27,24.7431923124067,3.57104447498215,5.00916386272772,21.1721478374246
2019-08-28,25.8498845710781,2.28161630354868,3.32747947425285,23.5682682675295
2019-08-29,33.5189932113618,2.45989162651949,3.46825137503516,31.0591015848426
2019-08-30,39.7802530104278,2.56386734174882,3.53788014313684,37.2163856686788
2019-08-31,37.0791145756016,2.30680614960622,3.22177109253462,34.7723084259956
2019-09-01,22.3406501982043,2.23126700844197,3.65014749208266,20.1093831897624
2019-09-02,24.2981562055521,2.1744326393144,3.77087995238229,22.1237235662374
2019-09-03,21.9228373047939,2.11450045569671,3.64527813602746,19.808336849097
2019-09-04,25.3515914565381,2.067589378337,3.4488340770808,23.2840020782011
2019-09-05,25.875075958885,2.44190621182189,4.1207046040388,23.4331697470629
2019-09-06,31.2297876380782,2.37151540196565,3.87267807383605,28.8582722361121
2019-09-07,34.9847485277105,2.2164593886371,3.62329739218158,32.7682891390733
2019-09-08,40.9554147881713,2.67781615086063,4.22107802465489,38.2775986373113
2019-09-09,33.1549762648317,2.20495187176999,3.56684238945729,30.9500243930624
2019-09-10,27.3515418865774,2.75528392724707,4.22893803948845,24.5962579593303
2019-09-11,33.1491629144147,2.4438200131398,3.93011681555552,30.7053429012747
2019-09-12,32.4197155241655,2.4773255922714,3.96246945025414,29.9423899318943
2019-09-13,33.5557218324581,3.02547482676767,4.69323413438649,30.5302470056899
2019-09-14,31.9347047583588,2.17201319809279,3.56945590092312,29.762691560266
2019-09-15,34.7347635110267,2.13013079894675,3.52486804635316,32.6046327120797
2019-09-16,33.1226177073441,2.08717472040035,3.4647446212693,31.0354429869441
2019-09-17,32.3715583286605,2.01358213853063,3.35148672240803,30.3579761901305
2019-09-18,41.6120489391663,1.9155869612198,3.19871377601119,39.6964619779466
2019-09-19,35.850798862701,1.66368395234764,2.72798188874766,34.1871149103537
2019-09-20,39.7336937667124,1.75031675923585,2.8809199731654,37.983377007477
2019-09-21,38.2093685313378,1.61953383312144,2.70759470775098,36.5898346982158
2019-09-22,38.5481622515691,1.5894912724117,2.65754600261368,36.9586709791573
2019-09-23,44.9624788351228,1.70661010788916,2.79604360621447,43.2558687272328
2019-09-24,40.4793944608928,1.85862171549833,3.09497519645667,38.6207727453943
2019-09-25,34.1738710026451,2.20114468515042,3.58652095701135,31.9727263174952
2019-09-26,31.4019430915789,1.75492068520899,2.94105454418356,29.64702240637
2019-09-27,34.8554674271988,1.73218803787739,2.81681604515006,33.1232793893209
2019-09-28,41.0122453967179,1.88381407400263,3.04954642455544,39.1284313227147
2019-09-29,40.4111840857428,2.02475369665227,3.28491892794152,38.3864303890907
2019-09-30,39.4973273878408,2.21854880666201,3.60391233770117,37.2787785811789
2019-10-01,27.7143350009115,2.0379380665583,3.4374349614462,25.6763969343532
2019-10-02,32.2008455130452,2.33840153465266,3.84973941902757,29.8624439783926
2019-10-03,36.9216129970291,2.30915710079293,3.74792702594169,34.6124558962362
2019-10-04,27.5626534650614,2.1229933485344,3.45776419316849,25.4396601165268
2019-10-05,23.2039801467637,1.52387618209566,2.69727488771804,21.6801039646679
2019-10-06,18.7286267625346,1.51327625827812,2.63695585994219,17.2153505042565
2019-10-07,18.9750071443935,1.37087435995079,2.50526069713814,17.6041327844427
2019-10-08,29.5854885898704,1.39896362868097,2.38768819659608,28.1865249611891
2019-10-09,25.1371140734925,1.50629698382176,2.54539398275904,23.6308170896707
2019-10-10,21.4720400504121,1.64527109506519,2.82698991231238,19.8267689553469
2019-10-11,18.5604170177228,1.58080737534089,2.81841233113649,16.9796096423816
2019-10-12,19.0276735005073,1.54516017274812,2.77255201900859,17.4825133277589
2019-10-13,20.929517121258,1.60925035958988,2.74205489140877,19.3202667616683
2019-10-14,25.7383184982082,1.5399113720702,2.60076065456319,24.1984071261382
2019-10-15,40.613116036812,1.52584224813589,2.55010477826166,39.0872737886761
2019-10-16,28.7683650493166,1.4860285203651,2.52489139318101,27.2823365289515
2019-10-17,33.4403714116814,1.48802575344104,2.48077660520448,31.9523456582401
2019-10-18,30.7757591078306,1.44923842100329,2.42099992243944,29.3265206868273
2019-10-19,40.1753284179937,1.42904641202706,2.38221972186912,38.7462820059663
2019-10-20,38.2189956496794,1.47001227227426,2.4528836310746,36.7489833774055
2019-10-21,37.9539476680832,1.55524364844314,2.59125820869898,36.3987040196402
2019-10-22,24.2858012921127,1.45869284108551,2.47875020097033,22.8271084510275
2019-10-23,33.3344680876789,1.46862874820079,2.46682294094545,31.8658393394785
2019-10-24,32.2819815702309,1.4816812412867,2.51854861170072,30.800300328944
2019-10-25,22.3891370870543,1.4670274973386,2.53088201242288,20.9221095897156
2019-10-26,23.3052722506783,1.49290876022502,2.56739779644288,21.8123634904535
2019-10-27,29.3260538566969,1.44308336056283,2.44071387856801,27.8829704961344
2019-10-28,35.4239471328029,1.46180068568337,2.43507147967037,33.9621464471198
2019-10-29,39.8606658691376,1.47621085589365,2.45930865330769,38.3844550132437
2019-10-30,39.4644527977498,1.4107580095336,2.35196749870909,38.0536947882165
2019-10-31,39.8501315521021,1.3781353107265,2.29689021470975,38.4719962413759
2019-11-01,37.178959777868,1.47634907808652,2.46042263909346,35.7026106997814
2019-11-02,27.9539497901864,1.48839007284987,2.48795768818138,26.4655597173371
2019-11-03,37.176989487568,1.60217431012553,2.66824968471992,35.5748151774426
2019-11-04,35.6864406516466,1.57662361616251,2.62653848875891,34.1098170354845
2019-11-05,38.9786583604182,1.52486579810974,2.54045934008663,37.4537925623083
2019-11-06,31.0346163825311,1.56199850882542,2.61264007396955,29.4726178737062
2019-11-07,28.6814193494322,1.5676298168925,2.62408458325202,27.1137895325399
2019-11-08,37.5888827745708,1.54452778029132,2.57462367909891,36.0443549942795
2019-11-09,37.9728761915025,1.49095082791132,2.48555240048471,36.4819253635906
2019-11-10,31.0792063056861,1.40773856666271,2.49158127794845,29.6714677390229
2019-11-11,39.2033830577088,1.45548603966361,2.42575769903147,37.7478970180455
2019-11-12,21.6531051284329,1.42507493715803,2.4971519560721,20.2280301912749
2019-11-13,28.1325988261991,1.79652239508649,3.00439138106723,26.3360764311127
2019-11-14,38.0812289549857,1.76820401687128,2.94850149032077,36.3130249381141
2019-11-15,38.8613494874487,1.73499590521585,2.89292722820162,37.126353582233
2019-11-16,33.3508290542619,1.74197265618128,2.91018879784234,31.6088563980809
2019-11-17,12.3110107790544,1.63713854656003,3.16267788418911,10.6738722324943
2019-11-18,25.3032493701125,1.78406171378312,3.02439621755948,23.5191876563294
2019-11-19,38.6646259162868,1.88420975326654,3.14165665867673,36.7804161630201
2019-11-20,37.3888090984902,1.8931539236452,3.15535545955739,35.4956551748444
2019-11-21,21.2432957591905,1.58148973659548,2.66292954439845,19.6618060225953
2019-11-22,30.9248890180139,1.46084909255532,2.43920415550756,29.4640399254586
2019-11-23,18.26106376843,1.402488017338,2.54864557657992,16.858575751092
2019-11-24,16.6679196303215,1.76666312422273,3.06229057342227,14.901256506099
2019-11-25,21.0581088983337,1.73662489121464,3.07976237326031,19.3214840071189
2019-11-26,27.2690980787692,1.90606029472828,3.28662445511612,25.3630377840413
2019-11-27,16.2048023053959,1.71751156871189,3.36906129145925,14.4872907366839
2019-11-28,32.3764735716088,1.8705394252774,3.1528410165432,30.505934146331
2019-11-29,26.5115337311448,1.87310249805673,3.15986018237936,24.6384312330878
2019-11-30,11.6600704790772,1.74743873822271,3.44827397406701,9.91263174085462
2019-12-01,15.9302658311382,1.63280684962969,3.35531989862656,14.2974589815084
2019-12-02,37.2306081593597,1.74588649012979,3.3146980410609,35.4847216692293
2019-12-03,37.7074696392246,1.76919832381009,3.43602816724561,35.9382713154148
2019-12-04,37.7101457219396,1.70415090369767,3.34556507782884,36.0059948182419
2019-12-05,36.136491173359,1.68519582979445,3.32739208099787,34.4512953435646
2019-12-06,36.7608739991333,1.71049869738594,3.38797046780073,35.0503753017475
2019-12-07,37.2029536166068,1.77851879123719,3.52779942194783,35.4244348253694
2019-12-08,35.3776129395052,1.74397235019471,3.4615519412091,33.6336405893105
2019-12-09,34.7653387065488,1.73617249756788,3.45837277447074,33.0291662089811
2019-12-10,32.7316545553854,1.76308455742109,3.50583528683359,30.9685699979639
2019-12-11,36.7761737097187,1.77097321740457,3.51629691275843,35.005200492314
2019-12-12,36.731655552576,1.71430575601877,3.40351542153702,35.0173497965567
2019-12-13,34.7291304728228,1.733841650824,3.44788487498343,32.9952888219994
2019-12-14,27.9377654318894,1.69992441272227,3.38302157906557,26.2378410191669
2019-12-15,25.3157442733172,1.57875614608766,3.1885974929904,23.7369881272293
2019-12-16,20.7875190958393,1.44178104039337,3.09781251184561,19.3457380554461
2019-12-17,18.2783687276351,1.56688545546702,3.55639945577148,16.7114832721681
2019-12-18,18.4619629568888,1.61827496527444,3.4349255854528,16.8436879916141
2019-12-19,28.0005866029057,1.74585415262718,3.52992740114025,26.2547324502788
2019-12-20,22.3605511546512,1.6403672424378,3.33550518854875,20.7201839122135
2019-12-21,16.3754899370219,1.49084344998553,3.33557342202526,14.8846464870362
2019-12-22,15.1071981095401,1.60537995230556,3.36898693739824,13.5018181572344
2019-12-23,21.1503740770526,1.60010853232755,3.27589890596498,19.5502655447251
2019-12-24,17.0162872941271,1.51446952454477,3.26833700152825,15.5018177695821
2019-12-25,13.6875327079533,1.42423174485816,3.41455345646627,12.263300963095
2019-12-26,21.8710841630809,1.64067863130513,3.46775976906528,20.2304055317758
2019-12-27,36.4301942311183,1.78671646495112,3.54746527477134,34.6434777661676
2019-12-28,33.5313887540034,1.61842662341612,3.23817606426757,31.9129621305874
2019-12-29,20.1116104121537,1.66996901312937,3.40519154907774,18.4416413990243
2019-12-30,27.912782551665,1.78675027476041,3.61015304569575,26.1260322769045
2019-12-31,34.8789063758488,2.10713488254901,4.18682587830817,32.7717714932995
2020-01-01,27.4823580279534,1.95281078217756,3.92204578791286,25.5295472457758
2020-01-02,16.8884505419083,1.51369755942988,3.30801776078287,15.3747529824784
2020-01-03,17.2171374041938,1.51234294909946,3.31451256353166,15.7047944550943
2020-01-04,22.693947067721,1.52815062514996,3.26185180597299,21.1657964425709
2020-01-05,14.9315831361001,1.53064496869838,3.56177228254531,13.4009381674014
2020-01-06,14.382099981366,1.56813943013015,3.52595737756009,12.8139605512356
2020-01-07,12.9609268947811,1.46261950316086,3.58129663557239,11.4983073916201
2020-01-08,29.2540297008364,1.71638749815532,3.43119429220597,27.5376422026806
2020-01-09,17.9243144131574,1.65588482212291,3.8309514856595,16.2684295910342
2020-01-10,15.9173093428231,1.58573114777313,3.77863950278384,14.3315781950495
2020-01-11,16.4195207154656,1.66740835218082,3.83540973525096,14.7521123632845
2020-01-12,30.2781886735227,1.90470408570377,3.79761660445918,28.3734845878193
2020-01-13,19.7004397848532,1.7602096607607,3.68606408136353,17.9402301240922
2020-01-14,29.1757448556858,2.05190658600997,4.08158138648618,27.1238382696762
2020-01-15,21.5586279372568,1.89309586981046,4.05175572062211,19.6655320674463
2020-01-16,15.689266562184,1.73736155394403,4.24484660272978,13.95190500824
2020-01-17,23.3987126769237,1.88228142934553,3.89159950665053,21.516431247578
2020-01-18,23.874784995128,1.91284613053995,3.91565070907421,21.961938864588
2020-01-19,35.0879690335563,1.69448421485594,3.36532522350387,33.3934848187005
2020-01-20,36.2538971201571,1.65036347826383,3.27748803474039,34.6035336418936
2020-01-21,23.3012240627357,1.7118849486403,3.50030714219705,21.5893391140953
2020-01-22,15.371546712286,1.57706982218008,3.52205570710307,13.7944768901058
2020-01-23,19.0630799514243,1.57138576944032,3.32334206506917,17.4916941819838
2020-01-24,17.5570064058346,1.51567508970759,3.2701849881753,16.0413313161268
2020-01-25,16.8105053646295,1.57057351277676,3.58409917300033,15.2399318518524
2020-01-26,15.0937312934049,1.5918669812324,3.81481567687926,13.5018643121724
2020-01-27,16.9470602606021,1.75155240169586,3.79874225802745,15.1955078589061
2020-01-28,22.5099531984021,1.94844041598077,3.95489579786729,20.5615127824215
2020-01-29,33.0463882778602,1.75572179271567,3.48540282806853,31.2906664851444
2020-01-30,37.8959265906362,1.8933390587926,3.75974055093337,36.0025875318435
2020-01-31,38.7888173964542,1.78731902285863,3.55107606446861,37.0014983735953
2020-02-01,37.5935838977991,1.60177684844529,3.18077090245777,35.9918070493538
2020-02-02,32.2471468860516,1.58673027624484,3.16213349645308,30.6604166098067
2020-02-03,36.1863700810335,1.59169197803935,3.16142649780797,34.5946781029944
2020-02-04,38.3551909700045,1.56556209461262,3.10849196977269,36.7896288753912
2020-02-05,27.4133956090251,1.57874787691371,3.20504241899609,25.8346477321111
2020-02-06,17.1826858257074,1.66631003983785,3.61452572392421,15.5163757858693
2020-02-07,19.8738917024484,1.61538245157489,3.38863812930665,18.2585092508732
2020-02-08,22.6655038380367,1.58577085218239,3.20680734441096,21.0797329858544
2020-02-09,38.4733038855886,1.6519351470209,3.28183832465803,36.8213687385679
2020-02-10,36.0568497103911,1.61962567620049,3.25765098924527,34.4372240341902
2020-02-11,17.7666682646906,1.34950328619822,2.90762028838943,16.4171649784922
2020-02-12,34.4352106702955,1.2683156971909,2.51835602196244,33.1668949731046
2020-02-13,25.6256595827985,1.33393610626929,2.6778760931323,24.2917234765289
2020-02-14,12.0538466958729,1.5670594640849,3.33307296786953,10.4867872317879
2020-02-15,14.4579690241874,1.75286432211912,4.08254128736485,12.7051047020683
2020-02-16,39.6211282375007,2.0832206418273,4.13552170300324,37.5379075956731
2020-02-17,42.8754372663896,1.90695992444548,3.78553143039041,40.9684773419442
2020-02-18,42.0414648065429,1.80503484429688,3.58407326034557,40.2364299622458
2020-02-19,31.4922083885143,1.60921744489064,3.20419095407375,29.8829909436234
2020-02-20,39.1058868111836,1.61669322286814,3.2099994285471,37.4891935883154
2020-02-21,22.9169563763156,1.52955826368637,3.08597752950453,21.3873981126292
2020-02-22,41.3870668199338,1.57693548820951,3.13120996595936,39.8101313317244
2020-02-23,39.5283950376021,1.38014677613289,2.74004865991058,38.1482482614692
2020-02-24,27.6172713043287,1.30464706316928,2.62784853215486,26.3126242411596
2020-02-25,18.4920456872262,1.48020368295891,2.99840739570778,17.0118420042671
2020-02-26,26.9475797323188,1.58088876794911,3.21904259657062,25.3666909643697
2020-02-27,32.8229361748581,1.5582967744297,3.12233800237841,31.2646394004277
2020-02-28,14.2899281420718,1.38475685208409,3.30303566999984,12.9051712899876
2020-02-29,14.8411243753782,1.46879726792359,3.10429977215482,13.3723271074542
2020-03-01,19.213115012632,1.58320418049284,3.00990778791742,17.6299108321389
2020-03-02,32.818895853888,1.82928161956737,3.19625978426152,30.9896142343207
2020-03-03,28.482083537129,1.73308534435023,2.99575989005577,26.7489981927787
2020-03-04,36.5447430876068,1.83996457892152,3.10612094048016,34.7047785086858
2020-03-05,43.2143586318176,1.7918892963633,3.00093374306803,41.4224693354545
2020-03-06,30.7105884779904,1.46268029141169,2.49134995504951,29.2479081865787
2020-03-07,32.9603370430644,1.3250589307579,2.21549176040611,31.6352781123061
2020-03-08,29.9909317798443,1.38100262678511,2.30878428197528,28.6099291530592
2020-03-09,14.553145918949,1.55614731675424,2.94715130426244,12.9969986021948
2020-03-10,32.6258599829442,1.7210984898504,2.88185122672354,30.9047614930938
2020-03-11,40.3784770311532,1.46109938826571,2.43563402053551,38.9173776428874
2020-03-12,35.2188231645632,1.51462678740693,2.53926134869189,33.7041963771567
2020-03-13,21.4110500387381,1.59682088211894,2.80126340586431,19.8142291566191
2020-03-14,41.4044247627559,1.48298847186666,2.47078717123957,39.9214362908889
2020-03-15,43.9494423319886,1.66936199432539,2.78197188704925,42.2800803376627
2020-03-16,37.9987687203554,1.47047158716619,2.46512007982504,36.5282971331888
2020-03-17,43.3992007960943,1.34545444695402,2.24245546796066,42.0537463491404
2020-03-18,43.6140500744777,1.29930010545734,2.16329348517585,42.3147499690206
2020-03-19,44.6064902202163,1.31358467337388,2.18962892401943,43.2929055468429
2020-03-20,44.14193936084,1.31508159539625,2.19309358923729,42.8268577654438
2020-03-21,39.7253335090905,1.48144243367645,2.47087629700793,38.2438910754142
2020-03-22,35.9731853463079,1.33797006684392,2.25158345282791,34.6352152794636
2020-03-23,42.5895261270446,1.3171748426323,2.19605544576254,41.2723512844124
2020-03-24,42.9003693855186,1.27865167060463,2.13372799366141,41.6217177149145
2020-03-25,24.7483469098766,1.39178319364052,2.3641048552832,23.3565637162358
2020-03-26,13.8722085693977,1.39266642977239,2.56386739865522,12.4795421396252
2020-03-27,29.7958743791708,1.59922558966736,2.78429831926397,28.1966487895038
2020-03-28,32.0420153111711,1.51906649724107,2.58017532884071,30.5229488139299
2020-03-29,20.603803207129,1.35133077724656,2.48985134544281,19.2524724298823
2020-03-30,26.1933436720398,1.30692898391988,2.28197458679679,24.8864146881199
2020-03-31,21.6625306946414,1.36961922846468,2.37408324934098,20.2929114661769
2020-04-01,32.2233370565311,1.28523060381645,2.14926219990239,30.9381064527142
2020-04-02,37.5620931013177,1.30333566833953,2.17518563625281,36.2587574329784
2020-04-03,40.3971260047486,1.27625470696617,2.13032251610397,39.1208712977824
2020-04-04,42.596823875658,1.43221160147067,2.38861272628057,41.1646122741878
2020-04-05,44.0898528031664,1.45617784489324,2.42737760669866,42.6336749582727
2020-04-06,37.7390014838409,1.33062605496921,2.21841657800579,36.4083754288716
2020-04-07,45.4012650682484,1.35871213058899,2.26496240507945,44.0425529376598
2020-04-08,42.0900671131616,1.32426172023985,2.20637942224389,40.7658053929214
2020-04-09,43.3911230743796,1.34559685106767,2.24152145994459,42.0455262233121
2020-04-10,32.0173165883792,1.41644164237835,2.37244791564592,30.6008749460007
2020-04-11,23.5610948044083,1.34484852018481,2.43417570463285,22.2162462842236
2020-04-12,44.1495710835867,1.2692762964842,2.1162135737146,42.8802947871027
2020-04-13,46.5755910582494,1.27940987158779,2.13206994209191,45.2961811866617
2020-04-14,37.8865148517652,1.31035083377174,2.18744192039938,36.5761640179931
2020-04-15,44.6309817333851,1.34414856939647,2.2410898619651,43.2868331639886
2020-04-16,33.2424393856769,1.5495627304219,2.52919667849562,31.6928766552549
2020-04-17,28.008872677433,1.36330166103557,2.28541264076916,26.645571016397
2020-04-18,30.1180286597196,1.35703105492064,2.35165565327459,28.7609976047984
2020-04-19,20.1285175873823,1.31622515030706,2.27661718515659,18.8122924370752
2020-04-20,34.6526049546088,1.37103333667269,2.30041520702387,33.2815716179365
2020-04-21,29.3517257777159,1.30495956555549,2.23315778550391,28.0467662121608
2020-04-22,38.6646586820865,1.31733963112266,2.19703710704467,37.3473190509635
2020-04-23,41.6664432139853,1.29625693584099,2.16495186239834,40.3701862781445
2020-04-24,46.4756797090346,1.31250110621958,2.18824361453007,45.1631786028147
2020-04-25,46.4859553591488,1.29862698225274,2.16465961868057,45.1873283768962
2020-04-26,45.121726849442,1.29852453954645,2.16378171565745,43.8232023098955
2020-04-27,38.7152551062697,1.36254341690811,2.22546586815414,37.3527116893618
2020-04-28,47.5531899023681,1.41862638100139,2.36126489764377,46.1345635213661
2020-04-29,46.2162517414484,1.66844485943035,2.72024634304214,44.5478068820181
2020-04-30,42.6806656524505,2.83868811486304,4.08292555225164,39.8419775375872
2020-05-01,28.0198420664197,2.60125068671404,4.21853973524698,25.4185913797055
2020-05-02,38.3856426099038,2.46689538955917,3.85027286513904,35.9187472203448
2020-05-03,40.0616016693775,3.11592561413642,4.26330608357565,36.9456760552414
2020-05-04,33.534386282695,2.39664789763639,3.57055392336401,31.1377383850584
2020-05-05,23.2441895770896,1.51340741648327,2.6689407800994,21.7307821606062
2020-05-06,25.8897829467064,1.41103945274041,2.4277699699076,24.4787434939661
2020-05-07,30.7539182150337,1.49892443798018,2.52811937323766,29.2549937770534
2020-05-08,16.3351501322003,1.56315274009691,2.80018335240263,14.7719973921033
2020-05-09,20.7729086716516,1.42950872654192,2.43783221175135,19.3433999451097
2020-05-10,37.3067874136002,1.3841806842302,2.31478590734644,35.9226067293698
2020-05-11,40.1146121927446,1.34160202081372,2.23620218303615,38.7730101719306
2020-05-12,47.3906142011774,1.52833314790521,2.54810775896273,45.8622810532723
2020-05-13,45.5452752732596,2.11933476481951,3.53279309647186,43.4259405084403
2020-05-14,20.0747859795526,1.67257089223573,3.10163290141121,18.4022150873167
2020-05-15,22.638651622761,1.55700990634727,2.69823523173526,21.0816417164134
2020-05-16,36.1577671836829,2.1222584994572,3.54885940660449,34.0355086842257
2020-05-17,42.2875208793876,2.5930984337904,3.83398607461848,39.6944224455973
2020-05-18,39.784292956835,2.14424610919118,3.15617555687446,37.6400468476436
2020-05-19,46.0539758016064,1.69709838110383,2.76668032478993,44.356877420503
2020-05-20,39.2953650132337,2.00686310723996,3.32754253214589,37.288501905994
2020-05-21,38.4027271787189,2.15294574910706,3.61390457958407,36.2497814296115
2020-05-22,39.0048423314046,2.25792423471701,3.65926707942835,36.7469180966877
2020-05-23,40.5369560007442,2.47912599112675,3.80312332626522,38.0578300096177
2020-05-24,40.1101431488584,2.27865989618057,3.54481865951129,37.8314832526779
2020-05-25,23.2107231714569,1.70351766145625,3.06172731645795,21.5072055100005
2020-05-26,36.3255064579782,1.68006567060629,2.80503441531656,34.6454407873722
2020-05-27,36.7877071948347,2.24809827828908,3.61221045836557,34.5396089165457
2020-05-28,37.2286454983577,2.46628070313815,3.86312157981735,34.7623647952199
2020-05-29,21.7931703893019,2.12271420326605,3.72820326767529,19.6704561860357
2020-05-30,22.1392368278694,1.70611612955691,3.01092777105573,20.4331206983126
2020-05-31,28.2542215957108,2.13210621050411,3.56850066814463,26.1221153852064
2020-06-01,40.2016333393569,2.91684438912646,3.93412578635085,37.2847889502308
2020-06-02,39.8542190757027,4.05381651572968,5.04684721583097,35.800402559973
2020-06-03,36.0242655128596,3.63873256426875,4.76749486587575,32.3855329485904
2020-06-04,42.6305979839467,4.30171225151305,5.19799667410577,38.3288857324337
2020-06-05,28.9486685196645,2.94642293841273,4.10806463173917,26.0022455812518
2020-06-06,43.8709086265476,3.15536316873333,4.05263913841298,40.7155454578146
2020-06-07,43.2062172921579,3.66063666038988,4.50396144202857,39.5455806317683
2020-06-08,43.5397281192296,3.68953122527595,4.4351804903232,39.8501968939534
2020-06-09,24.5439307116844,3.096130944707,4.42131313025592,21.4477997669775
2020-06-10,21.9657059131859,2.23214213896202,3.30057553463978,19.7335637742235
2020-06-11,31.4897045032447,2.85844282246597,3.9073507371931,28.6312616807786
2020-06-12,23.9007252590513,3.67413183088499,5.24409227340596,20.2265934281662
2020-06-13,23.0841303900738,3.23950465568507,4.67555043922779,19.8446257343887
2020-06-14,27.4303612060315,3.46327764982361,4.86579400389915,23.9670835562079
2020-06-15,26.8313253376382,3.19171671526753,4.45640735765168,23.6396086223705
2020-06-16,22.0007649910765,2.81461869868506,4.06573920771595,19.1861462923914
2020-06-17,26.9191084165018,3.40721802115674,4.45953362241815,23.5118903953452
2020-06-18,18.886230185449,2.57269896537961,3.99052972966384,16.3135312200694
2020-06-19,35.9430249860685,2.8658376400288,3.85893623876652,33.0771873460393
2020-06-20,28.748437091275,2.80129333399931,3.78481099576346,25.9471437572758
2020-06-21,27.6021451314707,2.72360248690773,3.7661842329252,24.878542644563
2020-06-22,22.2580448577441,2.67489096965911,3.75109415299951,19.5831538880854
2020-06-23,15.8032228449989,2.2355593679447,4.00675716074431,13.5676634770541
2020-06-24,25.5572898819747,2.19867863339418,3.19799495276755,23.3586112485806
2020-06-25,31.5042359589232,2.53450065371239,3.46055241864189,28.9697353052107
2020-06-26,38.1570847186234,3.97424902887453,5.01042865643508,34.1828356897491
2020-06-27,24.3012380713306,3.10945485682032,4.65419811242035,21.1917832145104
2020-06-28,21.3715106172907,2.95381186310847,4.39477764055267,18.4176987541821
2020-06-29,21.5177590079271,2.61300875042507,3.78637749374444,18.904750257502
2020-06-30,35.1545752413291,2.62490749423334,3.57481256701704,32.5296677470959
2020-07-01,36.8567247269406,2.79909868278792,3.80120236677782,34.0576260441522
2020-07-02,18.3349946802208,2.32219914470829,3.79965113234847,16.0127955355125
2020-07-03,21.309910809492,2.19909356871681,3.25997064524052,19.1108172407751
2020-07-04,25.580966406287,2.40244251918484,3.49714196056351,23.1785238871022
2020-07-05,22.5794985399993,2.39759163767286,3.72376847407624,20.1819069023264
2020-07-06,28.6474404965064,2.79257652982574,3.8791752974022,25.8548639666803
2020-07-07,38.7833661407091,4.1438331805016,5.21130810587627,34.6395329602071
2020-07-08,31.2968712248826,3.53703630551457,4.77347441348443,27.7598349193682
2020-07-09,24.559657244691,2.7389831949814,3.88540877358164,21.8206740497096
2020-07-10,32.1398501783372,2.55752339987393,3.63648512830347,29.582326778463
2020-07-11,19.0951194103718,2.56239093222022,4.06908433261762,16.5327284781516
2020-07-12,23.3896436498757,3.7484065609447,5.27006649766198,19.6412370889309
2020-07-13,19.4021703361454,2.89973704888194,4.5305777684418,16.5024332872634
2020-07-14,23.2153769453647,2.82253628533111,4.00885875512149,20.3928406600335
2020-07-15,28.9660600143808,2.75254973791189,3.84240599642648,26.2135102764691
2020-07-16,34.1017538201805,3.00090186009239,4.00033359311237,31.100851960088
2020-07-17,22.855747458544,2.92988010255383,4.21787666980511,19.92586735599
2020-07-18,18.5762613727143,2.67151924904567,4.10575202974583,15.9047421236684
2020-07-19,16.1205579558578,2.44566301244559,3.96315470194082,13.6748949434122
2020-07-20,31.9544911342658,2.91819052311745,3.99343289194989,29.0363006111481
2020-07-21,23.0951636048106,3.0264571577445,4.06493035808253,20.0687064470659
2020-07-22,28.0525611083744,4.33948056334935,5.70015686607799,23.7130805450249
2020-07-23,32.1255155476888,3.9145278600798,5.08305702647893,28.2109876876086
2020-07-24,38.1256454475988,3.10851791572276,4.04097304866752,35.0171275318762
2020-07-25,37.7848938766544,3.38039348193395,4.3295907896174,34.4045003947206
2020-07-26,24.123559093556,2.92832546765206,4.07043764789241,21.1952336259037
2020-07-27,22.8094887992663,2.69779018924486,3.96159957413634,20.1116986100216
2020-07-28,24.7304626109511,2.57471403338247,3.76895275020562,22.1557485775686
2020-07-29,28.3694711095911,3.37757459013728,4.71152573598594,24.991896519454
2020-07-30,26.9410721358868,4.5751884709281,6.15851459491902,22.3658836649584
2020-07-31,29.397506133844,4.83721717868895,6.27292791673526,24.560288955155
2020-08-01,40.4716717596662,5.64458035801457,6.58565158924736,34.8270914016511
2020-08-02,33.4314557080882,5.31488359351084,6.60979464334526,28.116572114577
2020-08-03,43.7146956500475,5.62468301317936,6.43572958133846,38.0900126368682
2020-08-04,37.046302818881,5.41979584212402,6.60132752889928,31.6265069767575
2020-08-05,34.0915562820814,5.29606849010905,6.57440186117569,28.795487791972
2020-08-06,30.2384547391766,5.33767272480631,6.95235168975447,24.9007820143703
2020-08-07,24.3195102645235,4.73536998060538,6.79877086436784,19.5841402839177
2020-08-08,20.7465811922548,4.14465336043364,6.46393781766134,16.6019278318211
2020-08-09,24.9461127285936,4.22675916258756,5.95899716020193,20.7193535660059
2020-08-10,25.2594645937945,4.19260561504246,5.99778421915987,21.0668589787521
2020-08-11,36.4830564395974,5.6101106280524,6.93770211177186,30.8729458115448
2020-08-12,35.2773585969155,5.66856684527533,7.02582172387881,29.6087917516402
2020-08-13,39.9276710249447,5.66861897467007,6.53500263648191,34.2590520502746
2020-08-14,39.4998257167149,5.895984720128,6.95000869362719,33.6038409965868
2020-08-15,41.3616348000443,5.41905104792928,6.27303592176153,35.9425837521149
2020-08-16,42.6610094243449,5.04733261528227,5.80445024276246,37.6136768090628
2020-08-17,42.2149659927054,5.26250558743074,6.08799484402368,36.952460405274
2020-08-18,42.6053130626579,5.30000252014939,6.05973104276452,37.3053105425085
2020-08-19,38.0005360971236,4.98876188656423,5.7801489191686,33.0117742105593
2020-08-20,34.0342807136963,4.28912187908525,5.32575771858181,29.7451588346112
2020-08-21,28.5818106144251,3.87103926485945,5.26730443335168,24.7107713495659
2020-08-22,33.6649566702424,4.16874836231843,5.19621688509464,29.4962083079242
2020-08-23,39.4167128813771,5.2735994072835,6.32586413698853,34.1431134740934
2020-08-24,38.8302949718727,5.07490898453513,5.89123413308864,33.755385987338
2020-08-25,33.4747818074871,4.76569457175229,6.01027980977251,28.7090872357345
2020-08-26,24.9431131757701,3.96325506904728,5.32429418534365,20.9798581067229
2020-08-27,29.0086704851616,3.82242174257615,4.95112666867902,25.1862487425853
2020-08-28,23.3864317382103,2.76952470000388,4.11310986538689,20.6169070382062
2020-08-29,30.3850916440361,2.52544958519302,3.41097186983151,27.8596420588433
2020-08-30,30.7849882826957,4.39624112384019,5.66849138064915,26.3887471588558
2020-08-31,37.3069713033307,5.40996631705001,6.53914511670828,31.8970049862805
2020-09-01,35.1273333977587,4.1567766073829,5.67584166888409,30.9705567903752
2020-09-02,34.784900990892,2.93247442784663,4.25293149183828,31.852426563045
2020-09-03,42.4896147612191,2.47447105776494,3.76650552649901,40.015143703454
2020-09-04,42.2548487823539,3.2518246646902,4.50818310547177,39.0030241176638
2020-09-05,43.9389221320689,3.26362266781637,4.37503226709244,40.6752994642527
2020-09-06,43.6171426090107,3.29760437524309,4.54543136211263,40.3195382337675
2020-09-07,42.7155039113048,3.5669429678265,4.84014420527439,39.1485609434783
2020-09-08,41.7932035290823,3.56757089608191,4.83911681253484,38.225632633
2020-09-09,39.8871939408017,3.84540675329687,5.41448290472016,36.0417871875046
2020-09-10,15.0847677137295,2.30582944726768,4.4171565817988,12.778938266462
2020-09-11,27.8353567581944,1.91068886071291,3.21371921224858,25.9246678974815
2020-09-12,34.0895094843309,1.98281368688284,3.31501364007934,32.1066957974483
2020-09-13,33.4929702754818,2.01214706006922,3.38955707325513,31.4808232154119
2020-09-14,23.2210132104434,1.79995665175074,3.10771992139033,21.4210565586923
2020-09-15,14.2137665798706,1.6161092307118,3.14039422813882,12.5976573491586
2020-09-16,30.2655546351659,2.18915914401026,3.75215468299854,28.0763954911555
2020-09-17,18.2037828084191,1.50152229981255,2.97252462512392,16.7022605086064
2020-09-18,36.3036945118385,1.55924344808014,2.61094049332826,34.7444510637584
2020-09-19,36.9550834132883,1.61405317283383,2.73022740323637,35.3410302404545
2020-09-20,37.4192506414526,1.76746222124154,2.98520380967105,35.651788420211
2020-09-21,21.3323765775464,1.61610158448088,2.85191110852075,19.7162749930653
2020-09-22,21.1087861237873,1.52456678797911,2.71830171664474,19.584219335808
2020-09-23,27.999946456365,1.52082118988323,2.6221277413444,26.4791252664819
2020-09-24,38.5872840341281,1.51919768735081,2.5304872595965,37.068086346778
2020-09-25,31.8445639355527,1.50492634592401,2.5579712604184,30.3396375896284
2020-09-26,36.3241453366168,1.50745491512487,2.53281454888842,34.8166904214927
2020-09-27,39.277398740144,1.5286190860747,2.55453361251383,37.7487796540695
2020-09-28,36.0654144103288,1.58014955447025,2.63663910423684,34.4852648558586
2020-09-29,26.9035459532879,1.50944991373435,2.61367468438273,25.3940960395536
2020-09-30,39.0628508878874,1.45712576898582,2.42761600230006,37.6057251189016
2020-10-01,34.3585670825941,1.56118534352057,2.6024208315526,32.7973817390733
2020-10-02,31.4713354319886,1.88033941584679,3.20319277759297,29.5909960161417
2020-10-03,18.5774605688714,1.47229414462986,2.83482443603671,17.1051664242413
2020-10-04,20.0210034429383,1.28544210640959,2.35585902994487,18.7355613365286
2020-10-05,32.9877008998008,1.31297762846567,2.25266754676759,31.674723271335
2020-10-06,31.1134539004954,1.33254010951236,2.28297095364894,29.7809137909828
2020-10-07,23.9831436260854,1.31904881268573,2.27197612737362,22.6640948133997
2020-10-08,38.4716468538904,1.36925875892751,2.28105260043527,37.1023880949629
2020-10-09,39.3807200033146,1.40930299419548,2.34877347677657,37.9714170091194
2020-10-10,38.2462461645306,1.39454815926957,2.32287621326732,36.851698005261
2020-10-11,32.0462904507661,1.46207046909742,2.44299657698893,30.5842199816685
2020-10-12,31.3415176596015,1.4980299352424,2.50938761592977,29.8434877243591
2020-10-13,30.92840944601,1.52294982163529,2.56626504682042,29.4054596243747
2020-10-14,25.3313165175,1.4971845788213,2.56967685553542,23.834131938679
2020-10-15,16.7782854387714,1.25488717377113,2.5007955299859,15.523398265
2020-10-16,17.7264429862857,1.21526376677618,2.40993906782401,16.5111792195094
2020-10-17,35.915661150198,1.30187163722837,2.20556009194652,34.6137895129694
2020-10-18,32.1760719204887,1.30725480085155,2.20100985259399,30.8688171196373
2020-10-19,38.1728017617581,1.29843099737138,2.16483421919249,36.8743707643866
2020-10-20,32.7062897227851,1.33075552340402,2.22682645248368,31.3755341993814
2020-10-21,23.8887497600833,1.35557093750294,2.375550645558,22.5331788225804
2020-10-22,37.3388473798839,1.38192877323677,2.30280833459785,35.9569186066473
2020-10-23,41.0433736713893,1.38317360709267,2.30516418113905,39.6602000642964
2020-10-24,39.4040784546121,1.31261402236729,2.20844991882836,38.0914644322444
2020-10-25,34.8358244575724,1.32068756804984,2.22324410575952,33.5151368895227
2020-10-26,27.9113006357066,1.30872542964149,2.19592269584899,26.6025752060652
2020-10-27,22.0288317274095,1.42936411025101,2.4169334435657,20.5994676171585
2020-10-28,18.9706667382026,1.39506156582617,2.51857270216844,17.5756051723764
2020-10-29,23.0486067589437,1.36128391773903,2.29381218690839,21.6873228412048
2020-10-30,35.9653095891302,1.35040451906206,2.25039162400529,34.6149050700683
2020-10-31,32.3564919705497,1.31971710685941,2.2197059731947,31.0367748636906
2020-11-01,19.8991184891761,1.35524276255522,2.47815139382539,18.543875726621
2020-11-02,35.4625227943479,1.43643748801897,2.39687019721662,34.0260853063291
2020-11-03,37.3177280976851,1.63360333074656,2.73422749144783,35.6841247669386
2020-11-04,38.0147904914208,1.43493277331782,2.39185897553148,36.5798577181027
2020-11-05,25.2156612546941,1.308404545467,2.20242134993399,23.9072567092271
2020-11-06,30.45555421182,1.3377102238691,2.23153626372192,29.1178439879509
2020-11-07,38.3655122911701,1.3427979032474,2.2385765208853,37.0227143879226
2020-11-08,39.0676627399172,1.46168585971141,2.43686425651375,37.6059768802064
2020-11-09,38.377403280018,1.47823726642535,2.46360971687883,36.8991660135927
2020-11-10,39.2363016753909,1.39822871957484,2.3293260245229,37.8380729558166
2020-11-11,39.2048421699358,1.27492335247488,2.12546831079551,37.9299188174608
2020-11-12,38.9714808150407,1.3433972391491,2.23828157419345,37.6280835758919
2020-11-13,38.4408584680448,1.39769379049229,2.32973514897742,37.0431646775523
2020-11-14,36.1486915008517,1.34607902389151,2.24385836302202,34.80261247696
2020-11-15,35.3541628369919,1.33568214724001,2.22838966191482,34.0184806897521
2020-11-16,30.7877579741153,1.40624599302281,2.36463083898455,29.3815119810927
2020-11-17,15.9904476119629,1.39853002444058,2.46253880868446,14.5919175875221
2020-11-18,22.0626775892823,1.63664870485977,3.11593411900502,20.4260288844223
2020-11-19,20.0747764111836,1.77877614379266,3.03529490370219,18.2960002673907
2020-11-20,25.2843268115778,1.71460442530196,2.96390675216135,23.5697223862755
2020-11-21,10.7553239458982,1.66420642084937,3.23406068321796,9.0911175250488
2020-11-22,16.7436559896254,1.65191806529262,3.10675065981911,15.0917379243328
2020-11-23,18.4259006067707,1.81486198500266,3.36666391065232,16.6110386217676
2020-11-24,15.4259020526938,1.72910544704427,3.30069835758553,13.6967966056495
2020-11-25,16.4302354055951,1.67445831709703,3.31892282547799,14.7557770884977
2020-11-26,15.0126748109931,1.61461523628305,3.31329047696571,13.3980595747098
2020-11-27,18.2409099392062,1.64437021635276,3.06515933801692,16.5965397228537
2020-11-28,19.0525630687729,1.72647729226585,3.11215877727487,17.3260857765068
2020-11-29,43.6001247466477,1.79674329351735,3.00813893010778,41.8033814531303
2020-11-30,36.7191247861935,1.78125685247525,2.96811655072822,34.9378679337184
2020-12-01,26.9796404797924,1.62362496904323,2.97045521058071,25.3560155107495
2020-12-02,13.8384415970369,1.52540582119726,3.21001467491828,12.3130357758395
2020-12-03,30.7955281753217,1.68768733850344,3.32126056756952,29.1078408368186
2020-12-04,34.8852404055233,1.76865639394871,3.47288175099685,33.1165840115744
2020-12-05,28.9755838877256,1.77397583541131,3.5119549355473,27.2016080523142
2020-12-06,30.6162587126651,1.71020835168778,3.39364166743676,28.9060503609777
2020-12-07,21.1338503786951,1.52217606693905,3.20949057107225,19.6116743117559
2020-12-08,28.3257085713906,1.5866260380423,3.25109606142142,26.7390825333487
2020-12-09,18.8670306271454,1.68787530598929,3.54092423586665,17.1791553211559
2020-12-10,20.122141111319,1.6768013361397,3.45606346822509,18.4453397751793
2020-12-11,19.2013382625899,1.58992473759355,3.30739801717229,17.6114135249962
2020-12-12,32.0842438312768,1.61219493444168,3.2011807001786,30.472048896835
2020-12-13,27.7872187671162,1.7697584841514,3.54114409862531,26.0174602829644
2020-12-14,32.6337348638502,2.21462903642311,4.46859681113685,30.4191058274273
2020-12-15,36.2294399289613,2.31821345607791,4.61419502203656,33.9112264728835
2020-12-16,36.2614830038626,2.31786057345107,4.61502650410677,33.9436224304119
2020-12-17,34.642802787786,2.04989107703998,4.0931789569875,32.5929117107458
2020-12-18,22.5930540152742,1.88134525573233,3.87915646712115,20.7117087595419
2020-12-19,35.943007242521,1.99195671162444,3.95795546478453,33.9510505308968
2020-12-20,37.8210624313744,2.07649596851275,4.12271644742029,35.7445664628611
2020-12-21,37.0659903325909,2.01911516658961,4.01086878928172,35.0468751660005
2020-12-22,36.6938073542975,1.877629889268,3.72902938723635,34.8161774650288
2020-12-23,27.7648717013873,1.7273858203753,3.47743628718099,26.0374858810119
2020-12-24,35.6051487901153,1.77076194824004,3.51533360550758,33.8343868418756
2020-12-25,36.5060689785083,1.64258167597523,3.26161124037488,34.8634873025328
2020-12-26,24.9628641289103,1.63112998431861,3.28022714083256,23.3317341445917
2020-12-27,28.0881766950249,1.55900832972194,3.1038354424252,26.5291683653031
2020-12-28,27.4185374119914,1.5647840422122,3.13872169313761,25.8537533697788
2020-12-29,15.1240115792025,2.11495805143024,5.00971152058241,13.0090535277722
2020-12-30,38.0706711101267,2.51100722046518,4.9838354140393,35.5596638896614
2020-12-31,38.1722342820255,2.45740455348001,4.87835796574415,35.714829728546
