pseudo_treated_province,event_time,estimate,ci_lower,ci_upper
Jiangsu,≤-8,-0.007,-0.019,0.005
Jiangsu,-7,-0.003,-0.014,0.008
Jiangsu,-6,-0.001,-0.013,0.011
Jiangsu,-5,0.007,-0.004,0.018
Jiangsu,-4,0.002,-0.011,0.015
Jiangsu,-3,-0.006,-0.018,0.006
Jiangsu,-2,0.002,-0.009,0.013
Jiangsu,-1,0.0,0.0,0.0
Jiangsu,0,0.001,-0.011,0.013
Jiangsu,1,-0.009,-0.024,0.006
Jiangsu,2,0.002,-0.009,0.013
Jiangsu,3,0.004,-0.008,0.016
Jiangsu,4,-0.002,-0.014,0.01
Jiangsu,5,-0.001,-0.014,0.012
Jiangsu,6,0.01,-0.002,0.022
Jiangsu,7,0.004,-0.008,0.016
Jiangsu,≥8,0.003,-0.01,0.016
Hubei,≤-8,0.001,-0.013,0.015
Hubei,-7,-0.004,-0.018,0.01
Hubei,-6,0.009,-0.004,0.022
Hubei,-5,0.003,-0.011,0.017
Hubei,-4,-0.001,-0.014,0.012
Hubei,-3,0.003,-0.011,0.017
Hubei,-2,-0.006,-0.021,0.009
Hubei,-1,0.0,0.0,0.0
Hubei,0,-0.008,-0.022,0.006
Hubei,1,0.002,-0.012,0.016
Hubei,2,-0.001,-0.015,0.013
Hubei,3,0.004,-0.011,0.019
Hubei,4,0.006,-0.009,0.021
Hubei,5,-0.003,-0.016,0.01
Hubei,6,0.0013,-0.0127,0.0153
Hubei,7,0.001,-0.014,0.016
Hubei,≥8,-0.002,-0.018,0.014
Fujian,≤-8,-0.004,-0.02,0.012
Fujian,-7,-0.002,-0.017,0.013
Fujian,-6,-0.001,-0.017,0.015
Fujian,-5,0.005,-0.011,0.021
Fujian,-4,0.004,-0.011,0.019
Fujian,-3,-0.002,-0.018,0.014
Fujian,-2,0.001,-0.013,0.015
Fujian,-1,0.0,0.0,0.0
Fujian,0,0.003,-0.013,0.019
Fujian,1,-0.0015,-0.0175,0.0145
Fujian,2,0.008,-0.009,0.025
Fujian,3,0.005,-0.012,0.022
Fujian,4,0.001,-0.015,0.017
Fujian,5,0.005,-0.012,0.022
Fujian,6,-0.002,-0.019,0.015
Fujian,7,0.003,-0.012,0.018
Fujian,≥8,-0.001,-0.019,0.017
