system,sample,year,estimate,std_error,ci_lower,ci_upper
RRPV-only,All counties,2018,0.049,0.031,-0.01176,0.10976
RRPV-only,All counties,2019,0.081,0.024,0.03396,0.12804
RRPV-only,All counties,2020,0.043,0.035,-0.0256,0.1116
RRPV-only,All counties,2021,0.092,0.021,0.05084,0.13316
RRPV-only,All counties,2022,0.065,0.018,0.02972,0.10028
RRPV-only,Excluding pilot counties,2018,0.073,0.043,-0.01128,0.15728
RRPV-only,Excluding pilot counties,2019,0.053,0.028,-0.00188,0.10788
RRPV-only,Excluding pilot counties,2020,0.069,0.031,0.00824,0.12976
RRPV-only,Excluding pilot counties,2021,0.045,0.026,-0.00596,0.09596
RRPV-only,Excluding pilot counties,2022,0.056,0.022,0.01288,0.09912
RRPV-BS,All counties,2018,0.019,0.03,-0.0398,0.0778
RRPV-BS,All counties,2019,0.055,0.017,0.02168,0.08832
RRPV-BS,All counties,2020,0.028,0.026,-0.02296,0.07896
RRPV-BS,All counties,2021,0.053,0.014,0.02556,0.08044
RRPV-BS,All counties,2022,0.04,0.013,0.01452,0.06548
RRPV-BS,Excluding pilot counties,2018,0.047,0.038,-0.02748,0.12148
RRPV-BS,Excluding pilot counties,2019,0.023,0.02,-0.0162,0.0622
RRPV-BS,Excluding pilot counties,2020,0.044,0.025,-0.005,0.093
RRPV-BS,Excluding pilot counties,2021,0.026,0.017,-0.00732,0.05932
RRPV-BS,Excluding pilot counties,2022,0.032,0.015,0.0026,0.0614
