week_id,week_date,baidu_weekly,baidu_monthly,avg_temperature_c
W001,2018-01-07,533,520,0.051882127
W002,2018-01-14,438,520,5.019241199
W003,2018-01-21,535,520,-1.182470816
W004,2018-01-28,577,520,-1.613971995
W005,2018-02-04,624,569,0.42529504
W006,2018-02-11,475,569,4.445151283
W007,2018-02-18,654,569,5.232375202
W008,2018-02-25,526,569,8.548250993
W009,2018-03-04,539,442,6.196259463
W010,2018-03-11,455,442,11.89558788
W011,2018-03-18,392,442,10.00361951
W012,2018-03-25,385,442,16.55407242
W013,2018-04-01,371,341,13.78192859
W014,2018-04-08,357,341,16.31227796
W015,2018-04-15,406,341,17.84616746
W016,2018-04-22,308,341,18.43719609
W017,2018-04-29,266,341,20.68601355
W018,2018-05-06,266,266,19.71078363
W019,2018-05-13,259,266,25.00710092
W020,2018-05-20,273,266,21.76868513
W021,2018-05-27,266,266,22.70969208
W022,2018-06-03,955,1153,24.1843261
W023,2018-06-10,1386,1153,24.24926939
W024,2018-06-17,962,1153,24.71162093
W025,2018-06-24,1309,1153,27.63226432
W026,2018-07-01,812,1028,26.39254341
W027,2018-07-08,882,1028,27.20094328
W028,2018-07-15,1054,1028,29.13083113
W029,2018-07-22,1316,1028,29.18965152
W030,2018-07-29,1078,1028,29.19329421
W031,2018-08-05,1211,1065,28.98983362
W032,2018-08-12,1281,1065,27.52532385
W033,2018-08-19,854,1065,26.27303241
W034,2018-08-26,917,1065,26.15300899
W035,2018-09-02,931,805,24.61413865
W036,2018-09-09,896,805,23.37886108
W037,2018-09-16,840,805,23.19599812
W038,2018-09-23,625,805,20.14247004
W039,2018-09-30,734,805,19.11648756
W040,2018-10-07,400,361,16.41640296
W041,2018-10-14,457,361,14.9379027
W042,2018-10-21,287,361,15.99084687
W043,2018-10-28,301,361,14.17750423
W044,2018-11-04,407,258,12.06753292
W045,2018-11-11,245,258,11.08551787
W046,2018-11-18,179,258,8.671996302
W047,2018-11-25,203,258,10.30003035
W048,2018-12-02,385,464,5.883408418
W049,2018-12-09,458,464,2.165736198
W050,2018-12-16,289,464,7.138826913
W051,2018-12-23,556,464,1.894746393
W052,2018-12-30,633,464,0.714068711
W053,2019-01-06,528,591,2.948552719
W054,2019-01-13,535,591,2.952896353
W055,2019-01-20,577,591,3.949770469
W056,2019-01-27,724,591,4.810372811
W057,2019-02-03,575,523,3.169326432
W058,2019-02-10,554,523,1.939764323
W059,2019-02-17,626,523,4.769746805
W060,2019-02-24,339,523,7.328220202
W061,2019-03-03,255,523,8.741166708
W062,2019-03-10,392,376,10.63870563
W063,2019-03-17,385,376,12.17122742
W064,2019-03-24,371,376,12.49588714
W065,2019-03-31,357,376,13.48010204
W066,2019-04-07,406,344,14.97636207
W067,2019-04-14,308,344,17.24550943
W068,2019-04-21,371,344,17.85934781
W069,2019-04-28,294,344,18.28171354
W070,2019-05-05,266,266,18.791612
W071,2019-05-12,259,266,21.40141296
W072,2019-05-19,273,266,22.63791112
W073,2019-05-26,266,266,21.51561141
W074,2019-06-02,546,512,24.68066284
W075,2019-06-09,504,512,23.38332509
W076,2019-06-16,490,512,24.31842087
W077,2019-06-23,504,512,25.34588332
W078,2019-06-30,518,512,26.36423225
W079,2019-07-07,746,1130,25.00179559
W080,2019-07-14,1069,1130,27.23556077
W081,2019-07-21,1321,1130,29.26823089
W082,2019-07-28,1386,1130,29.00030013
W083,2019-08-04,1302,1211,28.26561244
W084,2019-08-11,1239,1211,27.08419269
W085,2019-08-18,1218,1211,27.12323403
W086,2019-08-25,1085,1211,25.75950096
W087,2019-09-01,1099,1109,24.94357174
W088,2019-09-08,1141,1109,25.55180709
W089,2019-09-15,1308,1109,21.77653188
W090,2019-09-22,864,1109,22.17320703
W091,2019-09-29,1134,1109,22.66394207
W092,2019-10-06,539,458,18.67804788
W093,2019-10-13,582,458,15.84206136
W094,2019-10-20,433,458,16.16857404
W095,2019-10-27,279,458,15.35159596
W096,2019-11-03,283,283,13.29204233
W097,2019-11-10,277,283,12.9271903
W098,2019-11-17,296,283,10.7411533
W099,2019-11-24,277,283,5.97816973
W100,2019-12-01,386,287,3.701907051
W101,2019-12-08,255,287,7.105907636
W102,2019-12-15,376,287,5.956477097
W103,2019-12-22,204,287,4.765167089
W104,2019-12-29,217,287,3.904339987
W105,2020-01-05,163,140,4.612016438
W106,2020-01-12,199,140,1.802404717
W107,2020-01-19,103,140,4.895840529
W108,2020-01-26,96,140,2.929463661
W109,2020-02-02,75,163,3.254824712
W110,2020-02-09,69,163,7.827227827
W111,2020-02-16,73,163,5.58935106
W112,2020-02-23,438,163,10.04911822
W113,2020-03-01,559,657,8.216596248
W114,2020-03-08,683,657,9.928093125
W115,2020-03-15,866,657,13.49473258
W116,2020-03-22,697,657,13.19748908
W117,2020-03-29,574,657,11.01911923
W118,2020-04-05,362,331,12.81638193
W119,2020-04-12,330,331,16.47379714
W120,2020-04-19,298,331,14.05937717
W121,2020-04-26,337,331,20.38061501
W122,2020-05-03,372,542,20.53205294
W123,2020-05-10,499,542,21.16825223
W124,2020-05-17,470,542,21.56366953
W125,2020-05-24,571,542,22.22660652
W126,2020-05-31,799,542,24.50957956
W127,2020-06-07,940,848,25.33924267
W128,2020-06-14,852,848,25.52206265
W129,2020-06-21,821,848,25.33207175
W130,2020-06-28,779,848,25.71904938
W131,2020-07-05,892,956,25.91735346
W132,2020-07-12,887,956,25.75784124
W133,2020-07-19,1002,956,26.69596457
W134,2020-07-26,1046,956,27.30295888
W135,2020-08-02,1209,1227,28.82965645
W136,2020-08-09,1287,1227,28.41475304
W137,2020-08-16,1318,1227,27.13008788
W138,2020-08-23,1094,1227,26.55847252
W139,2020-08-30,1227,1227,25.8611398
W140,2020-09-06,793,696,24.13147612
W141,2020-09-13,872,696,21.85709305
W142,2020-09-20,591,696,20.1202734
W143,2020-09-27,527,696,19.61273239
W144,2020-10-04,438,390,16.99186335
W145,2020-10-11,388,390,16.20694428
W146,2020-10-18,295,390,14.73779794
W147,2020-10-25,439,390,15.45934224
W148,2020-11-01,376,404,14.41058461
W149,2020-11-08,348,404,13.11092004
W150,2020-11-15,404,404,13.46680379
W151,2020-11-22,562,404,6.74252106
W152,2020-11-29,332,404,4.442097411
W153,2020-12-06,305,469,5.874715086
W154,2020-12-13,536,469,0.817394615
W155,2020-12-20,581,469,4.647429913
W156,2020-12-27,452,469,0.211029845
W157,2021-01-03,586,459,-1.612077234
W158,2021-01-10,476,459,2.356759257
W159,2021-01-17,504,459,4.629839887
W160,2021-01-24,399,459,4.429603436
W161,2021-01-31,332,459,6.172105518
W162,2021-02-07,322,328,6.66732675
W163,2021-02-14,299,328,6.847289261
W164,2021-02-21,364,328,8.90545795
W165,2021-02-28,329,328,7.519619649
W166,2021-03-07,308,332,9.735560825
W167,2021-03-14,336,332,11.89876108
W168,2021-03-21,357,332,12.87327327
W169,2021-03-28,329,332,15.20229666
W170,2021-04-04,364,308,13.56981908
W171,2021-04-11,315,308,14.72906746
W172,2021-04-18,294,308,17.22353472
W173,2021-04-25,259,308,17.60949132
W174,2021-05-02,308,400,19.30808239
W175,2021-05-09,259,400,21.89987172
W176,2021-05-16,399,400,21.02542369
W177,2021-05-23,532,400,21.09608762
W178,2021-05-30,504,400,22.92405004
W179,2021-06-06,483,1022,25.47165094
W180,2021-06-13,548,1022,25.54434884
W181,2021-06-20,720,1022,25.10437074
W182,2021-06-27,1998,1022,25.78574184
W183,2021-07-04,1939,1753,26.59962708
W184,2021-07-11,1974,1753,28.47107426
W185,2021-07-18,1883,1753,27.76640635
W186,2021-07-25,1218,1753,27.91120071
W187,2021-08-01,1029,1282,27.45578965
W188,2021-08-08,1323,1282,25.51519728
W189,2021-08-15,1421,1282,25.75207552
W190,2021-08-22,1477,1282,25.26720094
W191,2021-08-29,1162,1282,26.0552337
W192,2021-09-05,1036,967,24.8439034
W193,2021-09-12,1071,967,24.49912411
W194,2021-09-19,994,967,24.19418428
W195,2021-09-26,770,967,23.45503688
W196,2021-10-03,1274,1172,21.52657227
W197,2021-10-10,1218,1172,17.43927212
W198,2021-10-17,1162,1172,12.43391117
W199,2021-10-24,1092,1172,15.50013416
W200,2021-10-31,1113,1172,15.17197231
W201,2021-11-07,1204,1111,8.39528331
W202,2021-11-14,1197,1111,11.50165227
W203,2021-11-21,1036,1111,7.458553131
W204,2021-11-28,1008,1111,7.412191331
W205,2021-12-05,1029,1167,8.764231292
W206,2021-12-12,1386,1167,5.885946339
W207,2021-12-19,1148,1167,4.171642605
W208,2021-12-26,1106,1167,1.559108614
W209,2022-01-02,1288,1233,3.9939133
W210,2022-01-09,1274,1233,2.335731282
W211,2022-01-16,1232,1233,2.948119031
W212,2022-01-23,1218,1233,2.494149141
W213,2022-01-30,1155,1233,1.355410719
W214,2022-02-06,1036,1057,3.108338924
W215,2022-02-13,1015,1057,1.929709172
W216,2022-02-20,1099,1057,3.441146079
W217,2022-02-27,1078,1057,10.73532489
W218,2022-03-06,1106,1037,12.50036616
W219,2022-03-13,1015,1037,12.11288616
W220,2022-03-20,1043,1037,10.22651455
W221,2022-03-27,987,1037,11.71870549
W222,2022-04-03,1092,1092,16.3720675
W223,2022-04-10,1071,1092,16.60590043
W224,2022-04-17,1169,1092,17.81287709
W225,2022-04-24,1036,1092,18.05596923
W226,2022-05-01,1078,1232,19.31566874
W227,2022-05-08,1162,1232,17.25350749
W228,2022-05-15,1309,1232,19.91550696
W229,2022-05-22,1288,1232,21.91740322
W230,2022-05-29,1323,1232,24.05172927
W231,2022-06-05,1519,1674,23.14274752
W232,2022-06-12,1547,1674,24.26499751
W233,2022-06-19,1855,1674,26.92708873
W234,2022-06-26,1778,1674,27.49079771
W235,2022-07-03,1743,1898,27.80183453
W236,2022-07-10,1932,1898,29.58157302
W237,2022-07-17,1837,1898,27.49393676
W238,2022-07-24,1997,1898,28.21734537
W239,2022-07-31,1984,1898,29.78764926
W240,2022-08-07,1907,1839,29.67188184
W241,2022-08-14,1846,1839,29.18496885
W242,2022-08-21,1681,1839,26.96142036
W243,2022-08-28,1922,1839,23.60664049
W244,2022-09-04,1931,1442,24.87073606
W245,2022-09-11,1689,1442,24.44617589
W246,2022-09-18,1008,1442,21.34046466
W247,2022-09-25,1141,1442,23.27608418
W248,2022-10-02,1239,1030,17.31959936
W249,2022-10-09,1001,1030,15.75958104
W250,2022-10-16,1078,1030,16.38590436
W251,2022-10-23,889,1030,15.0561264
W252,2022-10-30,945,1030,13.48922332
W253,2022-11-06,840,959,16.08643671
W254,2022-11-13,1074,959,11.84877071
W255,2022-11-20,990,959,12.53713109
W256,2022-11-27,932,959,5.479547915
W257,2022-12-04,891,1010,5.241629463
W258,2022-12-11,1003,1010,2.219916587
W259,2022-12-18,1039,1010,1.288272212
W260,2022-12-25,1107,1010,1.62776119
