system,setting,hour,coefficient,standard_error,confidence_low,confidence_high,p_value,observations,households,counties,cluster_level
RRPV-only,Main_std,0,0.0012548109339729,5.34801400629808e-05,0.0011499898594495,0.0013596320084964,1.48204471133856e-97,844532,1013,126,Household
RRPV-only,Main_std,1,0.001075562729027,4.54951744099739e-05,0.0009863921871835,0.0011647332708706,9.81399040608446e-99,844532,1013,126,Household
RRPV-only,Main_std,2,0.0009691330315805,4.09015044735568e-05,0.0008889660828123,0.0010492999803486,4.36644268529271e-99,844532,1013,126,Household
RRPV-only,Main_std,3,0.000935396547073,3.99266250155425e-05,0.0008571403620425,0.0010136527321034,2.53362534975877e-97,844532,1013,126,Household
RRPV-only,Main_std,4,0.0010652313277361,4.45405854964191e-05,0.0009779317801631,0.0011525308753091,1.47417858785242e-100,844532,1013,126,Household
RRPV-only,Main_std,5,0.0015554156368071,6.467713844172e-05,0.0014286484454613,0.0016821828281529,1.92338122997571e-101,844532,1013,126,Household
RRPV-only,Main_std,6,0.0022166778489814,0.0001017686327682,0.0020172113287556,0.0024161443692072,1.45120779917325e-86,844532,1013,126,Household
RRPV-only,Main_std,7,0.0026522505448138,0.0001227155559792,0.0024117280550945,0.0028927730345332,1.7701006587137202e-85,844532,1013,126,Household
RRPV-only,Main_std,8,0.0020916206954205,0.0001009991225197,0.0018936624152818,0.0022895789755592,1.04189681912185e-79,844532,1013,126,Household
RRPV-only,Main_std,9,0.003293528575718,0.0001528178817126,0.0029940055275612,0.0035930516238747,4.3695572485791704e-85,844532,1013,126,Household
RRPV-only,Main_std,10,0.0030147433791348,0.0001447427669192,0.002731047555973,0.0032984392022966,1.83479950711664e-80,844532,1013,126,Household
RRPV-only,Main_std,11,0.0031037244082621,0.0001514610093824,0.0028068608298725,0.0034005879866517,2.46224807937161e-78,844532,1013,126,Household
RRPV-only,Main_std,12,0.0045483188422145,0.0001853767412263,0.004184980429411,0.0049116572550181,1.0859508971301901e-104,844532,1013,126,Household
RRPV-only,Main_std,13,0.0043675263027892,0.0001781549360629,0.0040183426281058,0.0047167099774726,1.48282515339869e-104,844532,1013,126,Household
RRPV-only,Main_std,14,0.0042308925172569,0.0001671814997589,0.0039032167777293,0.0045585682567845,7.1176988902956e-110,844532,1013,126,Household
RRPV-only,Main_std,15,0.0042992883156267,0.0001662813287761,0.0039733769112254,0.004625199720028,1.4036410632890102e-113,844532,1013,126,Household
RRPV-only,Main_std,16,0.0048639237179728,0.0001818054225026,0.0045075850898677,0.0052202623460779,1.11254878304191e-119,844532,1013,126,Household
RRPV-only,Main_std,17,0.0050071420235539,0.0002156196352814,0.0045845275384023,0.0054297565087056,5.78015490884867e-96,844532,1013,126,Household
RRPV-only,Main_std,18,0.0043541934411024,0.0001507100808613,0.0040588016826141,0.0046495851995907,2.4879885063338097e-134,844532,1013,126,Household
RRPV-only,Main_std,19,0.0049534193589762,0.0001706900804376,0.0046188668013183,0.005287971916634,3.22986048645216e-135,844532,1013,126,Household
RRPV-only,Main_std,20,0.0046311589834881,0.0001619707913666,0.0043136962324095,0.0049486217345667,2.82261470298776e-132,844532,1013,126,Household
RRPV-only,Main_std,21,0.0035856119923552,0.0001258219911166,0.0033390008897666,0.0038322230949438,1.27133874193237e-131,844532,1013,126,Household
RRPV-only,Main_std,22,0.0027344366757389,9.57661328733399e-05,0.0025467350553071,0.0029221382961706,5.25748713620056e-132,844532,1013,126,Household
RRPV-only,Main_std,23,0.0015836529636068,6.73092974474943e-05,0.0014517267406098,0.0017155791866039,5.517503926617871e-98,844532,1013,126,Household
RRPV-BS,Main_std,0,-0.0019723039412524,0.000241364994461,-0.0024453793303961,-0.0014992285521087,1.2305733146088299e-12,79832,97,41,Household
RRPV-BS,Main_std,1,-0.0006196442371838,0.0002297442584327,-0.001069942983712,-0.0001693454906557,0.0082622095176111,79832,97,41,Household
RRPV-BS,Main_std,2,0.0004578345993855,0.0002641772850279,-5.99528792692898e-05,0.0009756220780403,0.0862963124030793,79832,97,41,Household
RRPV-BS,Main_std,3,0.001736669986639,0.0003456414121514,0.0010592128188221,0.0024141271544559,2.33347035742109e-06,79832,97,41,Household
RRPV-BS,Main_std,4,0.0023220013396981,0.0004133125121951,0.0015119088157957,0.0031320938636005,1.88245299925521e-07,79832,97,41,Household
RRPV-BS,Main_std,5,-0.0016237839040038,0.0003711638452517,-0.0023512650406971,-0.0008963027673104,3.08785979057368e-05,79832,97,41,Household
RRPV-BS,Main_std,6,-0.0102790286548124,0.0006877213329992,-0.0116269624674909,-0.0089310948421339,8.44293682641253e-27,79832,97,41,Household
RRPV-BS,Main_std,7,-0.0133666603322268,0.0008599355186946,-0.0150521339488683,-0.0116811867155854,5.83034397833993e-28,79832,97,41,Household
RRPV-BS,Main_std,8,-0.0035259039417577,0.0004695382586276,-0.0044461989286679,-0.0026056089548475,3.05821027232599e-11,79832,97,41,Household
RRPV-BS,Main_std,9,0.0086757266274464,0.0010375438591863,0.0066421406634412,0.0107093125914518,4.84581304935219e-13,79832,97,41,Household
RRPV-BS,Main_std,10,0.02126984600778,0.0018429175036697,0.0176577277005874,0.0248819643149726,7.633992582795711e-20,79832,97,41,Household
RRPV-BS,Main_std,11,0.0233267299115485,0.0019489274102337,0.0195068321874903,0.0271466276356068,9.58575575830958e-21,79832,97,41,Household
RRPV-BS,Main_std,12,0.0056291467063429,0.0007588126989181,0.0041418738164633,0.0071164195962225,4.7334409525094e-11,79832,97,41,Household
RRPV-BS,Main_std,13,0.0028252605272059,0.0005453057963431,0.0017564611663732,0.0038940598880385,1.21740651710738e-06,79832,97,41,Household
RRPV-BS,Main_std,14,-0.0006259966660404,0.0004251255712464,-0.0014592427856834,0.0002072494536025,0.144157396666789,79832,97,41,Household
RRPV-BS,Main_std,15,-0.0059608766418569,0.0005199084523313,-0.0069798972084264,-0.0049418560752874,1.10633106125472e-19,79832,97,41,Household
RRPV-BS,Main_std,16,-0.0120955859967576,0.0008595916297482,-0.0137803855910642,-0.010410786402451,4.58774770206799e-25,79832,97,41,Household
RRPV-BS,Main_std,17,-0.0118939644888096,0.0010239064936986,-0.013900821216459,-0.0098871077611602,5.3032259014245304e-20,79832,97,41,Household
RRPV-BS,Main_std,18,-0.0037850495083853,0.0006593285053914,-0.0050773333789525,-0.0024927656378181,1.10054138856981e-07,79832,97,41,Household
RRPV-BS,Main_std,19,0.001426463635052,0.0007069832733128,4.07764193589605e-05,0.0028121508507452,0.0464161975427876,79832,97,41,Household
RRPV-BS,Main_std,20,0.0040616524019334,0.000754673872029,0.0025824916127565,0.0055408131911103,5.20618077065673e-07,79832,97,41,Household
RRPV-BS,Main_std,21,0.0079826513009336,0.0009343710880394,0.0061512839683764,0.0098140186334909,1.98691273550699e-13,79832,97,41,Household
RRPV-BS,Main_std,22,0.0153791380423411,0.0014034124811737,0.0126284495792406,0.0181298265054416,1.32032677361871e-18,79832,97,41,Household
RRPV-BS,Main_std,23,0.013539500870093,0.0013088163522278,0.0109742208197264,0.0161047809204595,2.7065223169724502e-17,79832,97,41,Household
