component,xmin,xmax,x,y,panel,system
histogram,1.4497966625005914,1.9620916847122896,,0.004570158868570096,a,RRPV-only
histogram,1.9962446861930694,2.5426927098855474,,0.16465271812553686,a,RRPV-only
histogram,2.5768457113663272,3.123293735058806,,0.09545574089833186,a,RRPV-only
histogram,3.123293735058806,3.669741758751284,,0.20234957885379032,a,RRPV-only
histogram,3.703894760232064,4.250342783924542,,0.19305446250983743,a,RRPV-only
histogram,4.250342783924542,4.796790807617021,,0.32525167273494543,a,RRPV-only
histogram,4.830943809097801,5.37739183279028,,0.20854632308309226,a,RRPV-only
histogram,5.4115448342710595,5.923839856482757,,0.17652981123169892,a,RRPV-only
histogram,5.957992857963538,6.5044408816560155,,0.1414149272656546,a,RRPV-only
histogram,6.538593883136795,7.085041906829274,,0.03813585677728898,a,RRPV-only
histogram,7.085041906829274,7.631489930521753,,0.031939112547987036,a,RRPV-only
histogram,7.665642932002533,8.212090955695011,,0.014381670564964866,a,RRPV-only
histogram,8.246243957175789,8.758538979387488,,0.010766903097872038,a,RRPV-only
histogram,8.79269198086827,9.339140004560747,,0.010250507745430237,a,RRPV-only
histogram,9.373293006041528,9.919741029734006,,0.014898065917406667,a,RRPV-only
histogram,9.919741029734006,10.466189053426483,,0.014381670564964866,a,RRPV-only
histogram,10.500342054907264,11.046790078599741,,0.005602949573453753,a,RRPV-only
histogram,11.080943080080523,11.593238102292222,,0.004570158868570096,a,RRPV-only
histogram,11.627391103773,12.173839127465481,,0.005086554221011952,a,RRPV-only
histogram,12.207992128946259,12.75444015263874,,0.006119344925895609,a,RRPV-only
histogram,12.75444015263874,13.300888176331217,,0.011799693802755695,a,RRPV-only
histogram,13.335041177811995,13.881489201504476,,0.010766903097872038,a,RRPV-only
histogram,13.915642202985254,14.427937225196953,,0.0035373681636864385,a,RRPV-only
histogram,14.462090226677734,15.008538250370211,,0.0035373681636864385,a,RRPV-only
histogram,15.04269125185099,15.554986274062689,,0.0019881821063609806,a,RRPV-only
histogram,15.58913927554347,16.135587299235947,,0.0014717867539191243,a,RRPV-only
histogram,16.16974030071673,16.579576318486087,,0.0014717867539191243,a,RRPV-only
histogram,16.989412336255445,17.262636348101683,,0.0009553914014773235,a,RRPV-only
histogram,17.296789349582465,17.843237373274942,,0.0025045774588027814,a,RRPV-only
histogram,17.877390374755723,18.389685396967423,,0.0030209728112446377,a,RRPV-only
histogram,18.4238383984482,18.9361334206599,,0.0025045774588027814,a,RRPV-only
histogram,21.087772513949034,21.224384519872153,,0.0009553914014773235,a,RRPV-only
histogram,21.25853752135293,21.360996525795272,,0.0009553914014773235,a,RRPV-only
histogram,22.21482156281477,22.38558657021867,,0.0009553914014773235,a,RRPV-only
histogram,22.38558657021867,22.932034593911148,,0.0014717867539191243,a,RRPV-only
histogram,24.161542647219225,24.639684667950142,,0.0009553914014773235,a,RRPV-only
histogram,24.673837669430924,25.015367684238722,,0.0009553914014773235,a,RRPV-only
histogram,25.903345722738997,26.347334741989137,,0.0019881821063609806,a,RRPV-only
histogram,26.347334741989137,26.893782765681614,,0.0030209728112446377,a,RRPV-only
histogram,26.927935767162396,27.474383790854873,,0.0025045774588027814,a,RRPV-only
histogram,27.508536792335654,27.74760780270111,,0.0009553914014773235,a,RRPV-only
kde,,,1.0741136462120124,0.0006971937252563953,a,RRPV-only
kde,,,1.1082666476927923,0.0006971937252563953,a,RRPV-only
kde,,,1.142419649173572,0.0006971937252563953,a,RRPV-only
kde,,,1.176572650654352,0.0006971937252563953,a,RRPV-only
kde,,,1.2107256521351317,0.0006971937252563953,a,RRPV-only
kde,,,1.2448786536159115,0.0006971937252563953,a,RRPV-only
kde,,,1.2790316550966914,0.0009553914014773235,a,RRPV-only
kde,,,1.3131846565774712,0.0012135890776982516,a,RRPV-only
kde,,,1.347337658058251,0.0014717867539191243,a,RRPV-only
kde,,,1.3814906595390308,0.0019881821063609806,a,RRPV-only
kde,,,1.4156436610198115,0.0022463797825819087,a,RRPV-only
kde,,,1.4497966625005914,0.0030209728112446377,a,RRPV-only
kde,,,1.4839496639813712,0.0037955658399073666,a,RRPV-only
kde,,,1.518102665462151,0.004828356544791024,a,RRPV-only
kde,,,1.5522556669429308,0.006377542602116537,a,RRPV-only
kde,,,1.5864086684237106,0.007926728659441995,a,RRPV-only
kde,,,1.6205616699044905,0.00999231006920931,a,RRPV-only
kde,,,1.6547146713852703,0.01257428683141848,a,RRPV-only
kde,,,1.68886767286605,0.015930856622290324,a,RRPV-only
kde,,,1.72302067434683,0.01954562408938315,a,RRPV-only
kde,,,1.7571736758276097,0.023934984585138652,a,RRPV-only
kde,,,1.7913266773083905,0.028840740433336065,a,RRPV-only
kde,,,1.8254796787891703,0.03452108931019615,a,RRPV-only
kde,,,1.85963268026995,0.040459635863277166,a,RRPV-only
kde,,,1.89378568175073,0.047689170797462765,a,RRPV-only
kde,,,1.9279386832315097,0.054918705731648365,a,RRPV-only
kde,,,1.9620916847122896,0.06343922904693855,a,RRPV-only
kde,,,1.9962446861930694,0.07118515933356595,a,RRPV-only
kde,,,2.030397687673849,0.08048027567751886,a,RRPV-only
kde,,,2.064550689154629,0.08951719434525085,a,RRPV-only
kde,,,2.098703690635409,0.0977795199843201,a,RRPV-only
kde,,,2.1328566921161887,0.10707463632827302,a,RRPV-only
kde,,,2.1670096935969685,0.11430417126245862,a,RRPV-only
kde,,,2.201162695077749,0.12205010154908605,a,RRPV-only
kde,,,2.235315696558529,0.1287632411308298,a,RRPV-only
kde,,,2.269468698039309,0.1344435900076899,a,RRPV-only
kde,,,2.3036216995200887,0.13883295050344546,a,RRPV-only
kde,,,2.3377747010008685,0.14244771797053826,a,RRPV-only
kde,,,2.3719277024816483,0.14554609008518923,a,RRPV-only
kde,,,2.406080703962428,0.14709527614251472,a,RRPV-only
kde,,,2.440233705443208,0.1468370784662938,a,RRPV-only
kde,,,2.4743867069239878,0.1450296947327474,a,RRPV-only
kde,,,2.5085397084047676,0.14270591564675916,a,RRPV-only
kde,,,2.5426927098855474,0.14038213656077095,a,RRPV-only
kde,,,2.5768457113663272,0.13702556676989905,a,RRPV-only
kde,,,2.610998712847108,0.13392719465524808,a,RRPV-only
kde,,,2.6451517143278878,0.13005422951193438,a,RRPV-only
kde,,,2.6793047158086676,0.1266976597210625,a,RRPV-only
kde,,,2.7134577172894474,0.1233410899301906,a,RRPV-only
kde,,,2.7476107187702272,0.12024271781553963,a,RRPV-only
kde,,,2.781763720251007,0.11817713640577232,a,RRPV-only
kde,,,2.815916721731787,0.116111554996005,a,RRPV-only
kde,,,2.8500697232125667,0.11482056661490045,a,RRPV-only
kde,,,2.8842227246933465,0.11430417126245862,a,RRPV-only
kde,,,2.9183757261741263,0.11533696196734228,a,RRPV-only
kde,,,2.952528727654906,0.11662795034844683,a,RRPV-only
kde,,,2.986681729135687,0.11920992711065598,a,RRPV-only
kde,,,3.0208347306164667,0.12230829922530695,a,RRPV-only
kde,,,3.0549877320972465,0.12592306669239975,a,RRPV-only
kde,,,3.0891407335780263,0.1305706248643762,a,RRPV-only
kde,,,3.123293735058806,0.1359927760650154,a,RRPV-only
kde,,,3.157446736539586,0.1416731249418755,a,RRPV-only
kde,,,3.191599738020366,0.14838626452361928,a,RRPV-only
kde,,,3.2257527395011456,0.15484120642914212,a,RRPV-only
kde,,,3.2599057409819254,0.16258713671576955,a,RRPV-only
kde,,,3.2940587424627052,0.16955847397373425,a,RRPV-only
kde,,,3.328211743943485,0.17730440426036165,a,RRPV-only
kde,,,3.362364745424265,0.18401754384210542,a,RRPV-only
kde,,,3.3965177469050456,0.19098888110007012,a,RRPV-only
kde,,,3.4306707483858254,0.19744382300559296,a,RRPV-only
kde,,,3.4648237498666052,0.2036405672348949,a,RRPV-only
kde,,,3.498976751347385,0.2090627184355341,a,RRPV-only
kde,,,3.533129752828165,0.21319388125506872,a,RRPV-only
kde,,,3.5672827543089447,0.21758324175082425,a,RRPV-only
kde,,,3.6014357557897245,0.22042341618925432,a,RRPV-only
kde,,,3.6355887572705043,0.22300539295146346,a,RRPV-only
kde,,,3.669741758751284,0.22455457900878895,a,RRPV-only
kde,,,3.703894760232064,0.22584556738989353,a,RRPV-only
kde,,,3.738047761712844,0.22713655577099806,a,RRPV-only
kde,,,3.7722007631936245,0.22791114879966082,a,RRPV-only
kde,,,3.8063537646744043,0.22894393950454447,a,RRPV-only
kde,,,3.840506766155184,0.23049312556186996,a,RRPV-only
kde,,,3.874659767635964,0.23255870697163727,a,RRPV-only
kde,,,3.908812769116744,0.23514068373384642,a,RRPV-only
kde,,,3.9429657705975236,0.2384972535247183,a,RRPV-only
kde,,,3.9771187720783034,0.24262841634425292,a,RRPV-only
kde,,,4.011271773559083,0.2475341721924503,a,RRPV-only
kde,,,4.045424775039863,0.2529563233930895,a,RRPV-only
kde,,,4.079577776520643,0.2568292885364032,a,RRPV-only
kde,,,4.113730778001423,0.2617350443846006,a,RRPV-only
kde,,,4.1478837794822025,0.27490312587186716,a,RRPV-only
kde,,,4.182036780962982,0.2805834747487273,a,RRPV-only
kde,,,4.216189782443762,0.28471463756826193,a,RRPV-only
kde,,,4.250342783924542,0.28936219574023836,a,RRPV-only
kde,,,4.284495785405322,0.2929769632073312,a,RRPV-only
kde,,,4.318648786886102,0.2968499283506449,a,RRPV-only
kde,,,4.3528017883668815,0.29917370743663313,a,RRPV-only
kde,,,4.386954789847663,0.3007228934939586,a,RRPV-only
kde,,,4.421107791328443,0.29917370743663313,a,RRPV-only
kde,,,4.455260792809223,0.29659173067442396,a,RRPV-only
kde,,,4.4894137942900025,0.29426795158843577,a,RRPV-only
kde,,,4.523566795770782,0.290394986445122,a,RRPV-only
kde,,,4.557719797251562,0.28678021897802924,a,RRPV-only
kde,,,4.591872798732342,0.2826490561584946,a,RRPV-only
kde,,,4.626025800213122,0.2803252770725064,a,RRPV-only
kde,,,4.660178801693902,0.2759359165767509,a,RRPV-only
kde,,,4.6943318031746815,0.26586620720413523,a,RRPV-only
kde,,,4.728484804655461,0.2622514397370424,a,RRPV-only
kde,,,4.762637806136241,0.25734568388884504,a,RRPV-only
kde,,,4.796790807617021,0.25269812571686856,a,RRPV-only
kde,,,4.830943809097801,0.2475341721924503,a,RRPV-only
kde,,,4.865096810578581,0.24314481169669477,a,RRPV-only
kde,,,4.89924981205936,0.23772266049605556,a,RRPV-only
kde,,,4.93340281354014,0.23255870697163727,a,RRPV-only
kde,,,4.96755581502092,0.227394753447219,a,RRPV-only
kde,,,5.0017088165017,0.22171440457035888,a,RRPV-only
kde,,,5.03586181798248,0.2162922533697197,a,RRPV-only
kde,,,5.0700148194632595,0.21035370681663867,a,RRPV-only
kde,,,5.104167820944039,0.20467335793977856,a,RRPV-only
kde,,,5.138320822424819,0.19847661371047662,a,RRPV-only
kde,,,5.172473823905601,0.19305446250983743,a,RRPV-only
kde,,,5.2066268253863806,0.18763231130919822,a,RRPV-only
kde,,,5.24077982686716,0.18272655546100086,a,RRPV-only
kde,,,5.27493282834794,0.17782079961280348,a,RRPV-only
kde,,,5.30908582982872,0.17368963679326885,a,RRPV-only
kde,,,5.3432388313095,0.1705912646786179,a,RRPV-only
kde,,,5.37739183279028,0.16826748559262966,a,RRPV-only
kde,,,5.4115448342710595,0.16594370650664145,a,RRPV-only
kde,,,5.445697835751839,0.16465271812553686,a,RRPV-only
kde,,,5.479850837232619,0.1651691134779787,a,RRPV-only
kde,,,5.514003838713399,0.16671829953530418,a,RRPV-only
kde,,,5.548156840194179,0.1685256832688506,a,RRPV-only
kde,,,5.582309841674959,0.1708494623548388,a,RRPV-only
kde,,,5.616462843155738,0.17394783446948978,a,RRPV-only
kde,,,5.650615844636518,0.17756260193658258,a,RRPV-only
kde,,,5.684768846117298,0.18117736940367538,a,RRPV-only
kde,,,5.718921847598078,0.18453393919454725,a,RRPV-only
kde,,,5.753074849078858,0.18814870666164005,a,RRPV-only
kde,,,5.7872278505596375,0.19098888110007012,a,RRPV-only
kde,,,5.821380852040417,0.19382905553850016,a,RRPV-only
kde,,,5.855533853521197,0.19563643927204655,a,RRPV-only
kde,,,5.889686855001977,0.19718562532937203,a,RRPV-only
kde,,,5.923839856482757,0.19589463694826748,a,RRPV-only
kde,,,5.957992857963538,0.19331266018605833,a,RRPV-only
kde,,,5.992145859444318,0.19021428807140736,a,RRPV-only
kde,,,6.026298860925098,0.1855667298994309,a,RRPV-only
kde,,,6.060451862405878,0.1798863810225708,a,RRPV-only
kde,,,6.094604863886658,0.17343143911704795,a,RRPV-only
kde,,,6.1287578653674375,0.1651691134779787,a,RRPV-only
kde,,,6.162910866848217,0.15716498551513036,a,RRPV-only
kde,,,6.197063868328997,0.14761167149495655,a,RRPV-only
kde,,,6.231216869809777,0.13857475282722453,a,RRPV-only
kde,,,6.265369871290557,0.12824684577838796,a,RRPV-only
kde,,,6.299522872771337,0.11920992711065598,a,RRPV-only
kde,,,6.333675874252116,0.10939841541426124,a,RRPV-only
kde,,,6.367828875732896,0.10061969442275018,a,RRPV-only
kde,,,6.401981877213676,0.09184097343123909,a,RRPV-only
kde,,,6.436134878694456,0.08383684546839076,a,RRPV-only
kde,,,6.470287880175236,0.07712370588664696,a,RRPV-only
kde,,,6.5044408816560155,0.07041056630490322,a,RRPV-only
kde,,,6.538593883136795,0.06498841510426401,a,RRPV-only
kde,,,6.572746884617575,0.05982446157984572,a,RRPV-only
kde,,,6.606899886098355,0.055693298760311094,a,RRPV-only
kde,,,6.641052887579135,0.051820333616997394,a,RRPV-only
kde,,,6.675205889059915,0.04898015917856735,a,RRPV-only
kde,,,6.7093588905406945,0.04639818241635818,a,RRPV-only
kde,,,6.743511892021474,0.044332601006590866,a,RRPV-only
kde,,,6.777664893502256,0.04252521727304448,a,RRPV-only
kde,,,6.811817894983036,0.041234228891939895,a,RRPV-only
kde,,,6.8459708964638155,0.039943240510835365,a,RRPV-only
kde,,,6.880123897944595,0.039168647482172636,a,RRPV-only
kde,,,6.914276899425375,0.03865225212973078,a,RRPV-only
kde,,,6.948429900906155,0.03813585677728898,a,RRPV-only
kde,,,6.982582902386935,0.03787765910106805,a,RRPV-only
kde,,,7.016735903867715,0.037361263748626194,a,RRPV-only
kde,,,7.050888905348494,0.03710306607240532,a,RRPV-only
kde,,,7.085041906829274,0.036844868396184394,a,RRPV-only
kde,,,7.119194908310054,0.036586670719963466,a,RRPV-only
kde,,,7.153347909790834,0.036070275367521665,a,RRPV-only
kde,,,7.187500911271614,0.03581207769130074,a,RRPV-only
kde,,,7.2216539127523935,0.03529568233885888,a,RRPV-only
kde,,,7.255806914233173,0.03477928698641708,a,RRPV-only
kde,,,7.289959915713953,0.03400469395775435,a,RRPV-only
kde,,,7.324112917194733,0.03297190325287069,a,RRPV-only
kde,,,7.358265918675513,0.03219731022420791,a,RRPV-only
kde,,,7.392418920156293,0.03142271719554518,a,RRPV-only
kde,,,7.4265719216370725,0.030389926490661523,a,RRPV-only
kde,,,7.460724923117852,0.029357135785777866,a,RRPV-only
kde,,,7.494877924598632,0.02832434508089421,a,RRPV-only
kde,,,7.529030926079412,0.02729155437601055,a,RRPV-only
kde,,,7.5631839275601935,0.026000565994905966,a,RRPV-only
kde,,,7.597336929040973,0.025225972966243237,a,RRPV-only
kde,,,7.631489930521753,0.02367678690891778,a,RRPV-only
kde,,,7.665642932002533,0.023160391556475923,a,RRPV-only
kde,,,7.699795933483313,0.021869403175371338,a,RRPV-only
kde,,,7.733948934964093,0.02083661247048768,a,RRPV-only
kde,,,7.7681019364448725,0.020062019441824952,a,RRPV-only
kde,,,7.802254937925652,0.01954562408938315,a,RRPV-only
kde,,,7.836407939406432,0.018512833384499494,a,RRPV-only
kde,,,7.870560940887212,0.017996438032057638,a,RRPV-only
kde,,,7.904713942367992,0.01722184500339491,a,RRPV-only
kde,,,7.938866943848772,0.01696364732717398,a,RRPV-only
kde,,,7.973019945329551,0.01644725197473218,a,RRPV-only
kde,,,8.007172946810332,0.015930856622290324,a,RRPV-only
kde,,,8.04132594829111,0.015414461269848523,a,RRPV-only
kde,,,8.075478949771892,0.015156263593627595,a,RRPV-only
kde,,,8.10963195125267,0.014898065917406667,a,RRPV-only
kde,,,8.143784952733451,0.014639868241185794,a,RRPV-only
kde,,,8.17793795421423,0.014381670564964866,a,RRPV-only
kde,,,8.212090955695011,0.01386527521252301,a,RRPV-only
kde,,,8.246243957175789,0.013607077536302137,a,RRPV-only
kde,,,8.28039695865657,0.013348879860081209,a,RRPV-only
kde,,,8.314549960137349,0.01309068218386028,a,RRPV-only
kde,,,8.34870296161813,0.012832484507639352,a,RRPV-only
kde,,,8.382855963098912,0.012316089155197552,a,RRPV-only
kde,,,8.41700896457969,0.012057891478976623,a,RRPV-only
kde,,,8.451161966060472,0.011799693802755695,a,RRPV-only
kde,,,8.48531496754125,0.011541496126534823,a,RRPV-only
kde,,,8.519467969022031,0.011283298450313894,a,RRPV-only
kde,,,8.55362097050281,0.011025100774092966,a,RRPV-only
kde,,,8.58777397198359,0.010508705421651166,a,RRPV-only
kde,,,8.621926973464369,0.010508705421651166,a,RRPV-only
kde,,,8.65607997494515,0.010250507745430237,a,RRPV-only
kde,,,8.690232976425929,0.00999231006920931,a,RRPV-only
kde,,,8.72438597790671,0.00999231006920931,a,RRPV-only
kde,,,8.758538979387488,0.00999231006920931,a,RRPV-only
kde,,,8.79269198086827,0.00999231006920931,a,RRPV-only
kde,,,8.826844982349048,0.00999231006920931,a,RRPV-only
kde,,,8.86099798382983,0.00999231006920931,a,RRPV-only
kde,,,8.895150985310607,0.010508705421651166,a,RRPV-only
kde,,,8.929303986791389,0.010508705421651166,a,RRPV-only
kde,,,8.963456988272167,0.010766903097872038,a,RRPV-only
kde,,,8.997609989752949,0.011025100774092966,a,RRPV-only
kde,,,9.031762991233727,0.011283298450313894,a,RRPV-only
kde,,,9.065915992714508,0.011541496126534823,a,RRPV-only
kde,,,9.100068994195286,0.011799693802755695,a,RRPV-only
kde,,,9.134221995676068,0.012057891478976623,a,RRPV-only
kde,,,9.16837499715685,0.012057891478976623,a,RRPV-only
kde,,,9.202527998637628,0.012316089155197552,a,RRPV-only
kde,,,9.23668100011841,0.01257428683141848,a,RRPV-only
kde,,,9.270834001599187,0.01257428683141848,a,RRPV-only
kde,,,9.304987003079969,0.01309068218386028,a,RRPV-only
kde,,,9.339140004560747,0.01309068218386028,a,RRPV-only
kde,,,9.373293006041528,0.01309068218386028,a,RRPV-only
kde,,,9.407446007522307,0.013348879860081209,a,RRPV-only
kde,,,9.441599009003088,0.013607077536302137,a,RRPV-only
kde,,,9.475752010483866,0.013607077536302137,a,RRPV-only
kde,,,9.509905011964648,0.01386527521252301,a,RRPV-only
kde,,,9.544058013445426,0.014123472888743938,a,RRPV-only
kde,,,9.578211014926207,0.014123472888743938,a,RRPV-only
kde,,,9.612364016406985,0.014381670564964866,a,RRPV-only
kde,,,9.646517017887767,0.014639868241185794,a,RRPV-only
kde,,,9.680670019368545,0.014639868241185794,a,RRPV-only
kde,,,9.714823020849327,0.014639868241185794,a,RRPV-only
kde,,,9.748976022330105,0.014639868241185794,a,RRPV-only
kde,,,9.783129023810886,0.014639868241185794,a,RRPV-only
kde,,,9.817282025291664,0.014898065917406667,a,RRPV-only
kde,,,9.851435026772446,0.014898065917406667,a,RRPV-only
kde,,,9.885588028253224,0.014639868241185794,a,RRPV-only
kde,,,9.919741029734006,0.014639868241185794,a,RRPV-only
kde,,,9.953894031214787,0.014639868241185794,a,RRPV-only
kde,,,9.988047032695565,0.014639868241185794,a,RRPV-only
kde,,,10.022200034176347,0.014639868241185794,a,RRPV-only
kde,,,10.056353035657125,0.014639868241185794,a,RRPV-only
kde,,,10.090506037137907,0.014639868241185794,a,RRPV-only
kde,,,10.124659038618685,0.014639868241185794,a,RRPV-only
kde,,,10.158812040099466,0.014123472888743938,a,RRPV-only
kde,,,10.192965041580244,0.014123472888743938,a,RRPV-only
kde,,,10.227118043061026,0.014123472888743938,a,RRPV-only
kde,,,10.261271044541804,0.014123472888743938,a,RRPV-only
kde,,,10.295424046022585,0.014123472888743938,a,RRPV-only
kde,,,10.329577047503363,0.01386527521252301,a,RRPV-only
kde,,,10.363730048984145,0.013607077536302137,a,RRPV-only
kde,,,10.397883050464923,0.013348879860081209,a,RRPV-only
kde,,,10.432036051945705,0.012832484507639352,a,RRPV-only
kde,,,10.466189053426483,0.01257428683141848,a,RRPV-only
kde,,,10.500342054907264,0.012057891478976623,a,RRPV-only
kde,,,10.534495056388042,0.011541496126534823,a,RRPV-only
kde,,,10.568648057868824,0.011025100774092966,a,RRPV-only
kde,,,10.602801059349602,0.010508705421651166,a,RRPV-only
kde,,,10.636954060830384,0.00999231006920931,a,RRPV-only
kde,,,10.671107062311162,0.009475914716767508,a,RRPV-only
kde,,,10.705260063791943,0.008959519364325652,a,RRPV-only
kde,,,10.739413065272725,0.008701321688104724,a,RRPV-only
kde,,,10.773566066753503,0.008184926335662923,a,RRPV-only
kde,,,10.807719068234285,0.007668530983221067,a,RRPV-only
kde,,,10.841872069715063,0.007410333307000194,a,RRPV-only
kde,,,10.876025071195844,0.006893937954558338,a,RRPV-only
kde,,,10.910178072676622,0.00663574027833741,a,RRPV-only
kde,,,10.944331074157404,0.006377542602116537,a,RRPV-only
kde,,,10.978484075638182,0.006377542602116537,a,RRPV-only
kde,,,11.012637077118963,0.006377542602116537,a,RRPV-only
kde,,,11.046790078599741,0.005861147249674681,a,RRPV-only
kde,,,11.080943080080523,0.005861147249674681,a,RRPV-only
kde,,,11.115096081561301,0.005861147249674681,a,RRPV-only
kde,,,11.149249083042083,0.005861147249674681,a,RRPV-only
kde,,,11.18340208452286,0.005861147249674681,a,RRPV-only
kde,,,11.217555086003642,0.005861147249674681,a,RRPV-only
kde,,,11.25170808748442,0.005861147249674681,a,RRPV-only
kde,,,11.285861088965202,0.005861147249674681,a,RRPV-only
kde,,,11.32001409044598,0.005861147249674681,a,RRPV-only
kde,,,11.354167091926762,0.005861147249674681,a,RRPV-only
kde,,,11.38832009340754,0.00534475189723288,a,RRPV-only
kde,,,11.422473094888321,0.00534475189723288,a,RRPV-only
kde,,,11.4566260963691,0.00534475189723288,a,RRPV-only
kde,,,11.490779097849881,0.00534475189723288,a,RRPV-only
kde,,,11.524932099330663,0.00534475189723288,a,RRPV-only
kde,,,11.55908510081144,0.00534475189723288,a,RRPV-only
kde,,,11.593238102292222,0.00534475189723288,a,RRPV-only
kde,,,11.627391103773,0.00534475189723288,a,RRPV-only
kde,,,11.661544105253782,0.00534475189723288,a,RRPV-only
kde,,,11.69569710673456,0.00534475189723288,a,RRPV-only
kde,,,11.729850108215341,0.00534475189723288,a,RRPV-only
kde,,,11.76400310969612,0.00534475189723288,a,RRPV-only
kde,,,11.798156111176901,0.00534475189723288,a,RRPV-only
kde,,,11.83230911265768,0.00534475189723288,a,RRPV-only
kde,,,11.86646211413846,0.005861147249674681,a,RRPV-only
kde,,,11.900615115619239,0.005861147249674681,a,RRPV-only
kde,,,11.93476811710002,0.005861147249674681,a,RRPV-only
kde,,,11.968921118580798,0.005861147249674681,a,RRPV-only
kde,,,12.00307412006158,0.005861147249674681,a,RRPV-only
kde,,,12.037227121542362,0.005861147249674681,a,RRPV-only
kde,,,12.07138012302314,0.005861147249674681,a,RRPV-only
kde,,,12.105533124503921,0.006377542602116537,a,RRPV-only
kde,,,12.1396861259847,0.006377542602116537,a,RRPV-only
kde,,,12.173839127465481,0.006377542602116537,a,RRPV-only
kde,,,12.207992128946259,0.006377542602116537,a,RRPV-only
kde,,,12.24214513042704,0.006377542602116537,a,RRPV-only
kde,,,12.276298131907819,0.006377542602116537,a,RRPV-only
kde,,,12.3104511333886,0.006377542602116537,a,RRPV-only
kde,,,12.344604134869378,0.006377542602116537,a,RRPV-only
kde,,,12.37875713635016,0.006377542602116537,a,RRPV-only
kde,,,12.412910137830938,0.006893937954558338,a,RRPV-only
kde,,,12.44706313931172,0.006893937954558338,a,RRPV-only
kde,,,12.481216140792498,0.006893937954558338,a,RRPV-only
kde,,,12.51536914227328,0.007410333307000194,a,RRPV-only
kde,,,12.549522143754057,0.007410333307000194,a,RRPV-only
kde,,,12.583675145234839,0.007668530983221067,a,RRPV-only
kde,,,12.617828146715617,0.008184926335662923,a,RRPV-only
kde,,,12.651981148196398,0.008443124011883851,a,RRPV-only
kde,,,12.686134149677176,0.008701321688104724,a,RRPV-only
kde,,,12.720287151157958,0.008959519364325652,a,RRPV-only
kde,,,12.75444015263874,0.00921771704054658,a,RRPV-only
kde,,,12.788593154119518,0.009734112392988381,a,RRPV-only
kde,,,12.8227461556003,0.00999231006920931,a,RRPV-only
kde,,,12.856899157081077,0.010250507745430237,a,RRPV-only
kde,,,12.891052158561859,0.010508705421651166,a,RRPV-only
kde,,,12.925205160042637,0.010766903097872038,a,RRPV-only
kde,,,12.959358161523419,0.011025100774092966,a,RRPV-only
kde,,,12.993511163004197,0.011025100774092966,a,RRPV-only
kde,,,13.027664164484978,0.011541496126534823,a,RRPV-only
kde,,,13.061817165965756,0.011541496126534823,a,RRPV-only
kde,,,13.095970167446538,0.011541496126534823,a,RRPV-only
kde,,,13.130123168927316,0.012057891478976623,a,RRPV-only
kde,,,13.164276170408097,0.012057891478976623,a,RRPV-only
kde,,,13.198429171888876,0.012057891478976623,a,RRPV-only
kde,,,13.232582173369657,0.012057891478976623,a,RRPV-only
kde,,,13.266735174850435,0.012057891478976623,a,RRPV-only
kde,,,13.300888176331217,0.012057891478976623,a,RRPV-only
kde,,,13.335041177811995,0.012057891478976623,a,RRPV-only
kde,,,13.369194179292776,0.012057891478976623,a,RRPV-only
kde,,,13.403347180773554,0.012057891478976623,a,RRPV-only
kde,,,13.437500182254336,0.012057891478976623,a,RRPV-only
kde,,,13.471653183735114,0.011541496126534823,a,RRPV-only
kde,,,13.505806185215896,0.011541496126534823,a,RRPV-only
kde,,,13.539959186696677,0.011541496126534823,a,RRPV-only
kde,,,13.574112188177455,0.011541496126534823,a,RRPV-only
kde,,,13.608265189658237,0.011283298450313894,a,RRPV-only
kde,,,13.642418191139015,0.011025100774092966,a,RRPV-only
kde,,,13.676571192619797,0.011025100774092966,a,RRPV-only
kde,,,13.710724194100575,0.010766903097872038,a,RRPV-only
kde,,,13.744877195581356,0.010508705421651166,a,RRPV-only
kde,,,13.779030197062134,0.010250507745430237,a,RRPV-only
kde,,,13.813183198542916,0.009734112392988381,a,RRPV-only
kde,,,13.847336200023694,0.009734112392988381,a,RRPV-only
kde,,,13.881489201504476,0.00921771704054658,a,RRPV-only
kde,,,13.915642202985254,0.008701321688104724,a,RRPV-only
kde,,,13.949795204466035,0.008184926335662923,a,RRPV-only
kde,,,13.983948205946813,0.007668530983221067,a,RRPV-only
kde,,,14.018101207427595,0.007410333307000194,a,RRPV-only
kde,,,14.052254208908373,0.007152135630779266,a,RRPV-only
kde,,,14.086407210389154,0.00663574027833741,a,RRPV-only
kde,,,14.120560211869932,0.006119344925895609,a,RRPV-only
kde,,,14.154713213350714,0.005861147249674681,a,RRPV-only
kde,,,14.188866214831492,0.005602949573453753,a,RRPV-only
kde,,,14.223019216312274,0.00534475189723288,a,RRPV-only
kde,,,14.257172217793052,0.00534475189723288,a,RRPV-only
kde,,,14.291325219273833,0.004828356544791024,a,RRPV-only
kde,,,14.325478220754615,0.004828356544791024,a,RRPV-only
kde,,,14.359631222235393,0.004828356544791024,a,RRPV-only
kde,,,14.393784223716175,0.004828356544791024,a,RRPV-only
kde,,,14.427937225196953,0.004828356544791024,a,RRPV-only
kde,,,14.462090226677734,0.004828356544791024,a,RRPV-only
kde,,,14.496243228158512,0.004828356544791024,a,RRPV-only
kde,,,14.530396229639294,0.004828356544791024,a,RRPV-only
kde,,,14.564549231120072,0.004828356544791024,a,RRPV-only
kde,,,14.598702232600854,0.005086554221011952,a,RRPV-only
kde,,,14.632855234081632,0.00534475189723288,a,RRPV-only
kde,,,14.667008235562413,0.005086554221011952,a,RRPV-only
kde,,,14.701161237043191,0.004828356544791024,a,RRPV-only
kde,,,14.735314238523973,0.004828356544791024,a,RRPV-only
kde,,,14.76946724000475,0.004828356544791024,a,RRPV-only
kde,,,14.803620241485532,0.004828356544791024,a,RRPV-only
kde,,,14.83777324296631,0.004828356544791024,a,RRPV-only
kde,,,14.871926244447092,0.004311961192349223,a,RRPV-only
kde,,,14.90607924592787,0.004311961192349223,a,RRPV-only
kde,,,14.940232247408652,0.004311961192349223,a,RRPV-only
kde,,,14.97438524888943,0.004311961192349223,a,RRPV-only
kde,,,15.008538250370211,0.0037955658399073666,a,RRPV-only
kde,,,15.04269125185099,0.0037955658399073666,a,RRPV-only
kde,,,15.076844253331771,0.0037955658399073666,a,RRPV-only
kde,,,15.110997254812553,0.0037955658399073666,a,RRPV-only
kde,,,15.14515025629333,0.003279170487465566,a,RRPV-only
kde,,,15.179303257774112,0.003279170487465566,a,RRPV-only
kde,,,15.21345625925489,0.003279170487465566,a,RRPV-only
kde,,,15.247609260735672,0.003279170487465566,a,RRPV-only
kde,,,15.28176226221645,0.003279170487465566,a,RRPV-only
kde,,,15.315915263697232,0.003279170487465566,a,RRPV-only
kde,,,15.35006826517801,0.003279170487465566,a,RRPV-only
kde,,,15.384221266658791,0.0027627751350237095,a,RRPV-only
kde,,,15.41837426813957,0.0027627751350237095,a,RRPV-only
kde,,,15.45252726962035,0.0027627751350237095,a,RRPV-only
kde,,,15.486680271101129,0.0027627751350237095,a,RRPV-only
kde,,,15.52083327258191,0.0027627751350237095,a,RRPV-only
kde,,,15.554986274062689,0.0027627751350237095,a,RRPV-only
kde,,,15.58913927554347,0.0027627751350237095,a,RRPV-only
kde,,,15.623292277024248,0.0027627751350237095,a,RRPV-only
kde,,,15.65744527850503,0.0027627751350237095,a,RRPV-only
kde,,,15.691598279985808,0.0027627751350237095,a,RRPV-only
kde,,,15.72575128146659,0.0027627751350237095,a,RRPV-only
kde,,,15.759904282947367,0.0027627751350237095,a,RRPV-only
kde,,,15.794057284428149,0.0027627751350237095,a,RRPV-only
kde,,,15.828210285908927,0.0025045774588027814,a,RRPV-only
kde,,,15.862363287389709,0.0022463797825819087,a,RRPV-only
kde,,,15.89651628887049,0.0022463797825819087,a,RRPV-only
kde,,,15.930669290351268,0.0022463797825819087,a,RRPV-only
kde,,,15.96482229183205,0.0022463797825819087,a,RRPV-only
kde,,,15.998975293312828,0.0022463797825819087,a,RRPV-only
kde,,,16.03312829479361,0.0022463797825819087,a,RRPV-only
kde,,,16.067281296274388,0.0022463797825819087,a,RRPV-only
kde,,,16.10143429775517,0.0025045774588027814,a,RRPV-only
kde,,,16.135587299235947,0.0027627751350237095,a,RRPV-only
kde,,,16.16974030071673,0.0027627751350237095,a,RRPV-only
kde,,,16.203893302197507,0.0027627751350237095,a,RRPV-only
kde,,,16.23804630367829,0.0027627751350237095,a,RRPV-only
kde,,,16.272199305159067,0.0027627751350237095,a,RRPV-only
kde,,,16.306352306639848,0.0027627751350237095,a,RRPV-only
kde,,,16.340505308120626,0.0027627751350237095,a,RRPV-only
kde,,,16.374658309601408,0.0022463797825819087,a,RRPV-only
kde,,,16.408811311082186,0.0022463797825819087,a,RRPV-only
kde,,,16.442964312562967,0.0022463797825819087,a,RRPV-only
kde,,,16.477117314043745,0.0022463797825819087,a,RRPV-only
kde,,,16.511270315524527,0.0022463797825819087,a,RRPV-only
kde,,,16.545423317005305,0.0022463797825819087,a,RRPV-only
kde,,,16.579576318486087,0.0022463797825819087,a,RRPV-only
kde,,,16.613729319966865,0.0017299844301400524,a,RRPV-only
kde,,,16.647882321447646,0.0017299844301400524,a,RRPV-only
kde,,,16.682035322928424,0.0017299844301400524,a,RRPV-only
kde,,,16.716188324409206,0.0017299844301400524,a,RRPV-only
kde,,,16.750341325889988,0.0017299844301400524,a,RRPV-only
kde,,,16.784494327370766,0.0017299844301400524,a,RRPV-only
kde,,,16.818647328851547,0.0017299844301400524,a,RRPV-only
kde,,,16.852800330332325,0.0017299844301400524,a,RRPV-only
kde,,,16.886953331813107,0.0017299844301400524,a,RRPV-only
kde,,,16.921106333293885,0.0017299844301400524,a,RRPV-only
kde,,,16.955259334774667,0.0017299844301400524,a,RRPV-only
kde,,,16.989412336255445,0.0017299844301400524,a,RRPV-only
kde,,,17.023565337736226,0.0022463797825819087,a,RRPV-only
kde,,,17.057718339217004,0.0022463797825819087,a,RRPV-only
kde,,,17.091871340697786,0.0022463797825819087,a,RRPV-only
kde,,,17.126024342178564,0.0022463797825819087,a,RRPV-only
kde,,,17.160177343659345,0.0022463797825819087,a,RRPV-only
kde,,,17.194330345140123,0.0027627751350237095,a,RRPV-only
kde,,,17.228483346620905,0.0027627751350237095,a,RRPV-only
kde,,,17.262636348101683,0.0027627751350237095,a,RRPV-only
kde,,,17.296789349582465,0.0027627751350237095,a,RRPV-only
kde,,,17.330942351063243,0.0027627751350237095,a,RRPV-only
kde,,,17.365095352544024,0.0027627751350237095,a,RRPV-only
kde,,,17.399248354024802,0.003279170487465566,a,RRPV-only
kde,,,17.433401355505584,0.003279170487465566,a,RRPV-only
kde,,,17.467554356986362,0.003279170487465566,a,RRPV-only
kde,,,17.501707358467144,0.003279170487465566,a,RRPV-only
kde,,,17.535860359947925,0.003279170487465566,a,RRPV-only
kde,,,17.570013361428703,0.003279170487465566,a,RRPV-only
kde,,,17.604166362909485,0.003279170487465566,a,RRPV-only
kde,,,17.638319364390263,0.003279170487465566,a,RRPV-only
kde,,,17.672472365871045,0.003279170487465566,a,RRPV-only
kde,,,17.706625367351823,0.003279170487465566,a,RRPV-only
kde,,,17.740778368832604,0.003279170487465566,a,RRPV-only
kde,,,17.774931370313382,0.0035373681636864385,a,RRPV-only
kde,,,17.809084371794164,0.0037955658399073666,a,RRPV-only
kde,,,17.843237373274942,0.0037955658399073666,a,RRPV-only
kde,,,17.877390374755723,0.0037955658399073666,a,RRPV-only
kde,,,17.9115433762365,0.0037955658399073666,a,RRPV-only
kde,,,17.945696377717283,0.0037955658399073666,a,RRPV-only
kde,,,17.97984937919806,0.0037955658399073666,a,RRPV-only
kde,,,18.014002380678843,0.0037955658399073666,a,RRPV-only
kde,,,18.04815538215962,0.0037955658399073666,a,RRPV-only
kde,,,18.082308383640402,0.0037955658399073666,a,RRPV-only
kde,,,18.11646138512118,0.0037955658399073666,a,RRPV-only
kde,,,18.150614386601962,0.004311961192349223,a,RRPV-only
kde,,,18.18476738808274,0.004311961192349223,a,RRPV-only
kde,,,18.21892038956352,0.004311961192349223,a,RRPV-only
kde,,,18.2530733910443,0.004311961192349223,a,RRPV-only
kde,,,18.28722639252508,0.004311961192349223,a,RRPV-only
kde,,,18.321379394005863,0.004311961192349223,a,RRPV-only
kde,,,18.35553239548664,0.004311961192349223,a,RRPV-only
kde,,,18.389685396967423,0.004311961192349223,a,RRPV-only
kde,,,18.4238383984482,0.004311961192349223,a,RRPV-only
kde,,,18.457991399928982,0.004053763516128295,a,RRPV-only
kde,,,18.49214440140976,0.0037955658399073666,a,RRPV-only
kde,,,18.526297402890542,0.0037955658399073666,a,RRPV-only
kde,,,18.56045040437132,0.0037955658399073666,a,RRPV-only
kde,,,18.5946034058521,0.0037955658399073666,a,RRPV-only
kde,,,18.62875640733288,0.0037955658399073666,a,RRPV-only
kde,,,18.66290940881366,0.003279170487465566,a,RRPV-only
kde,,,18.69706241029444,0.003279170487465566,a,RRPV-only
kde,,,18.73121541177522,0.003279170487465566,a,RRPV-only
kde,,,18.765368413256,0.0027627751350237095,a,RRPV-only
kde,,,18.79952141473678,0.0027627751350237095,a,RRPV-only
kde,,,18.83367441621756,0.0027627751350237095,a,RRPV-only
kde,,,18.86782741769834,0.0022463797825819087,a,RRPV-only
kde,,,18.901980419179118,0.0022463797825819087,a,RRPV-only
kde,,,18.9361334206599,0.0019881821063609806,a,RRPV-only
kde,,,18.970286422140678,0.0017299844301400524,a,RRPV-only
kde,,,19.00443942362146,0.0017299844301400524,a,RRPV-only
kde,,,19.038592425102237,0.0017299844301400524,a,RRPV-only
kde,,,19.07274542658302,0.0012135890776982516,a,RRPV-only
kde,,,19.1068984280638,0.0012135890776982516,a,RRPV-only
kde,,,19.14105142954458,0.0012135890776982516,a,RRPV-only
kde,,,19.17520443102536,0.0012135890776982516,a,RRPV-only
kde,,,19.20935743250614,0.0012135890776982516,a,RRPV-only
kde,,,19.24351043398692,0.0009553914014773235,a,RRPV-only
kde,,,19.277663435467698,0.0006971937252563953,a,RRPV-only
kde,,,19.31181643694848,0.0006971937252563953,a,RRPV-only
kde,,,19.345969438429258,0.0009553914014773235,a,RRPV-only
kde,,,19.38012243991004,0.0012135890776982516,a,RRPV-only
kde,,,19.414275441390817,0.0012135890776982516,a,RRPV-only
kde,,,19.4484284428716,0.0012135890776982516,a,RRPV-only
kde,,,19.482581444352377,0.0012135890776982516,a,RRPV-only
kde,,,19.51673444583316,0.0012135890776982516,a,RRPV-only
kde,,,19.550887447313936,0.0012135890776982516,a,RRPV-only
kde,,,19.585040448794718,0.0012135890776982516,a,RRPV-only
kde,,,19.619193450275496,0.0012135890776982516,a,RRPV-only
kde,,,19.653346451756278,0.0012135890776982516,a,RRPV-only
kde,,,19.687499453237056,0.0012135890776982516,a,RRPV-only
kde,,,19.721652454717837,0.0012135890776982516,a,RRPV-only
kde,,,19.755805456198615,0.0006971937252563953,a,RRPV-only
kde,,,19.789958457679397,0.0006971937252563953,a,RRPV-only
kde,,,19.824111459160175,0.0006971937252563953,a,RRPV-only
kde,,,19.858264460640957,0.0006971937252563953,a,RRPV-only
kde,,,19.89241746212174,0.0006971937252563953,a,RRPV-only
kde,,,19.926570463602516,0.0006971937252563953,a,RRPV-only
kde,,,19.960723465083298,0.0006971937252563953,a,RRPV-only
kde,,,19.994876466564076,0.0006971937252563953,a,RRPV-only
kde,,,20.029029468044858,0.0006971937252563953,a,RRPV-only
kde,,,20.063182469525636,0.0006971937252563953,a,RRPV-only
kde,,,20.097335471006417,0.0006971937252563953,a,RRPV-only
kde,,,20.131488472487195,0.0006971937252563953,a,RRPV-only
kde,,,20.165641473967977,0.0006971937252563953,a,RRPV-only
kde,,,20.199794475448755,0.0006971937252563953,a,RRPV-only
kde,,,20.233947476929536,0.0006971937252563953,a,RRPV-only
kde,,,20.268100478410314,0.0006971937252563953,a,RRPV-only
kde,,,20.302253479891096,0.0006971937252563953,a,RRPV-only
kde,,,20.336406481371874,0.0006971937252563953,a,RRPV-only
kde,,,20.370559482852656,0.0006971937252563953,a,RRPV-only
kde,,,20.404712484333434,0.0006971937252563953,a,RRPV-only
kde,,,20.438865485814215,0.0006971937252563953,a,RRPV-only
kde,,,20.473018487294993,0.0012135890776982516,a,RRPV-only
kde,,,20.507171488775775,0.0012135890776982516,a,RRPV-only
kde,,,20.541324490256553,0.0012135890776982516,a,RRPV-only
kde,,,20.575477491737335,0.0012135890776982516,a,RRPV-only
kde,,,20.609630493218113,0.0012135890776982516,a,RRPV-only
kde,,,20.643783494698894,0.0012135890776982516,a,RRPV-only
kde,,,20.677936496179676,0.0012135890776982516,a,RRPV-only
kde,,,20.712089497660454,0.0012135890776982516,a,RRPV-only
kde,,,20.746242499141236,0.0017299844301400524,a,RRPV-only
kde,,,20.780395500622014,0.0017299844301400524,a,RRPV-only
kde,,,20.814548502102795,0.0017299844301400524,a,RRPV-only
kde,,,20.848701503583573,0.0017299844301400524,a,RRPV-only
kde,,,20.882854505064355,0.0017299844301400524,a,RRPV-only
kde,,,20.917007506545133,0.0017299844301400524,a,RRPV-only
kde,,,20.951160508025914,0.0017299844301400524,a,RRPV-only
kde,,,20.985313509506692,0.0017299844301400524,a,RRPV-only
kde,,,21.019466510987474,0.0017299844301400524,a,RRPV-only
kde,,,21.053619512468252,0.0019881821063609806,a,RRPV-only
kde,,,21.087772513949034,0.0022463797825819087,a,RRPV-only
kde,,,21.121925515429812,0.0022463797825819087,a,RRPV-only
kde,,,21.156078516910593,0.0022463797825819087,a,RRPV-only
kde,,,21.19023151839137,0.0022463797825819087,a,RRPV-only
kde,,,21.224384519872153,0.0022463797825819087,a,RRPV-only
kde,,,21.25853752135293,0.0022463797825819087,a,RRPV-only
kde,,,21.292690522833713,0.0022463797825819087,a,RRPV-only
kde,,,21.32684352431449,0.0022463797825819087,a,RRPV-only
kde,,,21.360996525795272,0.0022463797825819087,a,RRPV-only
kde,,,21.39514952727605,0.0017299844301400524,a,RRPV-only
kde,,,21.429302528756832,0.0017299844301400524,a,RRPV-only
kde,,,21.463455530237614,0.0017299844301400524,a,RRPV-only
kde,,,21.49760853171839,0.0017299844301400524,a,RRPV-only
kde,,,21.531761533199173,0.0017299844301400524,a,RRPV-only
kde,,,21.56591453467995,0.0017299844301400524,a,RRPV-only
kde,,,21.600067536160733,0.0017299844301400524,a,RRPV-only
kde,,,21.63422053764151,0.0017299844301400524,a,RRPV-only
kde,,,21.668373539122292,0.0017299844301400524,a,RRPV-only
kde,,,21.70252654060307,0.0017299844301400524,a,RRPV-only
kde,,,21.736679542083852,0.0017299844301400524,a,RRPV-only
kde,,,21.77083254356463,0.0017299844301400524,a,RRPV-only
kde,,,21.80498554504541,0.0017299844301400524,a,RRPV-only
kde,,,21.83913854652619,0.0017299844301400524,a,RRPV-only
kde,,,21.87329154800697,0.0017299844301400524,a,RRPV-only
kde,,,21.90744454948775,0.0017299844301400524,a,RRPV-only
kde,,,21.94159755096853,0.0017299844301400524,a,RRPV-only
kde,,,21.97575055244931,0.0017299844301400524,a,RRPV-only
kde,,,22.00990355393009,0.0017299844301400524,a,RRPV-only
kde,,,22.04405655541087,0.0017299844301400524,a,RRPV-only
kde,,,22.07820955689165,0.0017299844301400524,a,RRPV-only
kde,,,22.11236255837243,0.0017299844301400524,a,RRPV-only
kde,,,22.14651555985321,0.0017299844301400524,a,RRPV-only
kde,,,22.180668561333988,0.0017299844301400524,a,RRPV-only
kde,,,22.21482156281477,0.0017299844301400524,a,RRPV-only
kde,,,22.248974564295548,0.0022463797825819087,a,RRPV-only
kde,,,22.28312756577633,0.0022463797825819087,a,RRPV-only
kde,,,22.31728056725711,0.0022463797825819087,a,RRPV-only
kde,,,22.35143356873789,0.0022463797825819087,a,RRPV-only
kde,,,22.38558657021867,0.0022463797825819087,a,RRPV-only
kde,,,22.41973957169945,0.0022463797825819087,a,RRPV-only
kde,,,22.45389257318023,0.0027627751350237095,a,RRPV-only
kde,,,22.488045574661008,0.0027627751350237095,a,RRPV-only
kde,,,22.52219857614179,0.0027627751350237095,a,RRPV-only
kde,,,22.556351577622568,0.0027627751350237095,a,RRPV-only
kde,,,22.59050457910335,0.0027627751350237095,a,RRPV-only
kde,,,22.624657580584127,0.0027627751350237095,a,RRPV-only
kde,,,22.65881058206491,0.0027627751350237095,a,RRPV-only
kde,,,22.692963583545687,0.0027627751350237095,a,RRPV-only
kde,,,22.72711658502647,0.0027627751350237095,a,RRPV-only
kde,,,22.761269586507247,0.0027627751350237095,a,RRPV-only
kde,,,22.79542258798803,0.0027627751350237095,a,RRPV-only
kde,,,22.829575589468806,0.0027627751350237095,a,RRPV-only
kde,,,22.863728590949588,0.0027627751350237095,a,RRPV-only
kde,,,22.897881592430366,0.0027627751350237095,a,RRPV-only
kde,,,22.932034593911148,0.0022463797825819087,a,RRPV-only
kde,,,22.966187595391926,0.0022463797825819087,a,RRPV-only
kde,,,23.000340596872707,0.0022463797825819087,a,RRPV-only
kde,,,23.034493598353485,0.0022463797825819087,a,RRPV-only
kde,,,23.068646599834267,0.0019881821063609806,a,RRPV-only
kde,,,23.10279960131505,0.0017299844301400524,a,RRPV-only
kde,,,23.136952602795827,0.0017299844301400524,a,RRPV-only
kde,,,23.171105604276608,0.0017299844301400524,a,RRPV-only
kde,,,23.205258605757386,0.0017299844301400524,a,RRPV-only
kde,,,23.239411607238168,0.0017299844301400524,a,RRPV-only
kde,,,23.273564608718946,0.0012135890776982516,a,RRPV-only
kde,,,23.307717610199727,0.0012135890776982516,a,RRPV-only
kde,,,23.341870611680505,0.0012135890776982516,a,RRPV-only
kde,,,23.376023613161287,0.0012135890776982516,a,RRPV-only
kde,,,23.410176614642065,0.0012135890776982516,a,RRPV-only
kde,,,23.444329616122847,0.0012135890776982516,a,RRPV-only
kde,,,23.478482617603625,0.0012135890776982516,a,RRPV-only
kde,,,23.512635619084406,0.0012135890776982516,a,RRPV-only
kde,,,23.546788620565184,0.0012135890776982516,a,RRPV-only
kde,,,23.580941622045966,0.0012135890776982516,a,RRPV-only
kde,,,23.615094623526744,0.0012135890776982516,a,RRPV-only
kde,,,23.649247625007526,0.0012135890776982516,a,RRPV-only
kde,,,23.683400626488304,0.0012135890776982516,a,RRPV-only
kde,,,23.717553627969085,0.0012135890776982516,a,RRPV-only
kde,,,23.751706629449863,0.0012135890776982516,a,RRPV-only
kde,,,23.785859630930645,0.0012135890776982516,a,RRPV-only
kde,,,23.820012632411423,0.0012135890776982516,a,RRPV-only
kde,,,23.854165633892205,0.0012135890776982516,a,RRPV-only
kde,,,23.888318635372986,0.0012135890776982516,a,RRPV-only
kde,,,23.922471636853764,0.0017299844301400524,a,RRPV-only
kde,,,23.956624638334546,0.0017299844301400524,a,RRPV-only
kde,,,23.990777639815324,0.0017299844301400524,a,RRPV-only
kde,,,24.024930641296105,0.0017299844301400524,a,RRPV-only
kde,,,24.059083642776883,0.0017299844301400524,a,RRPV-only
kde,,,24.093236644257665,0.0017299844301400524,a,RRPV-only
kde,,,24.127389645738443,0.0017299844301400524,a,RRPV-only
kde,,,24.161542647219225,0.0017299844301400524,a,RRPV-only
kde,,,24.195695648700003,0.0022463797825819087,a,RRPV-only
kde,,,24.229848650180784,0.0022463797825819087,a,RRPV-only
kde,,,24.264001651661562,0.0022463797825819087,a,RRPV-only
kde,,,24.298154653142344,0.0022463797825819087,a,RRPV-only
kde,,,24.332307654623122,0.0022463797825819087,a,RRPV-only
kde,,,24.366460656103904,0.0022463797825819087,a,RRPV-only
kde,,,24.40061365758468,0.0022463797825819087,a,RRPV-only
kde,,,24.434766659065463,0.0022463797825819087,a,RRPV-only
kde,,,24.46891966054624,0.0022463797825819087,a,RRPV-only
kde,,,24.503072662027023,0.0022463797825819087,a,RRPV-only
kde,,,24.5372256635078,0.0022463797825819087,a,RRPV-only
kde,,,24.571378664988583,0.0025045774588027814,a,RRPV-only
kde,,,24.60553166646936,0.0025045774588027814,a,RRPV-only
kde,,,24.639684667950142,0.0025045774588027814,a,RRPV-only
kde,,,24.673837669430924,0.0025045774588027814,a,RRPV-only
kde,,,24.707990670911702,0.0022463797825819087,a,RRPV-only
kde,,,24.742143672392483,0.0022463797825819087,a,RRPV-only
kde,,,24.77629667387326,0.0022463797825819087,a,RRPV-only
kde,,,24.810449675354043,0.0022463797825819087,a,RRPV-only
kde,,,24.84460267683482,0.0022463797825819087,a,RRPV-only
kde,,,24.878755678315603,0.0022463797825819087,a,RRPV-only
kde,,,24.91290867979638,0.0022463797825819087,a,RRPV-only
kde,,,24.947061681277162,0.0022463797825819087,a,RRPV-only
kde,,,24.98121468275794,0.0022463797825819087,a,RRPV-only
kde,,,25.015367684238722,0.0022463797825819087,a,RRPV-only
kde,,,25.0495206857195,0.0017299844301400524,a,RRPV-only
kde,,,25.08367368720028,0.0017299844301400524,a,RRPV-only
kde,,,25.11782668868106,0.0017299844301400524,a,RRPV-only
kde,,,25.15197969016184,0.0017299844301400524,a,RRPV-only
kde,,,25.18613269164262,0.0017299844301400524,a,RRPV-only
kde,,,25.2202856931234,0.0017299844301400524,a,RRPV-only
kde,,,25.25443869460418,0.0017299844301400524,a,RRPV-only
kde,,,25.28859169608496,0.0017299844301400524,a,RRPV-only
kde,,,25.32274469756574,0.0017299844301400524,a,RRPV-only
kde,,,25.35689769904652,0.0012135890776982516,a,RRPV-only
kde,,,25.3910507005273,0.0012135890776982516,a,RRPV-only
kde,,,25.42520370200808,0.0012135890776982516,a,RRPV-only
kde,,,25.45935670348886,0.0012135890776982516,a,RRPV-only
kde,,,25.49350970496964,0.0012135890776982516,a,RRPV-only
kde,,,25.52766270645042,0.0012135890776982516,a,RRPV-only
kde,,,25.5618157079312,0.0012135890776982516,a,RRPV-only
kde,,,25.59596870941198,0.0012135890776982516,a,RRPV-only
kde,,,25.63012171089276,0.0012135890776982516,a,RRPV-only
kde,,,25.66427471237354,0.0012135890776982516,a,RRPV-only
kde,,,25.69842771385432,0.0012135890776982516,a,RRPV-only
kde,,,25.7325807153351,0.0012135890776982516,a,RRPV-only
kde,,,25.766733716815878,0.0012135890776982516,a,RRPV-only
kde,,,25.80088671829666,0.0017299844301400524,a,RRPV-only
kde,,,25.835039719777438,0.0017299844301400524,a,RRPV-only
kde,,,25.86919272125822,0.0017299844301400524,a,RRPV-only
kde,,,25.903345722738997,0.0019881821063609806,a,RRPV-only
kde,,,25.93749872421978,0.0022463797825819087,a,RRPV-only
kde,,,25.971651725700557,0.0022463797825819087,a,RRPV-only
kde,,,26.00580472718134,0.0025045774588027814,a,RRPV-only
kde,,,26.039957728662117,0.0027627751350237095,a,RRPV-only
kde,,,26.0741107301429,0.0027627751350237095,a,RRPV-only
kde,,,26.108263731623676,0.0030209728112446377,a,RRPV-only
kde,,,26.142416733104458,0.003279170487465566,a,RRPV-only
kde,,,26.176569734585236,0.003279170487465566,a,RRPV-only
kde,,,26.210722736066018,0.003279170487465566,a,RRPV-only
kde,,,26.2448757375468,0.0037955658399073666,a,RRPV-only
kde,,,26.279028739027577,0.0037955658399073666,a,RRPV-only
kde,,,26.31318174050836,0.0037955658399073666,a,RRPV-only
kde,,,26.347334741989137,0.0037955658399073666,a,RRPV-only
kde,,,26.38148774346992,0.0037955658399073666,a,RRPV-only
kde,,,26.415640744950696,0.0037955658399073666,a,RRPV-only
kde,,,26.449793746431478,0.004311961192349223,a,RRPV-only
kde,,,26.483946747912256,0.004311961192349223,a,RRPV-only
kde,,,26.518099749393038,0.004311961192349223,a,RRPV-only
kde,,,26.552252750873816,0.004311961192349223,a,RRPV-only
kde,,,26.586405752354597,0.004311961192349223,a,RRPV-only
kde,,,26.620558753835375,0.004311961192349223,a,RRPV-only
kde,,,26.654711755316157,0.004311961192349223,a,RRPV-only
kde,,,26.688864756796935,0.004311961192349223,a,RRPV-only
kde,,,26.723017758277717,0.004311961192349223,a,RRPV-only
kde,,,26.757170759758495,0.004311961192349223,a,RRPV-only
kde,,,26.791323761239276,0.0037955658399073666,a,RRPV-only
kde,,,26.825476762720054,0.0037955658399073666,a,RRPV-only
kde,,,26.859629764200836,0.0037955658399073666,a,RRPV-only
kde,,,26.893782765681614,0.0037955658399073666,a,RRPV-only
kde,,,26.927935767162396,0.0037955658399073666,a,RRPV-only
kde,,,26.962088768643174,0.0037955658399073666,a,RRPV-only
kde,,,26.996241770123955,0.0037955658399073666,a,RRPV-only
kde,,,27.030394771604737,0.0037955658399073666,a,RRPV-only
kde,,,27.064547773085515,0.0037955658399073666,a,RRPV-only
kde,,,27.098700774566296,0.0037955658399073666,a,RRPV-only
kde,,,27.132853776047074,0.0035373681636864385,a,RRPV-only
kde,,,27.167006777527856,0.003279170487465566,a,RRPV-only
kde,,,27.201159779008634,0.003279170487465566,a,RRPV-only
kde,,,27.235312780489416,0.003279170487465566,a,RRPV-only
kde,,,27.269465781970194,0.003279170487465566,a,RRPV-only
kde,,,27.303618783450975,0.003279170487465566,a,RRPV-only
kde,,,27.337771784931753,0.003279170487465566,a,RRPV-only
kde,,,27.371924786412535,0.003279170487465566,a,RRPV-only
kde,,,27.406077787893313,0.003279170487465566,a,RRPV-only
kde,,,27.440230789374095,0.003279170487465566,a,RRPV-only
kde,,,27.474383790854873,0.003279170487465566,a,RRPV-only
kde,,,27.508536792335654,0.0027627751350237095,a,RRPV-only
kde,,,27.542689793816432,0.0027627751350237095,a,RRPV-only
kde,,,27.576842795297214,0.0027627751350237095,a,RRPV-only
kde,,,27.610995796777992,0.0027627751350237095,a,RRPV-only
kde,,,27.645148798258774,0.0022463797825819087,a,RRPV-only
kde,,,27.67930179973955,0.0022463797825819087,a,RRPV-only
kde,,,27.713454801220333,0.0022463797825819087,a,RRPV-only
kde,,,27.74760780270111,0.0019881821063609806,a,RRPV-only
kde,,,27.781760804181893,0.0017299844301400524,a,RRPV-only
kde,,,27.815913805662674,0.0017299844301400524,a,RRPV-only
kde,,,27.850066807143453,0.0017299844301400524,a,RRPV-only
kde,,,27.884219808624234,0.0012135890776982516,a,RRPV-only
kde,,,27.918372810105012,0.0012135890776982516,a,RRPV-only
kde,,,27.952525811585794,0.0012135890776982516,a,RRPV-only
kde,,,27.986678813066572,0.0012135890776982516,a,RRPV-only
kde,,,28.020831814547353,0.0006971937252563953,a,RRPV-only
kde,,,28.054984816028135,0.0006971937252563953,a,RRPV-only
kde,,,28.08913781750891,0.0006971937252563953,a,RRPV-only
kde,,,28.12329081898969,0.0006971937252563953,a,RRPV-only
kde,,,28.157443820470473,0.0006971937252563953,a,RRPV-only
kde,,,28.191596821951254,0.0006971937252563953,a,RRPV-only
kde,,,28.22574982343203,0.0006971937252563953,a,RRPV-only
kde,,,28.25990282491281,0.0006971937252563953,a,RRPV-only
kde,,,28.294055826393592,0.0004389960490354672,a,RRPV-only
kde,,,28.328208827874374,0.0004389960490354672,a,RRPV-only
kde,,,28.362361829355148,0.0004389960490354672,a,RRPV-only
kde,,,28.39651483083593,0.0004389960490354672,a,RRPV-only
kde,,,28.43066783231671,0.0004389960490354672,a,RRPV-only
kde,,,28.464820833797493,0.0004389960490354672,a,RRPV-only
kde,,,28.498973835278267,0.0004389960490354672,a,RRPV-only
kde,,,28.53312683675905,0.0004389960490354672,a,RRPV-only
kde,,,28.56727983823983,0.0004389960490354672,a,RRPV-only
kde,,,28.601432839720612,0.0004389960490354672,a,RRPV-only
kde,,,28.635585841201394,0.0004389960490354672,a,RRPV-only
kde,,,28.669738842682168,0.0004389960490354672,a,RRPV-only
kde,,,28.70389184416295,0.0004389960490354672,a,RRPV-only
kde,,,28.73804484564373,0.0004389960490354672,a,RRPV-only
histogram,1.6599965284459741,1.7182100879256255,,0.07084568690971071,b,RRPV-BS
histogram,1.721848435393103,1.7800619948727543,,0.35791430591830564,b,RRPV-BS
histogram,1.7837003423402327,1.8382755543524048,,0.6476165819820254,b,RRPV-BS
histogram,1.8419139018198831,1.9001274612995336,,0.43165670346179796,b,RRPV-BS
histogram,1.903765808767012,1.9619793682466624,,0.14195442739807818,b,RRPV-BS
histogram,1.9619793682466624,2.0201929277263138,,0.43165670346179796,b,RRPV-BS
histogram,2.023831275193792,2.0820448346734426,,0.7213589795255178,b,RRPV-BS
histogram,2.085683182140921,2.140258394153093,,0.6476165819820254,b,RRPV-BS
histogram,2.1438967416205714,2.202110301100222,,0.21306316788644586,b,RRPV-BS
histogram,2.2057486485677003,2.2639622080473516,,0.07084568690971071,b,RRPV-BS
histogram,2.2639622080473516,2.322175767527002,,0.14195442739807818,b,RRPV-BS
histogram,2.3258141149944804,2.384027674474131,,0.21306316788644586,b,RRPV-BS
histogram,2.3876660219416093,2.4422412339537813,,0.43165670346179796,b,RRPV-BS
histogram,2.4458795814212597,2.50409314090091,,0.5027654439501654,b,RRPV-BS
histogram,2.5077314883683886,2.5623067003805615,,0.21306316788644586,b,RRPV-BS
histogram,2.56594504784804,2.6241586073276904,,0.28680556542993796,b,RRPV-BS
histogram,2.6277969547951687,2.686010514274819,,0.28680556542993796,b,RRPV-BS
histogram,2.686010514274819,2.7442240737544696,,0.21306316788644586,b,RRPV-BS
histogram,2.747862421221948,2.8060759807015994,,0.35791430591830564,b,RRPV-BS
histogram,2.809714328169077,2.86428954018125,,0.9373188580457451,b,RRPV-BS
histogram,2.867927887648728,2.9261414471283786,,0.5027654439501654,b,RRPV-BS
histogram,2.929779794595857,2.9879933540755075,,0.6476165819820254,b,RRPV-BS
histogram,2.9879933540755075,3.046206913555159,,1.1532787365659725,b,RRPV-BS
histogram,3.0498452610226363,3.1080588205022877,,0.7924677200138852,b,RRPV-BS
histogram,3.111697167969765,3.166272379981938,,0.43165670346179796,b,RRPV-BS
histogram,3.1699107274494165,3.228124286929067,,0.5027654439501654,b,RRPV-BS
histogram,3.2317626343965453,3.2899761938761958,,0.21306316788644586,b,RRPV-BS
histogram,3.2899761938761958,3.348189753355847,,0.07084568690971071,b,RRPV-BS
histogram,3.3518281008233246,3.410041660302976,,0.07084568690971071,b,RRPV-BS
histogram,3.410041660302976,3.4682552197826264,,0.28680556542993796,b,RRPV-BS
histogram,3.471893567250105,3.5301071267297552,,0.5765078414936577,b,RRPV-BS
histogram,3.5337454741972336,3.5883206862094066,,1.587832150661552,b,RRPV-BS
histogram,3.591959033676884,3.6501725931565354,,1.6589408911499197,b,RRPV-BS
histogram,3.653810940624014,3.7120245001036642,,0.35791430591830564,b,RRPV-BS
histogram,3.7120245001036642,3.7702380595833147,,0.07084568690971071,b,RRPV-BS
histogram,3.773876407050793,3.8320899665304435,,0.07084568690971071,b,RRPV-BS
histogram,3.835728313997922,3.890303526010095,,0.07084568690971071,b,RRPV-BS
histogram,3.955793780424702,4.014007339904353,,0.07084568690971071,b,RRPV-BS
kde,,,1.0087323317673813,0.0023706034764676698,b,RRPV-BS
kde,,,1.0123706792348597,0.0023706034764676698,b,RRPV-BS
kde,,,1.016009026702338,0.0023706034764676698,b,RRPV-BS
kde,,,1.0196473741698155,0.0023706034764676698,b,RRPV-BS
kde,,,1.023285721637294,0.0023706034764676698,b,RRPV-BS
kde,,,1.0269240691047723,0.0023706034764676698,b,RRPV-BS
kde,,,1.0305624165722507,0.0023706034764676698,b,RRPV-BS
kde,,,1.0342007640397282,0.0023706034764676698,b,RRPV-BS
kde,,,1.0378391115072065,0.0023706034764676698,b,RRPV-BS
kde,,,1.041477458974685,0.0023706034764676698,b,RRPV-BS
kde,,,1.0451158064421633,0.0023706034764676698,b,RRPV-BS
kde,,,1.0487541539096417,0.0023706034764676698,b,RRPV-BS
kde,,,1.0523925013771191,0.0023706034764676698,b,RRPV-BS
kde,,,1.0560308488445975,0.0023706034764676698,b,RRPV-BS
kde,,,1.059669196312076,0.0023706034764676698,b,RRPV-BS
kde,,,1.0633075437795543,0.0023706034764676698,b,RRPV-BS
kde,,,1.0669458912470318,0.0023706034764676698,b,RRPV-BS
kde,,,1.0705842387145101,0.0023706034764676698,b,RRPV-BS
kde,,,1.0742225861819885,0.0023706034764676698,b,RRPV-BS
kde,,,1.077860933649467,0.0023706034764676698,b,RRPV-BS
kde,,,1.0814992811169444,0.0023706034764676698,b,RRPV-BS
kde,,,1.0851376285844228,0.0023706034764676698,b,RRPV-BS
kde,,,1.0887759760519011,0.0023706034764676698,b,RRPV-BS
kde,,,1.0924143235193795,0.0023706034764676698,b,RRPV-BS
kde,,,1.0960526709868579,0.0023706034764676698,b,RRPV-BS
kde,,,1.0996910184543354,0.0023706034764676698,b,RRPV-BS
kde,,,1.1033293659218137,0.0023706034764676698,b,RRPV-BS
kde,,,1.1069677133892921,0.0023706034764676698,b,RRPV-BS
kde,,,1.1106060608567705,0.0023706034764676698,b,RRPV-BS
kde,,,1.114244408324248,0.0023706034764676698,b,RRPV-BS
kde,,,1.1178827557917264,0.0023706034764676698,b,RRPV-BS
kde,,,1.1215211032592047,0.0023706034764676698,b,RRPV-BS
kde,,,1.125159450726683,0.0023706034764676698,b,RRPV-BS
kde,,,1.1287977981941606,0.0023706034764676698,b,RRPV-BS
kde,,,1.132436145661639,0.0023706034764676698,b,RRPV-BS
kde,,,1.1360744931291173,0.0023706034764676698,b,RRPV-BS
kde,,,1.1397128405965957,0.0023706034764676698,b,RRPV-BS
kde,,,1.143351188064074,0.0023706034764676698,b,RRPV-BS
kde,,,1.1469895355315516,0.0023706034764676698,b,RRPV-BS
kde,,,1.15062788299903,0.0023706034764676698,b,RRPV-BS
kde,,,1.1542662304665083,0.0023706034764676698,b,RRPV-BS
kde,,,1.1579045779339867,0.0023706034764676698,b,RRPV-BS
kde,,,1.1615429254014642,0.0023706034764676698,b,RRPV-BS
kde,,,1.1651812728689426,0.0023706034764676698,b,RRPV-BS
kde,,,1.168819620336421,0.0023706034764676698,b,RRPV-BS
kde,,,1.1724579678038993,0.0023706034764676698,b,RRPV-BS
kde,,,1.1760963152713777,0.0023706034764676698,b,RRPV-BS
kde,,,1.1797346627388552,0.0023706034764676698,b,RRPV-BS
kde,,,1.1833730102063336,0.0023706034764676698,b,RRPV-BS
kde,,,1.187011357673812,0.0023706034764676698,b,RRPV-BS
kde,,,1.1906497051412903,0.0023706034764676698,b,RRPV-BS
kde,,,1.1942880526087678,0.0023706034764676698,b,RRPV-BS
kde,,,1.1979264000762462,0.0023706034764676698,b,RRPV-BS
kde,,,1.2015647475437246,0.0036874320040301,b,RRPV-BS
kde,,,1.205203095011203,0.0036874320040301,b,RRPV-BS
kde,,,1.2088414424786804,0.0036874320040301,b,RRPV-BS
kde,,,1.2124797899461588,0.0036874320040301,b,RRPV-BS
kde,,,1.2161181374136372,0.0036874320040301,b,RRPV-BS
kde,,,1.2197564848811155,0.0036874320040301,b,RRPV-BS
kde,,,1.223394832348594,0.0036874320040301,b,RRPV-BS
kde,,,1.2270331798160714,0.0036874320040301,b,RRPV-BS
kde,,,1.2306715272835498,0.0036874320040301,b,RRPV-BS
kde,,,1.2343098747510282,0.0036874320040301,b,RRPV-BS
kde,,,1.2379482222185065,0.0036874320040301,b,RRPV-BS
kde,,,1.241586569685984,0.0036874320040301,b,RRPV-BS
kde,,,1.2452249171534624,0.0036874320040301,b,RRPV-BS
kde,,,1.2488632646209408,0.0036874320040301,b,RRPV-BS
kde,,,1.2525016120884191,0.0036874320040301,b,RRPV-BS
kde,,,1.2561399595558975,0.0036874320040301,b,RRPV-BS
kde,,,1.259778307023375,0.0036874320040301,b,RRPV-BS
kde,,,1.2634166544908534,0.0036874320040301,b,RRPV-BS
kde,,,1.2670550019583318,0.0036874320040301,b,RRPV-BS
kde,,,1.2706933494258101,0.006321089059154961,b,RRPV-BS
kde,,,1.2743316968932876,0.006321089059154961,b,RRPV-BS
kde,,,1.277970044360766,0.006321089059154961,b,RRPV-BS
kde,,,1.2816083918282444,0.006321089059154961,b,RRPV-BS
kde,,,1.2852467392957228,0.006321089059154961,b,RRPV-BS
kde,,,1.2888850867632002,0.006321089059154961,b,RRPV-BS
kde,,,1.2925234342306786,0.006321089059154961,b,RRPV-BS
kde,,,1.296161781698157,0.006321089059154961,b,RRPV-BS
kde,,,1.2998001291656354,0.006321089059154961,b,RRPV-BS
kde,,,1.3034384766331137,0.0089547461142796,b,RRPV-BS
kde,,,1.3070768241005912,0.0089547461142796,b,RRPV-BS
kde,,,1.3107151715680696,0.0089547461142796,b,RRPV-BS
kde,,,1.314353519035548,0.0089547461142796,b,RRPV-BS
kde,,,1.3179918665030264,0.0089547461142796,b,RRPV-BS
kde,,,1.3216302139705038,0.0089547461142796,b,RRPV-BS
kde,,,1.3252685614379822,0.0089547461142796,b,RRPV-BS
kde,,,1.3289069089054606,0.011588403169404238,b,RRPV-BS
kde,,,1.332545256372939,0.011588403169404238,b,RRPV-BS
kde,,,1.3361836038404173,0.011588403169404238,b,RRPV-BS
kde,,,1.3398219513078948,0.011588403169404238,b,RRPV-BS
kde,,,1.3434602987753732,0.011588403169404238,b,RRPV-BS
kde,,,1.3470986462428516,0.012905231696966668,b,RRPV-BS
kde,,,1.35073699371033,0.014222060224529098,b,RRPV-BS
kde,,,1.3543753411778074,0.014222060224529098,b,RRPV-BS
kde,,,1.3580136886452858,0.014222060224529098,b,RRPV-BS
kde,,,1.3616520361127642,0.014222060224529098,b,RRPV-BS
kde,,,1.3652903835802426,0.016855717279653737,b,RRPV-BS
kde,,,1.36892873104772,0.016855717279653737,b,RRPV-BS
kde,,,1.3725670785151984,0.016855717279653737,b,RRPV-BS
kde,,,1.3762054259826768,0.016855717279653737,b,RRPV-BS
kde,,,1.3798437734501552,0.019489374334778375,b,RRPV-BS
kde,,,1.3834821209176336,0.019489374334778375,b,RRPV-BS
kde,,,1.387120468385111,0.019489374334778375,b,RRPV-BS
kde,,,1.3907588158525894,0.020806202862340806,b,RRPV-BS
kde,,,1.3943971633200678,0.022123031389903236,b,RRPV-BS
kde,,,1.3980355107875462,0.022123031389903236,b,RRPV-BS
kde,,,1.4016738582550237,0.022123031389903236,b,RRPV-BS
kde,,,1.405312205722502,0.024756688445027875,b,RRPV-BS
kde,,,1.4089505531899804,0.024756688445027875,b,RRPV-BS
kde,,,1.4125889006574588,0.026073516972590305,b,RRPV-BS
kde,,,1.4162272481249372,0.027390345500152735,b,RRPV-BS
kde,,,1.4198655955924147,0.027390345500152735,b,RRPV-BS
kde,,,1.423503943059893,0.028707174027714943,b,RRPV-BS
kde,,,1.4271422905273714,0.030024002555277374,b,RRPV-BS
kde,,,1.4307806379948498,0.031340831082839804,b,RRPV-BS
kde,,,1.4344189854623273,0.03265765961040201,b,RRPV-BS
kde,,,1.4380573329298056,0.03397448813796444,b,RRPV-BS
kde,,,1.441695680397284,0.03529131666552687,b,RRPV-BS
kde,,,1.4453340278647624,0.03660814519308908,b,RRPV-BS
kde,,,1.4489723753322399,0.03792497372065151,b,RRPV-BS
kde,,,1.4526107227997183,0.03792497372065151,b,RRPV-BS
kde,,,1.4562490702671966,0.04055863077577637,b,RRPV-BS
kde,,,1.459887417734675,0.04187545930333858,b,RRPV-BS
kde,,,1.4635257652021534,0.04319228783090101,b,RRPV-BS
kde,,,1.4671641126696309,0.04450911635846344,b,RRPV-BS
kde,,,1.4708024601371092,0.04582594488602565,b,RRPV-BS
kde,,,1.4744408076045876,0.04714277341358808,b,RRPV-BS
kde,,,1.478079155072066,0.04845960194115051,b,RRPV-BS
kde,,,1.4817175025395435,0.04977643046871272,b,RRPV-BS
kde,,,1.4853558500070219,0.05241008752383758,b,RRPV-BS
kde,,,1.4889941974745002,0.05372691605140001,b,RRPV-BS
kde,,,1.4926325449419786,0.05504374457896222,b,RRPV-BS
kde,,,1.496270892409457,0.05767740163408708,b,RRPV-BS
kde,,,1.4999092398769345,0.058994230161649286,b,RRPV-BS
kde,,,1.5035475873444129,0.060311058689211716,b,RRPV-BS
kde,,,1.5071859348118912,0.06294471574433635,b,RRPV-BS
kde,,,1.5108242822793696,0.06557837279946122,b,RRPV-BS
kde,,,1.514462629746847,0.06557837279946122,b,RRPV-BS
kde,,,1.5181009772143255,0.06821202985458585,b,RRPV-BS
kde,,,1.5217393246818038,0.07084568690971071,b,RRPV-BS
kde,,,1.5253776721492822,0.07347934396483535,b,RRPV-BS
kde,,,1.5290160196167597,0.07347934396483535,b,RRPV-BS
kde,,,1.532654367084238,0.07611300101995999,b,RRPV-BS
kde,,,1.5362927145517165,0.07874665807508485,b,RRPV-BS
kde,,,1.5399310620191948,0.08138031513020949,b,RRPV-BS
kde,,,1.5435694094866732,0.08401397218533413,b,RRPV-BS
kde,,,1.5472077569541507,0.08664762924045899,b,RRPV-BS
kde,,,1.550846104421629,0.08796445776802142,b,RRPV-BS
kde,,,1.5544844518891074,0.09059811482314606,b,RRPV-BS
kde,,,1.5581227993565858,0.0932317718782707,b,RRPV-BS
kde,,,1.5617611468240633,0.09454860040583313,b,RRPV-BS
kde,,,1.5653994942915417,0.09718225746095777,b,RRPV-BS
kde,,,1.56903784175902,0.09981591451608263,b,RRPV-BS
kde,,,1.5726761892264984,0.10244957157120727,b,RRPV-BS
kde,,,1.5763145366939768,0.10508322862633213,b,RRPV-BS
kde,,,1.5799528841614543,0.10771688568145676,b,RRPV-BS
kde,,,1.5835912316289327,0.1103505427365814,b,RRPV-BS
kde,,,1.587229579096411,0.11298419979170626,b,RRPV-BS
kde,,,1.5908679265638894,0.11693468537439333,b,RRPV-BS
kde,,,1.594506274031367,0.11956834242951797,b,RRPV-BS
kde,,,1.5981446214988453,0.12220199948464283,b,RRPV-BS
kde,,,1.6017829689663237,0.12483565653976747,b,RRPV-BS
kde,,,1.605421316433802,0.1274693135948921,b,RRPV-BS
kde,,,1.6090596639012795,0.13010297065001697,b,RRPV-BS
kde,,,1.612698011368758,0.1327366277051416,b,RRPV-BS
kde,,,1.6163363588362363,0.13537028476026647,b,RRPV-BS
kde,,,1.6199747063037147,0.1380039418153911,b,RRPV-BS
kde,,,1.623613053771193,0.1432712559256406,b,RRPV-BS
kde,,,1.6272514012386705,0.14590491298076524,b,RRPV-BS
kde,,,1.630889748706149,0.14853857003588988,b,RRPV-BS
kde,,,1.6345280961736273,0.15117222709101474,b,RRPV-BS
kde,,,1.6381664436411056,0.15380588414613938,b,RRPV-BS
kde,,,1.6418047911085831,0.15775636972882645,b,RRPV-BS
kde,,,1.6454431385760615,0.16170685531151352,b,RRPV-BS
kde,,,1.6490814860435399,0.16434051236663838,b,RRPV-BS
kde,,,1.6527198335110183,0.16697416942176302,b,RRPV-BS
kde,,,1.6563581809784966,0.16960782647688788,b,RRPV-BS
kde,,,1.6599965284459741,0.17355831205957495,b,RRPV-BS
kde,,,1.6636348759134525,0.17750879764226202,b,RRPV-BS
kde,,,1.6672732233809309,0.18014245469738666,b,RRPV-BS
kde,,,1.6709115708484092,0.18277611175251152,b,RRPV-BS
kde,,,1.6745499183158867,0.18672659733519859,b,RRPV-BS
kde,,,1.678188265783365,0.19067708291788565,b,RRPV-BS
kde,,,1.6818266132508435,0.1933107399730103,b,RRPV-BS
kde,,,1.6854649607183219,0.19594439702813493,b,RRPV-BS
kde,,,1.6891033081857993,0.19989488261082222,b,RRPV-BS
kde,,,1.6927416556532777,0.2038453681935093,b,RRPV-BS
kde,,,1.696380003120756,0.20647902524863393,b,RRPV-BS
kde,,,1.7000183505882345,0.20911268230375857,b,RRPV-BS
kde,,,1.7036566980557128,0.21306316788644586,b,RRPV-BS
kde,,,1.7072950455231903,0.21701365346913293,b,RRPV-BS
kde,,,1.7109333929906687,0.21964731052425757,b,RRPV-BS
kde,,,1.714571740458147,0.22359779610694464,b,RRPV-BS
kde,,,1.7182100879256255,0.2275482816896317,b,RRPV-BS
kde,,,1.721848435393103,0.23018193874475656,b,RRPV-BS
kde,,,1.7254867828605813,0.2328155957998812,b,RRPV-BS
kde,,,1.7291251303280597,0.23676608138256827,b,RRPV-BS
kde,,,1.732763477795538,0.24071656696525534,b,RRPV-BS
kde,,,1.7364018252630156,0.24335022402037998,b,RRPV-BS
kde,,,1.740040172730494,0.24598388107550484,b,RRPV-BS
kde,,,1.7436785201979723,0.2499343666581919,b,RRPV-BS
kde,,,1.7473168676654507,0.253884852240879,b,RRPV-BS
kde,,,1.750955215132929,0.2565185092960036,b,RRPV-BS
kde,,,1.7545935626004066,0.2591521663511285,b,RRPV-BS
kde,,,1.758231910067885,0.26310265193381555,b,RRPV-BS
kde,,,1.7618702575353633,0.2670531375165026,b,RRPV-BS
kde,,,1.7655086050028417,0.26968679457162725,b,RRPV-BS
kde,,,1.7691469524703192,0.2723204516267521,b,RRPV-BS
kde,,,1.7727852999377975,0.27495410868187675,b,RRPV-BS
kde,,,1.776423647405276,0.2775877657370016,b,RRPV-BS
kde,,,1.7800619948727543,0.2828550798472509,b,RRPV-BS
kde,,,1.7837003423402327,0.28548873690237575,b,RRPV-BS
kde,,,1.7873386898077102,0.2881223939575004,b,RRPV-BS
kde,,,1.7909770372751885,0.290756051012625,b,RRPV-BS
kde,,,1.794615384742667,0.2933897080677499,b,RRPV-BS
kde,,,1.7982537322101453,0.2960233651228745,b,RRPV-BS
kde,,,1.8018920796776228,0.2999738507055616,b,RRPV-BS
kde,,,1.8055304271451011,0.30392433628824866,b,RRPV-BS
kde,,,1.8091687746125795,0.3065579933433735,b,RRPV-BS
kde,,,1.812807122080058,0.30919165039849816,b,RRPV-BS
kde,,,1.8164454695475354,0.311825307453623,b,RRPV-BS
kde,,,1.8200838170150138,0.31445896450874766,b,RRPV-BS
kde,,,1.8237221644824921,0.3170926215638723,b,RRPV-BS
kde,,,1.8273605119499705,0.31972627861899716,b,RRPV-BS
kde,,,1.8309988594174489,0.3223599356741218,b,RRPV-BS
kde,,,1.8346372068849264,0.32499359272924666,b,RRPV-BS
kde,,,1.8382755543524048,0.3276272497843713,b,RRPV-BS
kde,,,1.8419139018198831,0.32894407831193373,b,RRPV-BS
kde,,,1.8455522492873615,0.33157773536705837,b,RRPV-BS
kde,,,1.849190596754839,0.334211392422183,b,RRPV-BS
kde,,,1.8528289442223174,0.33684504947730787,b,RRPV-BS
kde,,,1.8564672916897957,0.3394787065324325,b,RRPV-BS
kde,,,1.8601056391572741,0.34211236358755737,b,RRPV-BS
kde,,,1.8637439866247525,0.344746020642682,b,RRPV-BS
kde,,,1.86738233409223,0.34737967769780664,b,RRPV-BS
kde,,,1.8710206815597084,0.34737967769780664,b,RRPV-BS
kde,,,1.8746590290271867,0.3500133347529315,b,RRPV-BS
kde,,,1.878297376494665,0.35264699180805614,b,RRPV-BS
kde,,,1.8819357239621426,0.355280648863181,b,RRPV-BS
kde,,,1.885574071429621,0.3565974773907432,b,RRPV-BS
kde,,,1.8892124188970993,0.35791430591830564,b,RRPV-BS
kde,,,1.8928507663645777,0.3605479629734303,b,RRPV-BS
kde,,,1.8964891138320552,0.3618647915009927,b,RRPV-BS
kde,,,1.9001274612995336,0.36318162002855514,b,RRPV-BS
kde,,,1.903765808767012,0.3658152770836798,b,RRPV-BS
kde,,,1.9074041562344903,0.3671321056112422,b,RRPV-BS
kde,,,1.9110425037019687,0.3684489341388044,b,RRPV-BS
kde,,,1.9146808511694462,0.36976576266636685,b,RRPV-BS
kde,,,1.9183191986369246,0.3710825911939293,b,RRPV-BS
kde,,,1.921957546104403,0.3723994197214917,b,RRPV-BS
kde,,,1.9255958935718813,0.37503307677661635,b,RRPV-BS
kde,,,1.9292342410393588,0.37503307677661635,b,RRPV-BS
kde,,,1.9328725885068372,0.3763499053041788,b,RRPV-BS
kde,,,1.9365109359743156,0.377666733831741,b,RRPV-BS
kde,,,1.940149283441794,0.3789835623593034,b,RRPV-BS
kde,,,1.9437876309092723,0.38030039088686585,b,RRPV-BS
kde,,,1.9474259783767498,0.38030039088686585,b,RRPV-BS
kde,,,1.9510643258442282,0.3829340479419905,b,RRPV-BS
kde,,,1.9547026733117066,0.3829340479419905,b,RRPV-BS
kde,,,1.958341020779185,0.3829340479419905,b,RRPV-BS
kde,,,1.9619793682466624,0.3855677049971151,b,RRPV-BS
kde,,,1.9656177157141408,0.3855677049971151,b,RRPV-BS
kde,,,1.9692560631816192,0.3855677049971151,b,RRPV-BS
kde,,,1.9728944106490975,0.3855677049971151,b,RRPV-BS
kde,,,1.976532758116575,0.38688453352467755,b,RRPV-BS
kde,,,1.9801711055840534,0.38820136205224,b,RRPV-BS
kde,,,1.9838094530515318,0.38820136205224,b,RRPV-BS
kde,,,1.9874478005190102,0.38820136205224,b,RRPV-BS
kde,,,1.9910861479864885,0.38820136205224,b,RRPV-BS
kde,,,1.994724495453966,0.38820136205224,b,RRPV-BS
kde,,,1.9983628429214444,0.38820136205224,b,RRPV-BS
kde,,,2.0020011903889228,0.38820136205224,b,RRPV-BS
kde,,,2.005639537856401,0.38820136205224,b,RRPV-BS
kde,,,2.0092778853238786,0.38820136205224,b,RRPV-BS
kde,,,2.012916232791357,0.38820136205224,b,RRPV-BS
kde,,,2.0165545802588354,0.38820136205224,b,RRPV-BS
kde,,,2.0201929277263138,0.38820136205224,b,RRPV-BS
kde,,,2.023831275193792,0.38820136205224,b,RRPV-BS
kde,,,2.0274696226612696,0.38820136205224,b,RRPV-BS
kde,,,2.031107970128748,0.38820136205224,b,RRPV-BS
kde,,,2.0347463175962264,0.38820136205224,b,RRPV-BS
kde,,,2.0383846650637047,0.38820136205224,b,RRPV-BS
kde,,,2.0420230125311822,0.3855677049971151,b,RRPV-BS
kde,,,2.0456613599986606,0.3855677049971151,b,RRPV-BS
kde,,,2.049299707466139,0.3855677049971151,b,RRPV-BS
kde,,,2.0529380549336174,0.3855677049971151,b,RRPV-BS
kde,,,2.056576402401095,0.3855677049971151,b,RRPV-BS
kde,,,2.0602147498685732,0.3829340479419905,b,RRPV-BS
kde,,,2.0638530973360516,0.3829340479419905,b,RRPV-BS
kde,,,2.06749144480353,0.3829340479419905,b,RRPV-BS
kde,,,2.0711297922710084,0.38161721941442805,b,RRPV-BS
kde,,,2.074768139738486,0.38030039088686585,b,RRPV-BS
kde,,,2.078406487205964,0.38030039088686585,b,RRPV-BS
kde,,,2.0820448346734426,0.3789835623593034,b,RRPV-BS
kde,,,2.085683182140921,0.377666733831741,b,RRPV-BS
kde,,,2.0893215296083985,0.377666733831741,b,RRPV-BS
kde,,,2.092959877075877,0.37503307677661635,b,RRPV-BS
kde,,,2.096598224543355,0.37503307677661635,b,RRPV-BS
kde,,,2.1002365720108336,0.3737162482490539,b,RRPV-BS
kde,,,2.103874919478312,0.3723994197214917,b,RRPV-BS
kde,,,2.1075132669457894,0.3723994197214917,b,RRPV-BS
kde,,,2.111151614413268,0.36976576266636685,b,RRPV-BS
kde,,,2.114789961880746,0.36976576266636685,b,RRPV-BS
kde,,,2.1184283093482246,0.3684489341388044,b,RRPV-BS
kde,,,2.122066656815702,0.3671321056112422,b,RRPV-BS
kde,,,2.1257050042831804,0.3658152770836798,b,RRPV-BS
kde,,,2.129343351750659,0.36449844855611735,b,RRPV-BS
kde,,,2.132981699218137,0.36318162002855514,b,RRPV-BS
kde,,,2.1366200466856147,0.3618647915009927,b,RRPV-BS
kde,,,2.140258394153093,0.3605479629734303,b,RRPV-BS
kde,,,2.1438967416205714,0.35923113444586807,b,RRPV-BS
kde,,,2.14753508908805,0.35791430591830564,b,RRPV-BS
kde,,,2.151173436555528,0.3565974773907432,b,RRPV-BS
kde,,,2.1548117840230057,0.355280648863181,b,RRPV-BS
kde,,,2.158450131490484,0.3539638203356186,b,RRPV-BS
kde,,,2.1620884789579624,0.35264699180805614,b,RRPV-BS
kde,,,2.165726826425441,0.3513301632804937,b,RRPV-BS
kde,,,2.1693651738929183,0.3500133347529315,b,RRPV-BS
kde,,,2.1730035213603967,0.3486965062253691,b,RRPV-BS
kde,,,2.176641868827875,0.34737967769780664,b,RRPV-BS
kde,,,2.1802802162953534,0.34606284917024444,b,RRPV-BS
kde,,,2.1839185637628318,0.344746020642682,b,RRPV-BS
kde,,,2.1875569112303093,0.3434291921151196,b,RRPV-BS
kde,,,2.1911952586977876,0.34211236358755737,b,RRPV-BS
kde,,,2.194833606165266,0.34079553505999494,b,RRPV-BS
kde,,,2.1984719536327444,0.3394787065324325,b,RRPV-BS
kde,,,2.202110301100222,0.3381618780048701,b,RRPV-BS
kde,,,2.2057486485677003,0.33684504947730787,b,RRPV-BS
kde,,,2.2093869960351786,0.33552822094974544,b,RRPV-BS
kde,,,2.213025343502657,0.334211392422183,b,RRPV-BS
kde,,,2.2166636909701345,0.3328945638946208,b,RRPV-BS
kde,,,2.220302038437613,0.3328945638946208,b,RRPV-BS
kde,,,2.2239403859050912,0.33026090683949594,b,RRPV-BS
kde,,,2.2275787333725696,0.33026090683949594,b,RRPV-BS
kde,,,2.231217080840048,0.32894407831193373,b,RRPV-BS
kde,,,2.2348554283075255,0.3276272497843713,b,RRPV-BS
kde,,,2.238493775775004,0.32631042125680887,b,RRPV-BS
kde,,,2.2421321232424822,0.32499359272924666,b,RRPV-BS
kde,,,2.2457704707099606,0.32499359272924666,b,RRPV-BS
kde,,,2.249408818177438,0.32367676420168423,b,RRPV-BS
kde,,,2.2530471656449165,0.3223599356741218,b,RRPV-BS
kde,,,2.256685513112395,0.3223599356741218,b,RRPV-BS
kde,,,2.2603238605798732,0.31972627861899716,b,RRPV-BS
kde,,,2.2639622080473516,0.31972627861899716,b,RRPV-BS
kde,,,2.267600555514829,0.31972627861899716,b,RRPV-BS
kde,,,2.2712389029823075,0.3170926215638723,b,RRPV-BS
kde,,,2.274877250449786,0.3170926215638723,b,RRPV-BS
kde,,,2.278515597917264,0.3170926215638723,b,RRPV-BS
kde,,,2.2821539453847417,0.3157757930363101,b,RRPV-BS
kde,,,2.28579229285222,0.31445896450874766,b,RRPV-BS
kde,,,2.2894306403196985,0.31445896450874766,b,RRPV-BS
kde,,,2.293068987787177,0.31445896450874766,b,RRPV-BS
kde,,,2.2967073352546543,0.31314213598118523,b,RRPV-BS
kde,,,2.3003456827221327,0.311825307453623,b,RRPV-BS
kde,,,2.303984030189611,0.311825307453623,b,RRPV-BS
kde,,,2.3076223776570894,0.311825307453623,b,RRPV-BS
kde,,,2.311260725124568,0.311825307453623,b,RRPV-BS
kde,,,2.3148990725920453,0.311825307453623,b,RRPV-BS
kde,,,2.3185374200595237,0.30919165039849816,b,RRPV-BS
kde,,,2.322175767527002,0.30919165039849816,b,RRPV-BS
kde,,,2.3258141149944804,0.30919165039849816,b,RRPV-BS
kde,,,2.329452462461958,0.30919165039849816,b,RRPV-BS
kde,,,2.3330908099294363,0.30919165039849816,b,RRPV-BS
kde,,,2.3367291573969147,0.30919165039849816,b,RRPV-BS
kde,,,2.340367504864393,0.30919165039849816,b,RRPV-BS
kde,,,2.3440058523318705,0.30919165039849816,b,RRPV-BS
kde,,,2.347644199799349,0.30919165039849816,b,RRPV-BS
kde,,,2.3512825472668273,0.30919165039849816,b,RRPV-BS
kde,,,2.3549208947343057,0.30919165039849816,b,RRPV-BS
kde,,,2.358559242201784,0.30919165039849816,b,RRPV-BS
kde,,,2.3621975896692615,0.30919165039849816,b,RRPV-BS
kde,,,2.36583593713674,0.30919165039849816,b,RRPV-BS
kde,,,2.3694742846042183,0.30919165039849816,b,RRPV-BS
kde,,,2.3731126320716966,0.30919165039849816,b,RRPV-BS
kde,,,2.376750979539174,0.30919165039849816,b,RRPV-BS
kde,,,2.3803893270066525,0.30919165039849816,b,RRPV-BS
kde,,,2.384027674474131,0.30919165039849816,b,RRPV-BS
kde,,,2.3876660219416093,0.30919165039849816,b,RRPV-BS
kde,,,2.3913043694090876,0.30919165039849816,b,RRPV-BS
kde,,,2.394942716876565,0.30919165039849816,b,RRPV-BS
kde,,,2.3985810643440435,0.311825307453623,b,RRPV-BS
kde,,,2.402219411811522,0.311825307453623,b,RRPV-BS
kde,,,2.4058577592790003,0.311825307453623,b,RRPV-BS
kde,,,2.4094961067464777,0.311825307453623,b,RRPV-BS
kde,,,2.413134454213956,0.311825307453623,b,RRPV-BS
kde,,,2.4167728016814345,0.311825307453623,b,RRPV-BS
kde,,,2.420411149148913,0.31445896450874766,b,RRPV-BS
kde,,,2.4240494966163904,0.31445896450874766,b,RRPV-BS
kde,,,2.4276878440838687,0.31445896450874766,b,RRPV-BS
kde,,,2.431326191551347,0.31445896450874766,b,RRPV-BS
kde,,,2.4349645390188255,0.3170926215638723,b,RRPV-BS
kde,,,2.438602886486304,0.3170926215638723,b,RRPV-BS
kde,,,2.4422412339537813,0.3170926215638723,b,RRPV-BS
kde,,,2.4458795814212597,0.3170926215638723,b,RRPV-BS
kde,,,2.449517928888738,0.31972627861899716,b,RRPV-BS
kde,,,2.4531562763562165,0.31972627861899716,b,RRPV-BS
kde,,,2.456794623823694,0.31972627861899716,b,RRPV-BS
kde,,,2.4604329712911723,0.3223599356741218,b,RRPV-BS
kde,,,2.4640713187586507,0.3223599356741218,b,RRPV-BS
kde,,,2.467709666226129,0.3223599356741218,b,RRPV-BS
kde,,,2.4713480136936075,0.32367676420168423,b,RRPV-BS
kde,,,2.474986361161085,0.32499359272924666,b,RRPV-BS
kde,,,2.4786247086285633,0.32499359272924666,b,RRPV-BS
kde,,,2.4822630560960417,0.3276272497843713,b,RRPV-BS
kde,,,2.48590140356352,0.3276272497843713,b,RRPV-BS
kde,,,2.4895397510309976,0.32894407831193373,b,RRPV-BS
kde,,,2.493178098498476,0.33026090683949594,b,RRPV-BS
kde,,,2.4968164459659543,0.33026090683949594,b,RRPV-BS
kde,,,2.5004547934334327,0.3328945638946208,b,RRPV-BS
kde,,,2.50409314090091,0.3328945638946208,b,RRPV-BS
kde,,,2.5077314883683886,0.334211392422183,b,RRPV-BS
kde,,,2.511369835835867,0.33552822094974544,b,RRPV-BS
kde,,,2.5150081833033453,0.33684504947730787,b,RRPV-BS
kde,,,2.5186465307708237,0.3381618780048701,b,RRPV-BS
kde,,,2.522284878238301,0.3394787065324325,b,RRPV-BS
kde,,,2.5259232257057795,0.34079553505999494,b,RRPV-BS
kde,,,2.529561573173258,0.34211236358755737,b,RRPV-BS
kde,,,2.5331999206407363,0.3434291921151196,b,RRPV-BS
kde,,,2.536838268108214,0.344746020642682,b,RRPV-BS
kde,,,2.540476615575692,0.34606284917024444,b,RRPV-BS
kde,,,2.5441149630431705,0.34737967769780664,b,RRPV-BS
kde,,,2.547753310510649,0.3486965062253691,b,RRPV-BS
kde,,,2.5513916579781273,0.3500133347529315,b,RRPV-BS
kde,,,2.5550300054456048,0.35264699180805614,b,RRPV-BS
kde,,,2.558668352913083,0.3539638203356186,b,RRPV-BS
kde,,,2.5623067003805615,0.355280648863181,b,RRPV-BS
kde,,,2.56594504784804,0.3565974773907432,b,RRPV-BS
kde,,,2.5695833953155174,0.35791430591830564,b,RRPV-BS
kde,,,2.5732217427829958,0.3605479629734303,b,RRPV-BS
kde,,,2.576860090250474,0.3618647915009927,b,RRPV-BS
kde,,,2.5804984377179525,0.36318162002855514,b,RRPV-BS
kde,,,2.58413678518543,0.3658152770836798,b,RRPV-BS
kde,,,2.5877751326529084,0.3671321056112422,b,RRPV-BS
kde,,,2.5914134801203867,0.3684489341388044,b,RRPV-BS
kde,,,2.595051827587865,0.3710825911939293,b,RRPV-BS
kde,,,2.5986901750553435,0.3737162482490539,b,RRPV-BS
kde,,,2.602328522522821,0.3737162482490539,b,RRPV-BS
kde,,,2.6059668699902994,0.3763499053041788,b,RRPV-BS
kde,,,2.6096052174577777,0.3789835623593034,b,RRPV-BS
kde,,,2.613243564925256,0.38161721941442805,b,RRPV-BS
kde,,,2.6168819123927336,0.38161721941442805,b,RRPV-BS
kde,,,2.620520259860212,0.3842508764695529,b,RRPV-BS
kde,,,2.6241586073276904,0.38688453352467755,b,RRPV-BS
kde,,,2.6277969547951687,0.3895181905798024,b,RRPV-BS
kde,,,2.631435302262647,0.39215184763492705,b,RRPV-BS
kde,,,2.6350736497301246,0.3934686761624895,b,RRPV-BS
kde,,,2.638711997197603,0.3947855046900517,b,RRPV-BS
kde,,,2.6423503446650813,0.39741916174517655,b,RRPV-BS
kde,,,2.6459886921325597,0.4000528188003012,b,RRPV-BS
kde,,,2.649627039600037,0.40268647585542605,b,RRPV-BS
kde,,,2.6532653870675156,0.4053201329105507,b,RRPV-BS
kde,,,2.656903734534994,0.40795378996567533,b,RRPV-BS
kde,,,2.6605420820024723,0.4105874470208002,b,RRPV-BS
kde,,,2.66418042946995,0.4132211040759248,b,RRPV-BS
kde,,,2.667818776937428,0.41453793260348726,b,RRPV-BS
kde,,,2.6714571244049066,0.4171715896586119,b,RRPV-BS
kde,,,2.675095471872385,0.41980524671373676,b,RRPV-BS
kde,,,2.6787338193398633,0.4224389037688614,b,RRPV-BS
kde,,,2.682372166807341,0.42507256082398603,b,RRPV-BS
kde,,,2.686010514274819,0.4277062178791109,b,RRPV-BS
kde,,,2.6896488617422976,0.43033987493423553,b,RRPV-BS
kde,,,2.693287209209776,0.43297353198936017,b,RRPV-BS
kde,,,2.6969255566772534,0.43560718904448503,b,RRPV-BS
kde,,,2.700563904144732,0.43824084609960967,b,RRPV-BS
kde,,,2.70420225161221,0.44087450315473453,b,RRPV-BS
kde,,,2.7078405990796885,0.4448249887374216,b,RRPV-BS
kde,,,2.711478946547167,0.44745864579254624,b,RRPV-BS
kde,,,2.7151172940146444,0.4514091313752333,b,RRPV-BS
kde,,,2.718755641482123,0.45404278843035817,b,RRPV-BS
kde,,,2.722393988949601,0.4566764454854828,b,RRPV-BS
kde,,,2.7260323364170795,0.45931010254060745,b,RRPV-BS
kde,,,2.729670683884557,0.4619437595957323,b,RRPV-BS
kde,,,2.7333090313520354,0.46457741665085694,b,RRPV-BS
kde,,,2.7369473788195138,0.4672110737059818,b,RRPV-BS
kde,,,2.740585726286992,0.46984473076110644,b,RRPV-BS
kde,,,2.7442240737544696,0.47511204487135594,b,RRPV-BS
kde,,,2.747862421221948,0.4777457019264806,b,RRPV-BS
kde,,,2.7515007686894264,0.4803793589816052,b,RRPV-BS
kde,,,2.7551391161569048,0.4830130160367301,b,RRPV-BS
kde,,,2.758777463624383,0.4856466730918547,b,RRPV-BS
kde,,,2.7624158110918606,0.4882803301469796,b,RRPV-BS
kde,,,2.766054158559339,0.4909139872021042,b,RRPV-BS
kde,,,2.7696925060268174,0.4961813013123537,b,RRPV-BS
kde,,,2.7733308534942958,0.49881495836747836,b,RRPV-BS
kde,,,2.7769692009617732,0.5014486154226032,b,RRPV-BS
kde,,,2.7806075484292516,0.5040822724777279,b,RRPV-BS
kde,,,2.78424589589673,0.5067159295328525,b,RRPV-BS
kde,,,2.7878842433642084,0.5093495865879774,b,RRPV-BS
kde,,,2.7915225908316867,0.5146169006982269,b,RRPV-BS
kde,,,2.7951609382991642,0.5172505577533515,b,RRPV-BS
kde,,,2.7987992857666426,0.5198842148084761,b,RRPV-BS
kde,,,2.802437633234121,0.522517871863601,b,RRPV-BS
kde,,,2.8060759807015994,0.5251515289187256,b,RRPV-BS
kde,,,2.809714328169077,0.5277851859738503,b,RRPV-BS
kde,,,2.8133526756365552,0.5304188430289751,b,RRPV-BS
kde,,,2.8169910231040336,0.5343693286116622,b,RRPV-BS
kde,,,2.820629370571512,0.5370029856667868,b,RRPV-BS
kde,,,2.8242677180389895,0.5409534712494739,b,RRPV-BS
kde,,,2.827906065506468,0.5435871283045988,b,RRPV-BS
kde,,,2.831544412973946,0.5462207853597234,b,RRPV-BS
kde,,,2.8351827604414246,0.5488544424148483,b,RRPV-BS
kde,,,2.838821107908903,0.5514880994699729,b,RRPV-BS
kde,,,2.8424594553763805,0.5541217565250975,b,RRPV-BS
kde,,,2.846097802843859,0.5567554135802224,b,RRPV-BS
kde,,,2.849736150311337,0.559389070635347,b,RRPV-BS
kde,,,2.8533744977788156,0.5620227276904719,b,RRPV-BS
kde,,,2.857012845246293,0.5646563847455965,b,RRPV-BS
kde,,,2.8606511927137714,0.565973213273159,b,RRPV-BS
kde,,,2.86428954018125,0.5686068703282836,b,RRPV-BS
kde,,,2.867927887648728,0.5712405273834082,b,RRPV-BS
kde,,,2.8715662351162066,0.5738741844385331,b,RRPV-BS
kde,,,2.875204582583684,0.5765078414936577,b,RRPV-BS
kde,,,2.8788429300511624,0.5791414985487826,b,RRPV-BS
kde,,,2.882481277518641,0.5817751556039072,b,RRPV-BS
kde,,,2.886119624986119,0.5817751556039072,b,RRPV-BS
kde,,,2.8897579724535967,0.5844088126590319,b,RRPV-BS
kde,,,2.893396319921075,0.5870424697141567,b,RRPV-BS
kde,,,2.8970346673885534,0.588359298241719,b,RRPV-BS
kde,,,2.900673014856032,0.5896761267692814,b,RRPV-BS
kde,,,2.9043113623235093,0.592309783824406,b,RRPV-BS
kde,,,2.9079497097909877,0.5936266123519685,b,RRPV-BS
kde,,,2.911588057258466,0.5949434408795309,b,RRPV-BS
kde,,,2.9152264047259444,0.5962602694070933,b,RRPV-BS
kde,,,2.918864752193423,0.598893926462218,b,RRPV-BS
kde,,,2.9225030996609003,0.6002107549897804,b,RRPV-BS
kde,,,2.9261414471283786,0.6015275835173426,b,RRPV-BS
kde,,,2.929779794595857,0.6015275835173426,b,RRPV-BS
kde,,,2.9334181420633354,0.6041612405724675,b,RRPV-BS
kde,,,2.937056489530813,0.6041612405724675,b,RRPV-BS
kde,,,2.9406948369982913,0.6041612405724675,b,RRPV-BS
kde,,,2.9443331844657696,0.6067948976275921,b,RRPV-BS
kde,,,2.947971531933248,0.6067948976275921,b,RRPV-BS
kde,,,2.9516098794007264,0.6067948976275921,b,RRPV-BS
kde,,,2.955248226868204,0.609428554682717,b,RRPV-BS
kde,,,2.9588865743356823,0.609428554682717,b,RRPV-BS
kde,,,2.9625249218031606,0.609428554682717,b,RRPV-BS
kde,,,2.966163269270639,0.609428554682717,b,RRPV-BS
kde,,,2.9698016167381165,0.609428554682717,b,RRPV-BS
kde,,,2.973439964205595,0.609428554682717,b,RRPV-BS
kde,,,2.9770783116730732,0.609428554682717,b,RRPV-BS
kde,,,2.9807166591405516,0.609428554682717,b,RRPV-BS
kde,,,2.984355006608029,0.609428554682717,b,RRPV-BS
kde,,,2.9879933540755075,0.609428554682717,b,RRPV-BS
kde,,,2.991631701542986,0.609428554682717,b,RRPV-BS
kde,,,2.9952700490104642,0.609428554682717,b,RRPV-BS
kde,,,2.9989083964779426,0.609428554682717,b,RRPV-BS
kde,,,3.00254674394542,0.6067948976275921,b,RRPV-BS
kde,,,3.0061850914128985,0.6067948976275921,b,RRPV-BS
kde,,,3.009823438880377,0.6067948976275921,b,RRPV-BS
kde,,,3.013461786347855,0.6067948976275921,b,RRPV-BS
kde,,,3.0171001338153327,0.6041612405724675,b,RRPV-BS
kde,,,3.020738481282811,0.6041612405724675,b,RRPV-BS
kde,,,3.0243768287502895,0.602844412044905,b,RRPV-BS
kde,,,3.028015176217768,0.6015275835173426,b,RRPV-BS
kde,,,3.0316535236852453,0.6002107549897804,b,RRPV-BS
kde,,,3.0352918711527237,0.598893926462218,b,RRPV-BS
kde,,,3.038930218620202,0.5975770979346555,b,RRPV-BS
kde,,,3.0425685660876804,0.5962602694070933,b,RRPV-BS
kde,,,3.046206913555159,0.5949434408795309,b,RRPV-BS
kde,,,3.0498452610226363,0.592309783824406,b,RRPV-BS
kde,,,3.0534836084901147,0.5909929552968438,b,RRPV-BS
kde,,,3.057121955957593,0.5896761267692814,b,RRPV-BS
kde,,,3.0607603034250714,0.5870424697141567,b,RRPV-BS
kde,,,3.064398650892549,0.5857256411865943,b,RRPV-BS
kde,,,3.0680369983600273,0.5844088126590319,b,RRPV-BS
kde,,,3.0716753458275057,0.5817751556039072,b,RRPV-BS
kde,,,3.075313693294984,0.5791414985487826,b,RRPV-BS
kde,,,3.0789520407624624,0.5765078414936577,b,RRPV-BS
kde,,,3.08259038822994,0.5751910129660953,b,RRPV-BS
kde,,,3.0862287356974183,0.5738741844385331,b,RRPV-BS
kde,,,3.0898670831648967,0.5712405273834082,b,RRPV-BS
kde,,,3.093505430632375,0.5686068703282836,b,RRPV-BS
kde,,,3.0971437780998525,0.565973213273159,b,RRPV-BS
kde,,,3.100782125567331,0.5633395562180341,b,RRPV-BS
kde,,,3.1044204730348093,0.5607058991629095,b,RRPV-BS
kde,,,3.1080588205022877,0.5580722421077846,b,RRPV-BS
kde,,,3.111697167969765,0.5567554135802224,b,RRPV-BS
kde,,,3.1153355154372435,0.5541217565250975,b,RRPV-BS
kde,,,3.118973862904722,0.5514880994699729,b,RRPV-BS
kde,,,3.1226122103722003,0.5488544424148483,b,RRPV-BS
kde,,,3.1262505578396786,0.5462207853597234,b,RRPV-BS
kde,,,3.129888905307156,0.5435871283045988,b,RRPV-BS
kde,,,3.1335272527746345,0.5409534712494739,b,RRPV-BS
kde,,,3.137165600242113,0.5383198141943493,b,RRPV-BS
kde,,,3.1408039477095913,0.5356861571392246,b,RRPV-BS
kde,,,3.1444422951770687,0.5330525000840998,b,RRPV-BS
kde,,,3.148080642644547,0.5304188430289751,b,RRPV-BS
kde,,,3.1517189901120255,0.5277851859738503,b,RRPV-BS
kde,,,3.155357337579504,0.5251515289187256,b,RRPV-BS
kde,,,3.1589956850469822,0.522517871863601,b,RRPV-BS
kde,,,3.1626340325144597,0.5198842148084761,b,RRPV-BS
kde,,,3.166272379981938,0.5172505577533515,b,RRPV-BS
kde,,,3.1699107274494165,0.5146169006982269,b,RRPV-BS
kde,,,3.173549074916895,0.5133000721706644,b,RRPV-BS
kde,,,3.1771874223843724,0.5106664151155396,b,RRPV-BS
kde,,,3.1808257698518507,0.5080327580604149,b,RRPV-BS
kde,,,3.184464117319329,0.5053991010052903,b,RRPV-BS
kde,,,3.1881024647868075,0.5027654439501654,b,RRPV-BS
kde,,,3.191740812254285,0.5001317868950408,b,RRPV-BS
kde,,,3.1953791597217633,0.4974981298399159,b,RRPV-BS
kde,,,3.1990175071892417,0.4974981298399159,b,RRPV-BS
kde,,,3.20265585465672,0.4948644727847913,b,RRPV-BS
kde,,,3.2062942021241985,0.49223081572966665,b,RRPV-BS
kde,,,3.209932549591676,0.4895971586745418,b,RRPV-BS
kde,,,3.2135708970591543,0.4895971586745418,b,RRPV-BS
kde,,,3.2172092445266327,0.48696350161941715,b,RRPV-BS
kde,,,3.220847591994111,0.4843298445642925,b,RRPV-BS
kde,,,3.2244859394615886,0.4830130160367301,b,RRPV-BS
kde,,,3.228124286929067,0.48169618750916765,b,RRPV-BS
kde,,,3.2317626343965453,0.4803793589816052,b,RRPV-BS
kde,,,3.2354009818640237,0.4777457019264806,b,RRPV-BS
kde,,,3.239039329331502,0.47642887339891815,b,RRPV-BS
kde,,,3.2426776767989796,0.47511204487135594,b,RRPV-BS
kde,,,3.246316024266458,0.47511204487135594,b,RRPV-BS
kde,,,3.2499543717339363,0.4724783878162311,b,RRPV-BS
kde,,,3.2535927192014147,0.4724783878162311,b,RRPV-BS
kde,,,3.257231066668892,0.4724783878162311,b,RRPV-BS
kde,,,3.2608694141363705,0.46984473076110644,b,RRPV-BS
kde,,,3.264507761603849,0.46984473076110644,b,RRPV-BS
kde,,,3.2681461090713273,0.46984473076110644,b,RRPV-BS
kde,,,3.271784456538805,0.46984473076110644,b,RRPV-BS
kde,,,3.275422804006283,0.4672110737059818,b,RRPV-BS
kde,,,3.2790611514737615,0.4672110737059818,b,RRPV-BS
kde,,,3.28269949894124,0.4672110737059818,b,RRPV-BS
kde,,,3.2863378464087183,0.4672110737059818,b,RRPV-BS
kde,,,3.2899761938761958,0.4672110737059818,b,RRPV-BS
kde,,,3.293614541343674,0.4672110737059818,b,RRPV-BS
kde,,,3.2972528888111525,0.4672110737059818,b,RRPV-BS
kde,,,3.300891236278631,0.4672110737059818,b,RRPV-BS
kde,,,3.3045295837461084,0.46984473076110644,b,RRPV-BS
kde,,,3.3081679312135868,0.46984473076110644,b,RRPV-BS
kde,,,3.311806278681065,0.46984473076110644,b,RRPV-BS
kde,,,3.3154446261485435,0.46984473076110644,b,RRPV-BS
kde,,,3.319082973616022,0.4724783878162311,b,RRPV-BS
kde,,,3.3227213210834994,0.4724783878162311,b,RRPV-BS
kde,,,3.3263596685509778,0.4724783878162311,b,RRPV-BS
kde,,,3.329998016018456,0.47511204487135594,b,RRPV-BS
kde,,,3.3336363634859345,0.47511204487135594,b,RRPV-BS
kde,,,3.337274710953412,0.4777457019264806,b,RRPV-BS
kde,,,3.3409130584208904,0.479062530454043,b,RRPV-BS
kde,,,3.3445514058883687,0.4803793589816052,b,RRPV-BS
kde,,,3.348189753355847,0.48169618750916765,b,RRPV-BS
kde,,,3.3518281008233246,0.4843298445642925,b,RRPV-BS
kde,,,3.355466448290803,0.4843298445642925,b,RRPV-BS
kde,,,3.3591047957582814,0.48696350161941715,b,RRPV-BS
kde,,,3.3627431432257597,0.4895971586745418,b,RRPV-BS
kde,,,3.366381490693238,0.49223081572966665,b,RRPV-BS
kde,,,3.3700198381607156,0.49223081572966665,b,RRPV-BS
kde,,,3.373658185628194,0.4948644727847913,b,RRPV-BS
kde,,,3.3772965330956723,0.4974981298399159,b,RRPV-BS
kde,,,3.3809348805631507,0.5001317868950408,b,RRPV-BS
kde,,,3.384573228030628,0.5027654439501654,b,RRPV-BS
kde,,,3.3882115754981066,0.5053991010052903,b,RRPV-BS
kde,,,3.391849922965585,0.5067159295328525,b,RRPV-BS
kde,,,3.3954882704330633,0.5093495865879774,b,RRPV-BS
kde,,,3.3991266179005417,0.511983243643102,b,RRPV-BS
kde,,,3.402764965368019,0.5146169006982269,b,RRPV-BS
kde,,,3.4064033128354976,0.5172505577533515,b,RRPV-BS
kde,,,3.410041660302976,0.5198842148084761,b,RRPV-BS
kde,,,3.4136800077704543,0.522517871863601,b,RRPV-BS
kde,,,3.417318355237932,0.5251515289187256,b,RRPV-BS
kde,,,3.42095670270541,0.5277851859738503,b,RRPV-BS
kde,,,3.4245950501728886,0.5304188430289751,b,RRPV-BS
kde,,,3.428233397640367,0.5343693286116622,b,RRPV-BS
kde,,,3.4318717451078444,0.5356861571392246,b,RRPV-BS
kde,,,3.435510092575323,0.5396366427219117,b,RRPV-BS
kde,,,3.439148440042801,0.5422702997770363,b,RRPV-BS
kde,,,3.4427867875102796,0.544903956832161,b,RRPV-BS
kde,,,3.446425134977758,0.5475376138872858,b,RRPV-BS
kde,,,3.4500634824452354,0.5501712709424105,b,RRPV-BS
kde,,,3.453701829912714,0.5541217565250975,b,RRPV-BS
kde,,,3.457340177380192,0.55543858505266,b,RRPV-BS
kde,,,3.4609785248476705,0.559389070635347,b,RRPV-BS
kde,,,3.464616872315148,0.5607058991629095,b,RRPV-BS
kde,,,3.4682552197826264,0.5633395562180341,b,RRPV-BS
kde,,,3.471893567250105,0.565973213273159,b,RRPV-BS
kde,,,3.475531914717583,0.5686068703282836,b,RRPV-BS
kde,,,3.4791702621850615,0.5712405273834082,b,RRPV-BS
kde,,,3.482808609652539,0.5738741844385331,b,RRPV-BS
kde,,,3.4864469571200174,0.5765078414936577,b,RRPV-BS
kde,,,3.4900853045874958,0.5778246700212202,b,RRPV-BS
kde,,,3.493723652054974,0.5791414985487826,b,RRPV-BS
kde,,,3.4973619995224516,0.5817751556039072,b,RRPV-BS
kde,,,3.50100034698993,0.5844088126590319,b,RRPV-BS
kde,,,3.5046386944574084,0.5857256411865943,b,RRPV-BS
kde,,,3.5082770419248868,0.5870424697141567,b,RRPV-BS
kde,,,3.5119153893923643,0.5896761267692814,b,RRPV-BS
kde,,,3.5155537368598426,0.5909929552968438,b,RRPV-BS
kde,,,3.519192084327321,0.592309783824406,b,RRPV-BS
kde,,,3.5228304317947994,0.5936266123519685,b,RRPV-BS
kde,,,3.5264687792622778,0.5949434408795309,b,RRPV-BS
kde,,,3.5301071267297552,0.5962602694070933,b,RRPV-BS
kde,,,3.5337454741972336,0.5962602694070933,b,RRPV-BS
kde,,,3.537383821664712,0.5975770979346555,b,RRPV-BS
kde,,,3.5410221691321904,0.598893926462218,b,RRPV-BS
kde,,,3.544660516599668,0.598893926462218,b,RRPV-BS
kde,,,3.5482988640671462,0.598893926462218,b,RRPV-BS
kde,,,3.5519372115346246,0.598893926462218,b,RRPV-BS
kde,,,3.555575559002103,0.598893926462218,b,RRPV-BS
kde,,,3.5592139064695814,0.598893926462218,b,RRPV-BS
kde,,,3.562852253937059,0.598893926462218,b,RRPV-BS
kde,,,3.566490601404537,0.598893926462218,b,RRPV-BS
kde,,,3.5701289488720156,0.598893926462218,b,RRPV-BS
kde,,,3.573767296339494,0.598893926462218,b,RRPV-BS
kde,,,3.5774056438069715,0.598893926462218,b,RRPV-BS
kde,,,3.58104399127445,0.5962602694070933,b,RRPV-BS
kde,,,3.584682338741928,0.5962602694070933,b,RRPV-BS
kde,,,3.5883206862094066,0.5949434408795309,b,RRPV-BS
kde,,,3.591959033676884,0.5936266123519685,b,RRPV-BS
kde,,,3.5955973811443624,0.592309783824406,b,RRPV-BS
kde,,,3.599235728611841,0.5909929552968438,b,RRPV-BS
kde,,,3.602874076079319,0.5896761267692814,b,RRPV-BS
kde,,,3.6065124235467976,0.5870424697141567,b,RRPV-BS
kde,,,3.610150771014275,0.5844088126590319,b,RRPV-BS
kde,,,3.6137891184817534,0.5817751556039072,b,RRPV-BS
kde,,,3.617427465949232,0.5804583270763448,b,RRPV-BS
kde,,,3.62106581341671,0.5778246700212202,b,RRPV-BS
kde,,,3.6247041608841877,0.5751910129660953,b,RRPV-BS
kde,,,3.628342508351666,0.5725573559109707,b,RRPV-BS
kde,,,3.6319808558191444,0.569923698855846,b,RRPV-BS
kde,,,3.635619203286623,0.5672900418007212,b,RRPV-BS
kde,,,3.6392575507541003,0.5633395562180341,b,RRPV-BS
kde,,,3.6428958982215787,0.559389070635347,b,RRPV-BS
kde,,,3.646534245689057,0.5567554135802224,b,RRPV-BS
kde,,,3.6501725931565354,0.5528049279975353,b,RRPV-BS
kde,,,3.653810940624014,0.5475376138872858,b,RRPV-BS
kde,,,3.6574492880914913,0.544903956832161,b,RRPV-BS
kde,,,3.6610876355589697,0.5409534712494739,b,RRPV-BS
kde,,,3.664725983026448,0.5370029856667868,b,RRPV-BS
kde,,,3.6683643304939264,0.5330525000840998,b,RRPV-BS
kde,,,3.672002677961404,0.5277851859738503,b,RRPV-BS
kde,,,3.6756410254288823,0.5238347003911632,b,RRPV-BS
kde,,,3.6792793728963606,0.5198842148084761,b,RRPV-BS
kde,,,3.682917720363839,0.5146169006982269,b,RRPV-BS
kde,,,3.6865560678313174,0.5093495865879774,b,RRPV-BS
kde,,,3.690194415298795,0.5040822724777279,b,RRPV-BS
kde,,,3.6938327627662733,0.49881495836747836,b,RRPV-BS
kde,,,3.6974711102337516,0.4948644727847913,b,RRPV-BS
kde,,,3.70110945770123,0.4895971586745418,b,RRPV-BS
kde,,,3.7047478051687075,0.4843298445642925,b,RRPV-BS
kde,,,3.708386152636186,0.479062530454043,b,RRPV-BS
kde,,,3.7120245001036642,0.4737952163437935,b,RRPV-BS
kde,,,3.7156628475711426,0.468527902233544,b,RRPV-BS
kde,,,3.71930119503862,0.4632605881232945,b,RRPV-BS
kde,,,3.7229395425060985,0.4566764454854828,b,RRPV-BS
kde,,,3.726577889973577,0.4500923028476709,b,RRPV-BS
kde,,,3.7302162374410552,0.4448249887374216,b,RRPV-BS
kde,,,3.7338545849085336,0.43824084609960967,b,RRPV-BS
kde,,,3.737492932376011,0.43297353198936017,b,RRPV-BS
kde,,,3.7411312798434895,0.4277062178791109,b,RRPV-BS
kde,,,3.744769627310968,0.4224389037688614,b,RRPV-BS
kde,,,3.7484079747784462,0.41453793260348726,b,RRPV-BS
kde,,,3.7520463222459237,0.40927061849323776,b,RRPV-BS
kde,,,3.755684669713402,0.40400330438298826,b,RRPV-BS
kde,,,3.7593230171808805,0.3961023332176141,b,RRPV-BS
kde,,,3.762961364648359,0.3908350191073646,b,RRPV-BS
kde,,,3.766599712115837,0.3855677049971151,b,RRPV-BS
kde,,,3.7702380595833147,0.377666733831741,b,RRPV-BS
kde,,,3.773876407050793,0.3723994197214917,b,RRPV-BS
kde,,,3.7775147545182715,0.3671321056112422,b,RRPV-BS
kde,,,3.78115310198575,0.35923113444586807,b,RRPV-BS
kde,,,3.7847914494532273,0.3539638203356186,b,RRPV-BS
kde,,,3.7884297969207057,0.3486965062253691,b,RRPV-BS
kde,,,3.792068144388184,0.3434291921151196,b,RRPV-BS
kde,,,3.7957064918556624,0.33552822094974544,b,RRPV-BS
kde,,,3.79934483932314,0.33026090683949594,b,RRPV-BS
kde,,,3.8029831867906183,0.32367676420168423,b,RRPV-BS
kde,,,3.8066215342580967,0.3170926215638723,b,RRPV-BS
kde,,,3.810259881725575,0.311825307453623,b,RRPV-BS
kde,,,3.8138982291930534,0.3052411648158111,b,RRPV-BS
kde,,,3.817536576660531,0.2999738507055616,b,RRPV-BS
kde,,,3.8211749241280093,0.2933897080677499,b,RRPV-BS
kde,,,3.8248132715954877,0.2881223939575004,b,RRPV-BS
kde,,,3.828451619062966,0.2815382513196887,b,RRPV-BS
kde,,,3.8320899665304435,0.2762709372094392,b,RRPV-BS
kde,,,3.835728313997922,0.2710036230991897,b,RRPV-BS
kde,,,3.8393666614654003,0.264419480461378,b,RRPV-BS
kde,,,3.8430050089328787,0.2591521663511285,b,RRPV-BS
kde,,,3.846643356400357,0.25256802371331655,b,RRPV-BS
kde,,,3.8502817038678345,0.24730070960306727,b,RRPV-BS
kde,,,3.853920051335313,0.24203339549281777,b,RRPV-BS
kde,,,3.8575583988027913,0.23676608138256827,b,RRPV-BS
kde,,,3.8611967462702697,0.23149876727231877,b,RRPV-BS
kde,,,3.864835093737747,0.22623145316206927,b,RRPV-BS
kde,,,3.8684734412052255,0.22096413905182,b,RRPV-BS
kde,,,3.872111788672704,0.21701365346913293,b,RRPV-BS
kde,,,3.8757501361401823,0.21174633935888343,b,RRPV-BS
kde,,,3.8793884836076598,0.20647902524863393,b,RRPV-BS
kde,,,3.883026831075138,0.20121171113838443,b,RRPV-BS
kde,,,3.8866651785426165,0.19594439702813493,b,RRPV-BS
kde,,,3.890303526010095,0.19067708291788565,b,RRPV-BS
kde,,,3.8939418734775733,0.18540976880763615,b,RRPV-BS
kde,,,3.8975802209450507,0.18277611175251152,b,RRPV-BS
kde,,,3.901218568412529,0.17750879764226202,b,RRPV-BS
kde,,,3.9048569158800075,0.17224148353201252,b,RRPV-BS
kde,,,3.908495263347486,0.16829099794932545,b,RRPV-BS
kde,,,3.9121336108149634,0.16434051236663838,b,RRPV-BS
kde,,,3.9157719582824417,0.1603900267839513,b,RRPV-BS
kde,,,3.91941030574992,0.1551227126737018,b,RRPV-BS
kde,,,3.9230486532173985,0.15248905561857717,b,RRPV-BS
kde,,,3.926687000684877,0.14722174150832767,b,RRPV-BS
kde,,,3.9303253481523543,0.14458808445320281,b,RRPV-BS
kde,,,3.9339636956198327,0.13932077034295354,b,RRPV-BS
kde,,,3.937602043087311,0.13668711328782868,b,RRPV-BS
kde,,,3.9412403905547895,0.13141979917757918,b,RRPV-BS
kde,,,3.944878738022267,0.12878614212245454,b,RRPV-BS
kde,,,3.9485170854897453,0.12483565653976747,b,RRPV-BS
kde,,,3.9521554329572237,0.12220199948464283,b,RRPV-BS
kde,,,3.955793780424702,0.1208851709570804,b,RRPV-BS
kde,,,3.9594321278921796,0.11956834242951797,b,RRPV-BS
